Gender Pay Gap,Poverty,Unemployment,Uninsured Women,WIC Shortfall,Voter Abstainment,Inadequate Prenatal Care,No Cancer Screen,Maternity Care Desert,Maternity Practices Score,No Postpartum Visit,No Preventative,Patients Per Doctor,Unintended Pregnancy,Maternal Mortality,Postpartum Depression,Smoking During Pregnancy
0.261836361259848,-1.0970561842179753,1.8806489844488559,0.7946237748319581,-0.5281123806264639,0.3321469807825558,1.5814603481673282,-1.5039305213636684,0.32341613797264535,-0.4486112422121125,0.42620477796244405,0.4825182625848278,-2.369548330430422,-0.3049807846186805,0.07883353969868095,0.7346124715735791,0.946879217100014
-0.6521725443461692,-1.3307335964071791,0.9108981769609827,1.1260505759405925,-0.05577323105743571,0.3321469807825558,1.524015769607007,-0.900232570166643,0.32341613797264535,-0.35488171696567566,0.7003608062705665,0.4825182625848278,-2.369548330430422,0.001795513450236452,0.07883353969868095,-0.268542446792169,0.8194466717910596
-0.7483840080941725,-1.0191637134882403,1.3957735807049196,1.0155749755710477,0.4165659185115933,0.3321469807825558,2.0410169766499084,-0.2965346189696175,0.32341613797264535,-0.26115219171923876,1.9928106540088475,1.0052614121066332,-2.4551598245390767,-0.38757440332954257,0.07883353969868095,0.3487836568175223,0.6155545992967326
-0.8445954718421756,-0.707593830569302,1.8806489844488559,0.9050993752015029,-0.12844079252959323,0.15231849336671635,1.9261278195292646,0.307163332227408,0.32341613797264535,-0.26115219171923876,1.836150066404205,1.6275746853468795,-2.4775383867721343,-0.6274892005372854,0.07883353969868095,0.6188638271467618,0.3097164905552416
-0.4116438849761645,-1.0191637134882403,-0.05885263052689037,0.5957676941667773,-0.40699977817286687,0.3121660377363512,2.1750543266239943,0.9108612834244335,0.32341613797264535,-0.26115219171923876,1.6794894787995687,0.5571958553736576,-2.49153233793206,-0.8674039977450282,0.07883353969868095,0.8889439974760013,0.10582441806091447
-0.604066812472171,-0.8244325366639036,0.10277250405442194,0.6399579343145955,-0.40699977817286687,0.3121660377363512,1.9261278195292646,0.9108612834244335,0.32341613797264535,-0.26115219171923876,1.5228288911949248,0.5571958553736576,-2.51896154638431,-1.1073187949527705,-0.11777540870646266,1.1590241678052413,-0.12355416349520347
-1.1091769971491796,1.6291802913227373,0.021959936763766143,0.17596041276250707,0.1380069328683197,2.3302412854029813,0.7963844411762565,-1.7543533751935456,1.5735961671106022,2.17581546468812,0.504535071764766,-0.6376456292476156,2.6508307508604427,0.8631289657206562,1.8352068121179637,2.3936763750246235,1.8134205252009046
0.33399495907084875,1.4733953498632686,0.10277250405442194,0.4852920937972326,1.0524070813929776,2.3302412854029813,0.5474579340815267,-0.9292995085576112,1.5735961671106022,1.6134383132094987,0.504535071764766,-0.4385053818107366,2.6508307508604427,0.8631289657206562,1.8352068121179637,2.3936763750246235,1.456609398335832
-0.18314165857466275,1.4928684675457027,0.3856164895717186,0.41900673357550594,1.9668072299176347,2.3302412854029813,0.9878663697106644,-0.10424564192167682,1.5735961671106022,1.0510611617308774,0.7003608062705665,-0.36382778902190865,2.48496132563863,0.6625444631371342,1.8352068121179637,3.975574515524455,1.3291768530268775
-0.7002782762201708,1.5123415852281352,0.6684604750890146,0.3527213733537789,2.1363648733526714,2.190374684079551,0.9112735982969002,0.7208082247142589,1.5735961671106022,0.9573316364844405,1.170342569084488,-0.36382778902190865,2.4389639220056902,0.4973572257154092,1.8352068121179637,2.6251736638782566,0.7939601627292687
0.045360567826843265,1.823911468147074,-0.13966519781754616,0.2422457729842341,1.3854667381403694,2.3102603423567767,0.6431988983487307,1.5458620913501933,1.5735961671106022,0.8636021112380037,1.7186546257007314,-0.4385053818107366,2.6266580254206375,0.4973572257154092,1.8352068121179637,1.4869786603478894,0.3861760177406145
-0.2913795552911613,1.4733953498632686,-0.3821028996895143,0.26434089305814296,1.3854667381403694,2.3102603423567767,0.4708651626677631,1.5458620913501933,1.5735961671106022,0.8636021112380037,2.26696668231697,-0.06511741786658881,2.48496132563863,0.4973572257154092,1.4419889153076766,0.3487836568175223,0.003878381813751021
-0.7483840080941725,-0.006561594001689922,0.5876479077983588,0.9050993752015029,-0.007328190075996215,-1.086499975497948,1.102755526831308,-1.3787190944487306,-0.8731847470593991,0.67614306074513,1.9144803602065257,0.7314435718809263,0.6026145644381192,0.11978639732289674,0.7473039642761694,0.31020077534191615,-0.4548787812984853
-0.6521725443461692,-0.04550782936655711,0.34521020592639,0.9713847354232299,-0.08605138167083497,-1.086499975497948,1.3899784196329201,-0.6185068596080319,-0.8731847470593991,0.582413535498693,1.9144803602065257,0.7314435718809263,0.6026145644381192,0.11978639732289674,0.7473039642761694,0.31020077534191615,-0.5058517994220669
-0.6641989773146721,-0.10392718241385823,0.628054191443686,0.7835762147950034,-0.16477457326567285,-0.7867858298048828,1.4665711910466843,0.14170537523266755,-0.8731847470593991,0.4886840102522562,1.9144803602065257,0.7314435718809263,0.5778891160225827,0.11978639732289674,0.7473039642761694,0.31020077534191615,-0.6842573628546033
-0.6762254102831717,-0.16234653546115935,0.9108981769609827,0.5957676941667773,-0.27377591547391,-0.7867858298048828,0.9878663697106644,0.9019176100733663,-0.8731847470593991,0.582413535498693,1.2878380097879616,1.7271448090653205,0.5291429825667752,0.0548914111929335,0.7473039642761694,-0.0756280394141406,-0.786203399101767
-1.4459171202671874,-0.12340030009629217,-0.30129033239885844,0.7504335346841403,-0.6613362433254207,-0.7867858298048828,0.949569984003783,1.6621298449140651,-0.8731847470593991,0.67614306074513,0.6611956593694024,1.5777896234876627,0.7168936382109096,-0.010003574937029745,0.7473039642761694,-0.46145685417019733,-0.9646089625343032
-0.7483840080941725,0.032384641363177265,-0.30129033239885844,0.5294823339450507,-0.6613362433254207,0.2322422655515345,0.8346808268831386,1.6621298449140651,-0.8731847470593991,0.67614306074513,0.896186540776367,1.5777896234876627,0.78259856425096,-0.010003574937029745,0.7997330171842075,-0.268542446792169,-1.0665549987814666
-1.7826572433851915,-0.12340030009629217,0.7492730423796704,-0.3101322288634899,-1.9330185690881894,0.2921850946901467,-0.4099517085905131,-1.2177329741295226,-0.8731847470593991,-1.0109883936907338,1.0136819814798455,0.831013695599368,0.4577361758299906,0.36756725345548313,-1.8086123649906976,0.04012060501267669,-1.2959335803375849
-1.7104986455741913,-0.4349701830152304,0.34521020592639,-0.19965662849394508,-1.848239747370671,0.2921850946901467,-0.3908035157370727,-0.5760244111904627,-0.8731847470593991,-1.1047179189371705,1.0136819814798455,0.831013695599368,0.4577361758299906,0.36756725345548313,-1.8086123649906976,0.04012060501267669,-1.3469065984611668
-1.686445779637192,-0.25971212387332765,1.6382112825768878,-0.3211797889004445,-1.7634609256531528,0.3321469807825558,0.4134205841074406,0.06568415174859754,-0.8731847470593991,-1.1984474441836075,1.0136819814798455,1.6524672162764915,0.2658973936170872,0.36756725345548313,-1.8086123649906976,0.04012060501267669,-1.3723931075229576
-1.6623929137001892,-0.08445406473142429,2.9312123592273855,-0.4427029493069436,-2.0177973908057076,0.3321469807825558,0.4708651626677631,0.7073927146876577,-0.8731847470593991,-1.1984474441836075,1.0136819814798455,1.7022522781357121,0.149405246228076,0.36756725345548313,-1.8086123649906976,0.04012060501267669,-1.4233661256465393
-1.8788687071331958,-0.16234653546115935,0.5068353405077023,-0.6415590299721243,-2.441691499393297,0.3321469807825558,0.5474579340815267,1.3491012776267186,-0.8731847470593991,-1.1984474441836075,1.0136819814798455,0.4078406697959989,0.4931869607783233,0.36756725345548313,-1.8086123649906976,0.04012060501267669,-1.4488526347083301
-1.6142871818261881,-0.20129277082602653,0.6684604750890146,-0.6415590299721243,-2.441691499393297,0.3721088668749634,0.4134205841074406,1.3491012776267186,-0.8731847470593991,-1.1984474441836075,1.0136819814798455,0.4078406697959989,0.3655913003167754,0.36756725345548313,-1.861041417898736,0.04012060501267669,-1.4743391437701212
-0.435696750913167,-1.0970561842179753,-0.5437280342708266,-0.33222734893739875,0.21067449434047805,-0.5869763993428402,1.524015769607007,-1.2624513408848577,-0.587429311827866,-0.82352934319786,-0.5529238945665582,1.3288643141915641,-1.0625415317096287,0.01359460183750223,-1.087712887505171,-0.6929541430238313,-0.12355416349520347
0.11751916563784313,-1.1749486549477097,-0.7861657361427946,0.06548481239296226,0.40445465826623345,-0.5869763993428402,1.3516820339260414,-0.7481901231985028,-0.587429311827866,-0.82352934319786,-0.27876786625843575,1.3288643141915641,-1.0625415317096287,-0.44656984526587273,-1.087712887505171,-0.3842910912189856,-0.3274462359895308
-0.2553002563856626,-1.0775830665355413,-0.13966519781754616,-0.033943227939627896,0.5982348221919889,-0.9066714880821085,1.8303868552620606,-0.23392890551214796,-0.587429311827866,-0.82352934319786,0.6220305124682445,1.4284344379100016,-1.1459037904315594,-0.3049807846186805,-1.087712887505171,-0.5000397356458028,-0.4293922722366943
-0.62811967840917,-0.980217478123373,0.5068353405077023,-0.13337126827221807,0.6345686029280676,-0.9066714880821085,1.198496491098512,0.2803323121742065,-0.587429311827866,-0.9172588684442968,-0.8270799228746799,1.3537568451211726,-1.2253766747185628,-0.6471543478493952,-1.087712887505171,-0.577205498597014,-0.6842573628546033
0.11751916563784313,-1.2138948903125768,-0.947790870724107,-0.4206078292330347,0.5013447402291107,-0.9066714880821085,0.9304217911503426,0.7945935298605615,-0.587429311827866,-1.0109883936907338,-0.592089041467716,1.0301539430362452,-1.135019644617599,-0.48196711042767093,-1.087712887505171,-0.15279380236535167,-0.8371764172253486
-0.5319082146611669,-1.0970561842179753,-0.7053531688521388,-0.6415590299721243,0.5013447402291107,-1.1464428046365602,1.294237455365716,0.7945935298605615,-0.587429311827866,-1.0109883936907338,-0.7487496290723586,1.0301539430362452,-1.178144209735372,0.6861426399116658,-0.9566402552350752,-1.4260288910603391,-0.8626629262871396
-0.7483840080941725,-0.7465400659341692,0.7492730423796704,-0.7520346303416691,0.17434071360439932,-0.06747188014152931,-1.3482131584091133,-1.6291419482786076,-0.8910444617613698,-0.82352934319786,-1.688713154700203,-1.0857111859805924,-1.345098345080754,-0.43477075687860695,-1.1401419404132094,-0.46145685417019733,-0.6077978356692306
-0.6762254102831717,-0.8244325366639036,0.5068353405077023,-0.7078443901938511,0.3923433980208736,-0.06747188014152931,-1.5779914726504034,-0.9919052220150805,-0.8910444617613698,-1.0109883936907338,-2.0020343299094825,-1.0857111859805924,-1.345098345080754,-0.45836893365313897,-1.1401419404132094,-0.6929541430238313,-0.7097438719163942
-0.604066812472171,-0.8049594189814704,1.072523311542295,-0.774129750415578,0.6103460824373479,0.3721088668749634,-1.4822505083831994,-0.3546684957515538,-0.8910444617613698,-1.1984474441836075,-0.8270799228746799,-1.035926124121371,-1.4339370019572655,-0.4937661988149371,-1.1401419404132094,-0.9630343133530707,-0.786203399101767
-0.5319082146611669,-0.7854863012990364,1.6382112825768878,-0.840415110637305,0.6103460824373479,0.3721088668749634,-1.5588432797969605,0.2825682305119731,-0.8910444617613698,-1.1984474441836075,-1.8845388892060033,-0.7621082838956649,-1.5222855693296122,-1.0837206181782386,-1.1401419404132094,-0.3842910912189856,-1.015581980657885
-1.0610712652751775,-0.7854863012990364,0.021959936763766143,-0.9067004708590318,0.34389835703943494,0.3721088668749634,-1.2333240012884668,0.9198049567755,-0.8910444617613698,-1.1984474441836075,-1.5908002874473028,-1.483991680854352,-1.1295514497606656,-0.9834283668864772,-1.1401419404132094,-1.0209086355664794,-1.1175280169050485
-0.9167540696531769,-0.5518088891098326,-0.05885263052689037,-0.6636541500460331,0.34389835703943494,0.392089809921168,-1.4439541226763175,0.9198049567755,-0.8910444617613698,-1.1984474441836075,-1.2970616856886021,-1.483991680854352,-1.162100641333792,-0.8831361155947157,-1.061498361051152,-1.657526179913973,-1.1685010350286305
-0.9167540696531769,0.032384641363177265,0.9108981769609827,-0.6636541500460331,0.44078843900231224,0.03243283508949196,0.949569984003783,-1.5397052147679369,-0.8910444617613698,-0.4486112422121125,0.9353516876775234,-0.986141062262155,-0.37406479392126835,0.5563526676517393,-0.7076022539218936,0.07870348648828222,0.5900680902349413
-0.5319082146611669,-0.5518088891098326,-0.05885263052689037,-0.48689318945476173,0.7859593559950638,0.03243283508949196,0.22193865557303263,-0.7839648166027717,-0.8910444617613698,-0.5423407674585494,-0.043776984851478844,-0.986141062262155,-0.37406479392126835,0.7687362586225284,-0.7076022539218936,-0.9630343133530707,0.6410411083585235
-0.8085161729366737,-0.47391641838009757,0.34521020592639,-0.6636541500460336,1.1311302729878154,-0.20733848146495965,-0.2567661657629873,-0.028224418437606175,-0.8910444617613698,-0.6360702927049863,0.8178562469740449,-0.36382778902190865,-0.37406479392126835,0.6625444631371342,-0.7076022539218936,-0.8858685504018596,0.15679743618449632
-1.0851241312121804,-0.3960239476503632,0.7492730423796704,-0.840415110637305,0.3560096172847948,-0.20733848146495965,-0.2567661657629873,0.7275159797275588,-0.8910444617613698,-1.4796360199229182,0.9353516876775234,-0.36382778902190865,-0.46195072699790013,0.3439690766809511,-0.7076022539218936,-1.233114483682311,-0.3019597269277398
-0.48380248278716864,-1.3307335964071791,-0.30129033239885844,-0.5973687898243065,-0.7097812843068594,-0.20733848146495965,-0.02698785152169718,1.4832563778927244,-0.8910444617613698,-2.3232017471408497,0.42620477796244405,-0.7621082838956649,0.08820724176261954,-0.10439628203515806,-0.7076022539218936,-0.9630343133530707,-0.8116899081635577
-1.4940228521411856,-0.7854863012990364,-0.947790870724107,-0.33222734893739875,-0.7097812843068594,-0.4071479119270022,-0.3716553228836303,1.4832563778927244,-0.8910444617613698,-2.3232017471408497,0.4653699248636019,-0.7621082838956649,0.06816037924873816,-0.10439628203515806,-0.7076022539218936,-0.8858685504018596,-0.8881494353489305
-1.0851241312121804,0.1881695828226467,0.5068353405077023,1.9214748986013153,-0.49177859989038425,0.5119754681983938,1.0644591411244295,-1.3340007276933954,-0.7303070294436325,-0.07369314122636503,0.3087093372589656,-0.3389352580922967,0.8093416218672606,1.6536678876674806,-0.026024566117395273,0.04012060501267669,-0.48036529036027614
-0.604066812472171,-0.08445406473142429,-0.13966519781754616,1.9214748986013153,-0.11632953228423422,0.5119754681983938,1.0644591411244295,-0.6811125730655014,-0.7303070294436325,-0.07369314122636503,0.3087093372589656,0.1340228295702884,0.8093416218672606,1.6536678876674806,-0.026024566117395273,0.04012060501267669,-0.5823113266074398
-0.5679875135666689,0.07133087672804445,0.3048039222810621,1.722618817936135,0.25911953532191667,0.8716324430300698,1.715497698141414,-0.028224418437607444,-0.7303070294436325,-0.07369314122636503,0.3087093372589656,0.08423776771107243,0.6026145644381192,1.158106175402307,-0.026024566117395273,1.0818584048540296,-0.6842573628546033
-0.5319082146611669,0.2271158181875139,0.7492730423796704,1.523762737270954,0.2712307955672766,0.8716324430300698,2.289943483744638,0.6246637361902878,-0.7303070294436325,-0.26115219171923876,0.29565428829191226,0.08423776771107243,0.4460296860962728,1.158106175402307,-0.026024566117395273,0.464532301244339,-0.8881494353489305
-1.0610712652751775,0.11027711209291233,-0.5437280342708266,1.0597652157188655,-0.11632953228423422,0.8716324430300698,2.34738806230496,1.2775518908181818,-0.7303070294436325,-0.4486112422121125,0.2825992393248541,0.059345236781460455,0.7168936382109096,1.158106175402307,-0.026024566117395273,-0.15279380236535167,-1.0410684897196758
-1.1332298630861786,0.032384641363177265,-0.4629154669801708,1.1039554558666835,-0.11632953228423422,1.0514609304459077,2.0410169766499084,1.2775518908181818,-0.7303070294436325,-0.4486112422121125,0.26954419035780147,0.5074107935144362,0.6782417917433402,1.158106175402307,0.026404486790642837,-0.7701199059750423,-1.1685010350286305
0.045360567826843265,0.4607932303767177,0.18358507134507845,2.0540456190447687,0.5134560004744706,-0.20733848146495965,0.4134205841074406,-1.6738603150339428,-0.01591844136479996,1.4259792627166248,0.11288360275316513,0.009560174922239153,0.018792838549486848,1.2289007057259034,1.0225564920433707,0.2716178938663106,-0.5058517994220669
0.045360567826843265,0.14922334745777951,0.10277250405442194,1.9435700186752238,1.0766296018836965,-0.20733848146495965,0.18364226986615118,-1.1059370572411844,-0.01591844136479996,1.238520212223751,-0.5529238945665582,0.6567659790920974,0.018792838549486848,0.5327544908772077,1.0225564920433707,0.6188638271467618,-0.5568248175456487
-0.2312473904486601,0.26606205355238105,0.3856164895717186,1.7889041781578612,1.6398032032929224,-0.20733848146495965,0.3559760055471187,-0.538013799448428,-0.01591844136479996,1.0510611617308774,0.34787448416012207,0.33316307700717096,-0.06746063821939224,-0.11619537042242384,1.0225564920433707,-1.657526179913973,-0.5568248175456487
-0.5078553487241677,0.38290075964698334,0.6684604750890146,1.6342383376404988,1.2764653959321315,-0.30724319669598094,0.12619769130582864,0.02990945834432949,-0.01591844136479996,0.7698725859915668,-0.23960271935727928,0.33316307700717096,-0.11398740992044767,-0.02180266332429594,1.0225564920433707,-0.9244514318774651,-0.735230380978185
-0.1711152256061589,0.14922334745777951,-0.3821028996895143,1.4574773770492269,1.2280203549506927,-0.14739565232634746,0.3559760055471187,0.597832716137087,-0.01591844136479996,0.4886840102522562,0.034553308950843145,0.38294813886638696,0.149405246228076,-1.0778210739846055,1.0225564920433707,-0.8279942281884509,-0.9136359444107214
-0.48380248278716864,0.4607932303767177,-0.22047776510820194,1.214431056236228,1.2280203549506927,-0.14739565232634746,0.20279046271959358,0.597832716137087,-0.01591844136479996,0.4886840102522562,0.3087093372589656,0.6816585100217067,0.03841272811494058,-2.133839484644915,0.7997330171842075,-0.7315370244994368,-1.0665549987814666
-0.3154324212281638,-1.3696798317720462,-0.6245406015614827,-1.2381272719676661,-0.5765574216079025,1.151365645676929,2.3090916765980807,-1.566536234821138,-0.8910444617613698,2.3632745151809935,-1.1404010980839596,-1.0857111859805924,-0.7185352693135141,-0.5999579943003313,-1.0746056242781612,-0.6929541430238313,-0.8626629262871396
-1.5421285840151868,-1.2917873610423118,-0.6245406015614827,-0.9508907110068497,-0.5765574216079025,1.151365645676929,2.4814254122790462,-0.7884366532783049,-0.8910444617613698,1.7071678384559354,-1.1404010980839596,-1.0857111859805924,-0.7185352693135141,-0.5999579943003313,-1.0746056242781612,-0.6929541430238313,-1.0665549987814666
-0.5679875135666689,-0.8049594189814704,0.9108981769609827,-1.1607943517089847,-0.5765574216079025,1.151365645676929,3.132463969296034,-0.01033707173547183,-0.8910444617613698,1.0510611617308774,-0.1612724255549573,-0.5380755055291739,-0.8829480549433429,-0.2695835194568823,-1.0746056242781612,0.31020077534191615,-1.1430145259668394
0.40615355688185034,-0.3181314769206288,2.4463369554834484,-1.37069799241112,-0.6855587638161397,0.5519373542908015,2.7303519193737773,0.7677625098073607,-0.8910444617613698,1.0510611617308774,0.5437002186659224,-0.5380755055291739,-1.2201940193361918,-0.5999579943003313,-1.0746056242781612,0.5802809456711563,-1.1939875440904213
-0.435696750913167,-0.7465400659341692,-0.8669783034334508,-1.348602872337211,-1.3516780773109232,1.131384702630726,2.615462762253132,1.5458620913501933,-0.8910444617613698,1.0510611617308774,-0.9054102166770012,0.1589153604999004,-1.0222268464135231,-0.7887434084965879,-1.0746056242781612,0.04012060501267669,-1.2959335803375849
-1.590234315889189,-0.8633787720287708,-0.947790870724107,-1.4811735927806646,-1.3516780773109232,1.131384702630726,2.7303519193737773,1.5458620913501933,-0.8910444617613698,1.0510611617308774,-0.7487496290723586,0.1589153604999004,-1.0682257334987029,-0.45836893365313897,-1.0090693081431135,-0.5386226171214085,-1.3723931075229576
0.4783121546928502,-0.47391641838009757,-0.7053531688521388,-0.8625102307112139,-0.758226325288298,-1.026557146359333,-1.692880629771047,-1.5575925614700716,0.9127867231376822,1.6134383132094987,-1.2970616856886021,-1.259958902487862,1.1373352660097413,-0.4701680220404047,-0.6289586745598359,-1.0402000763042825,1.3291768530268775
0.5504707525038552,-0.3960239476503632,-0.7861657361427946,-1.0171760712285767,-0.40699977817286687,-1.026557146359333,-1.7694734011848112,-0.9494227735975128,0.9127867231376822,1.332249737470188,-1.2970616856886021,-1.0857111859805924,1.1373352660097413,-0.4701680220404047,-0.6027441481058168,-1.0402000763042825,1.1762577986561322
0.3821006909448504,-0.4154970653327971,-0.8265720197881229,-1.0503187513394399,-0.05577323105743571,-1.026557146359333,-1.4248059298228748,-0.341252985724954,0.9127867231376822,1.0510611617308774,-0.4745936007642369,-1.0857111859805924,0.9899265433099785,-0.9067342923692482,-0.6027441481058168,-1.9276063502432126,0.9978522352235961
0.2137306293858464,-0.4349701830152304,-0.8669783034334508,-1.0834614314503035,-0.516001120381104,-0.24730036755736873,-1.5779914726504034,0.26691680214760605,0.9127867231376822,1.238520212223751,-0.592089041467716,-0.9612485313325431,0.933079692299608,-0.9067342923692482,-0.6027441481058168,-1.6060823379464984,0.5900680902349413
-0.0027451640471592154,-0.4349701830152304,-1.4326662744680436,-1.1939370318198483,-0.46755607939966537,-0.36718602583459314,-1.5779914726504034,0.8750865900201649,0.9127867231376822,1.4259792627166248,-0.7095844821712007,-0.9612485313325431,1.2452752033362353,-0.9067342923692482,-0.6027441481058168,-1.2845583256497848,0.08033790899912367
-0.1711152256061589,-0.357077712285496,-1.5134788417586997,-0.8183199905633959,-0.46755607939966537,-0.36718602583459314,-1.4248059298228748,0.8750865900201649,0.9127867231376822,1.4259792627166248,-0.8270799228746799,-0.8865709385437142,1.122242489627219,-0.9067342923692482,-0.6027441481058168,-0.9630343133530707,-0.1745271816187853
-0.07490376185815908,-0.16234653546115935,0.830085609670327,-0.19965662849394508,0.5982348221919889,-0.14739565232634746,-0.23761797290954756,-1.360831747746596,-0.3909724501061871,0.11376590926650872,-1.1404010980839596,-0.6874306911068352,-0.36588754022991865,0.32037089990641915,-0.8124603597379697,-1.233114483682311,-0.09806765443341266
0.5745236184408534,-0.2791852415557609,0.10277250405442194,-0.19965662849394508,1.191686574214614,-0.14739565232634746,-0.4099517085905131,-0.609563186256964,-0.3909724501061871,-0.07369314122636503,-1.4928874201944025,-0.6874306911068352,-0.36588754022991865,0.4029645186172813,-0.8124603597379697,-0.8087027874506478,-0.276473217865949
0.3460213920393492,-0.14287341777872542,1.1533358788329509,-0.2548944286787175,1.7851383262372391,-0.06747188014152931,-0.3333589371767515,0.14170537523266755,-0.3909724501061871,-0.26115219171923876,-0.5137587476654003,-0.6376456292476156,-0.47753431062915025,-0.0571999284860937,-0.8124603597379697,-1.0016171948286763,-0.3274462359895308
0.11751916563784313,-0.006561594001689922,2.2038992536114805,-0.3101322288634899,1.8578058877093968,-0.06747188014152931,-0.6780264085386847,0.8929739367222992,-0.3909724501061871,-0.07369314122636503,-1.2187313918862808,-0.6625381601772232,-0.5685981568765692,-0.0689990168733599,-0.8124603597379697,-0.3842910912189856,-0.5058517994220669
-0.07490376185815908,-0.04550782936655711,0.10277250405442194,-0.48689318945476173,1.4339117791218081,-0.06747188014152931,-0.31421074432330914,1.6442424982119308,-0.3909724501061871,0.11376590926650872,-1.1012359511828016,-0.8865709385437142,-0.2130243150382716,-0.0689990168733599,-0.8124603597379697,-0.3842910912189856,-0.7097438719163942
-0.14706235966916067,-0.08445406473142429,0.021959936763766143,-0.6194639098982154,1.4339117791218081,0.19228037945912543,-0.2759143586164263,1.6442424982119308,-0.3909724501061871,0.11376590926650872,-0.983740510479317,-0.8865709385437142,-0.2823195983143256,-0.0689990168733599,-0.563422358424788,-0.3842910912189856,-0.8626629262871396
1.2961095965508675,0.032384641363177265,-0.13966519781754616,0.1538652926885982,-0.8551164072511753,0.9515562152148865,-0.2567661657629873,-1.5307615414168692,0.1090995615489956,0.4886840102522562,-0.9445753635781591,-0.6625381601772232,0.6910625839539879,-2.47601304787563,0.8652693333192554,0.07870348648828222,1.5840419436447866
1.1036866690548646,-0.24023900619089372,-0.3821028996895143,0.2201506529103252,-0.6795031336934602,0.9515562152148865,-0.35250713003019124,-0.8912888968155752,0.1090995615489956,0.020036384020071844,-0.9445753635781591,-0.6625381601772232,0.6910625839539879,-2.47601304787563,0.8652693333192554,0.07870348648828222,1.3546633620886683
0.8150522778108582,-0.20129277082602653,-0.18007148146287405,0.010247012208189864,-0.5038898601357441,1.6908511079244446,-0.19932158720266474,-0.2518162522142823,0.1090995615489956,-0.4486112422121125,-0.9445753635781591,-0.2144726034442474,0.6026145644381192,-2.47601304787563,0.8652693333192554,0.07870348648828222,1.1507712895943414
0.5264178865668527,-0.16234653546115935,0.021959936763766143,-0.19965662849394508,-1.3153442965748445,1.6908511079244446,-0.6588782156852422,0.3876563923870113,0.1090995615489956,-0.4486112422121125,-0.9445753635781591,-0.4385053818107366,0.4112361516440865,-2.47601304787563,0.8652693333192554,0.07870348648828222,0.6665276174203143
0.7909994118738599,0.14922334745777951,-0.8669783034334508,-0.3985127091591258,-1.157897913385168,1.6908511079244446,-0.4865444800042767,1.0271290369883048,0.1090995615489956,-0.4486112422121125,-0.9445753635781591,-1.035926124121371,0.6782417917433402,-2.47601304787563,0.8652693333192554,0.07870348648828222,0.05485139993733264
0.4542592887558511,0.032384641363177265,-0.8669783034334508,-0.5752736697503973,-1.157897913385168,1.7308129940168535,-0.4865444800042767,1.0271290369883048,0.1090995615489956,-0.4486112422121125,-0.9445753635781591,-1.035926124121371,0.6150668736039142,-2.47601304787563,0.9308056494543033,0.07870348648828222,-0.276473217865949
0.4783121546928502,-0.16234653546115935,-0.6245406015614827,0.5515774540189596,0.5497897812105493,-0.26728131060357185,-1.3673613512625529,-1.369775421097663,0.35913556737658703,0.30122495975938246,-0.20043757245611515,0.35805560793677854,0.91904971500421,-0.03360175171156172,-0.19641898806851985,0.6960295900979728,0.7939601627292687
0.28588922719684795,-0.357077712285496,-0.7053531688521388,0.7725286547580492,0.6830136439095063,-0.26728131060357185,-1.4439541226763175,-0.884581141802276,0.35913556737658703,-0.07369314122636503,-0.9445753635781591,0.23359295328872925,0.91904971500421,0.32037089990641915,-0.15709719838749103,0.23303501239070507,0.5390950721113598
0.17765133048034432,-0.24023900619089372,-0.4629154669801708,0.6178628142406862,0.8162375066084632,-0.527033570204228,-1.3099167727022312,-0.3993868625068887,0.35913556737658703,-0.4486112422121125,0.19121389655548574,0.18380789142950973,0.7561209464124887,0.544553579264474,-0.15709719838749103,0.5416980641955507,0.4626355449259869
0.06941343376384579,-0.12340030009629217,-0.22047776510820194,0.4631969737233237,0.6587911234187873,-0.527033570204228,-1.4631023155297564,0.08580741678849851,0.35913556737658703,-0.35488171696567566,-0.6312541883688795,-0.04022488693697684,0.6150668736039142,-0.29318169623141427,-0.15709719838749103,0.8503611160003957,0.1313109271227055
0.8631580096848598,0.032384641363177265,-0.8669783034334508,0.2201506529103252,0.5013447402291107,-0.527033570204228,-1.2524721941419092,0.5710016960838854,0.35913556737658703,-0.26115219171923876,-0.7879147759735164,-0.04022488693697684,0.933079692299608,0.10798730893563055,-0.15709719838749103,-0.3842910912189856,-0.22550019974236715
0.3821006909448504,-0.3181314769206288,-1.1094160053054192,0.021294572245144503,0.5013447402291107,-1.026557146359333,-1.2716203869953489,0.5710016960838854,0.35913556737658703,-0.26115219171923876,-0.35709816006075773,-0.31404272716268733,0.6654835399824995,0.10798730893563055,-0.15709719838749103,1.3133556937076643,-0.37841925411311245
0.5023650206298528,1.5123415852281352,0.5876479077983588,-0.7299395102677602,-0.637113722834701,-0.24730036755736873,-0.7737673728058886,-1.77224072189568,1.895071031746077,2.3632745151809935,0.6220305124682445,0.009560174922239153,0.5778891160225827,0.33216998829368494,1.35023807271861,0.4259494197687334,2.7309348514253773
0.43020642281885285,1.4344491144984008,0.10277250405442194,-0.3985127091591258,-0.42516666854090623,-0.24730036755736873,-0.8312119513662112,-1.0656905271613841,1.895071031746077,1.8946268889488092,0.34787448416012207,0.009560174922239153,0.5778891160225827,0.5799508444262718,1.35023807271861,0.3873665382931279,2.272177688313141
0.3941271239133499,1.531814702910569,0.34521020592639,-0.6415590299721243,-0.21321961424711147,-0.08745282318773386,-0.42909990144395554,-0.3591403324270871,1.895071031746077,1.4259792627166248,1.6011591849972466,0.03445270585185113,0.5291429825667752,0.6743435515243996,1.35023807271861,0.3873665382931279,2.1447451430041866
0.3580478250078478,1.6291802913227373,0.5876479077983588,-0.8846053507851227,-1.1457866531398089,-0.08745282318773386,-0.5248408657111595,0.3474098623072093,1.895071031746077,1.332249737470188,0.8570213938752028,-0.13979501065541855,0.4931869607783233,0.3970649744236482,1.35023807271861,1.1011498455918327,1.6095284527065772
0.28588922719684795,1.7460189974173397,-0.30129033239885844,-0.796224870489487,-1.618125802708837,-0.08745282318773386,-0.5056926728577171,1.0539600570415057,1.895071031746077,1.238520212223751,0.11288360275316513,-0.13979501065541855,0.8773870920711755,0.11978639732289674,1.35023807271861,1.8149331528905381,1.0488252533471778
-0.2913795552911613,1.7070727620524717,-0.4629154669801708,-0.8625102307112139,-1.618125802708837,-0.007529051002917117,-0.44824809429739526,1.0539600570415057,1.895071031746077,1.238520212223751,0.3870396310612862,-0.2393651343738594,0.8363541309456903,0.11978639732289674,0.9308056494543033,0.8117782345247901,0.5900680902349413
2.691175820896895,2.174427586430881,1.5573987152862312,-0.08918102812440029,0.48923347998375083,0.8116896138914576,-0.2567661657629873,-2.0137199023744903,0.0733801321450541,1.0510611617308774,0.4653699248636019,-1.060818655050983,0.7959366642370901,1.5592751805693519,1.704134179847868,1.1590241678052413,-0.047094636309830816
2.186065636219886,2.524943704714686,0.6684604750890146,0.1538652926885982,1.1674640537238943,0.8116896138914576,-0.3716553228836303,-1.369775421097663,0.0733801321450541,0.4886840102522562,0.4653699248636019,-1.259958902487862,0.7959366642370901,1.464882473471224,1.704134179847868,2.4708421379758345,-0.3274462359895308
2.089854172471886,2.6028361754444207,1.5169924316409034,-0.12232370823526381,1.8456946274640378,0.9715371582610911,-0.04613604437513961,-0.7258309398208351,0.0733801321450541,-0.07369314122636503,1.4836637442937681,-1.259958902487862,0.7693268229712282,1.4530833850839577,1.704134179847868,1.5062701010856925,-0.3529327450513216
1.9936427087238835,2.680728646174155,2.365524388192792,-0.3985127091591258,1.9062509286908362,0.9715371582610911,0.1644940770127108,-0.08188645854400921,0.0733801321450541,-0.1674226664728019,0.3870396310612862,-0.9114634694733217,0.6782417917433402,1.0283162031423805,1.704134179847868,-0.3071253282677745,-0.5058517994220669
1.3442153284248692,2.524943704714686,0.5876479077983588,-0.6415590299721243,1.9668072299176347,0.9715371582610911,0.39427239125400154,0.5620580227328182,0.0733801321450541,-0.26115219171923876,-0.9054102166770012,-1.8324871138688879,0.91904971500421,1.0283162031423805,1.704134179847868,-1.2524059244201133,-0.786203399101767
2.2101185021568854,2.680728646174155,0.18358507134507845,-0.5089883095286706,1.9668072299176347,1.3711560191851762,0.2985314269867976,0.5620580227328182,0.0733801321450541,-0.26115219171923876,-2.197860064415283,-1.8324871138688879,0.6275794845090108,1.0283162031423805,2.149781129566194,-2.1976865205724523,-0.8881494353489305
-0.7002782762201708,-0.707593830569302,0.18358507134507845,-1.6358394332980275,-1.5091244605005998,-0.18735753841875513,-1.2907685798487913,-1.5128741947147364,-0.8910444617613698,-1.0109883936907338,-1.2578965387874386,-1.0110335931917633,-1.1728132504613347,-0.7533461433347897,-1.035283834597133,-1.0016171948286763,-0.531338308483858
-0.2192209574801614,-0.8633787720287708,-0.6245406015614827,-1.6137443132241185,-1.400123118292362,-0.18735753841875513,-1.5396950869435215,-0.9270635902198452,-0.8910444617613698,-0.9172588684442968,-1.1012359511828016,-1.2101738406286415,-1.1728132504613347,-0.5055652872022028,-1.297429099137324,-1.0402000763042825,-0.6332843447310216
-0.7243311421571733,-0.629701359839567,0.46642905686237446,-1.6910772334828,-1.2911217760841247,-0.30724319669598094,-0.2567661657629873,-0.341252985724954,-0.8910444617613698,-0.82352934319786,-0.08294213175263532,-1.2101738406286415,-1.2408283686294725,-1.0129260878546422,-1.297429099137324,-1.1173658392554935,-0.735230380978185
-1.229441326834182,-0.3960239476503632,1.5573987152862312,-1.7684101537414811,-1.5575695014820385,-0.30724319669598094,-0.6780264085386847,0.24455761876993842,-0.8910444617613698,-1.1047179189371705,-0.983740510479317,-0.8118933457548845,-1.2561372117492187,-1.0129260878546422,-1.297429099137324,-0.9630343133530707,-0.9136359444107214
-0.8927012037161739,-0.3181314769206288,-0.4629154669801708,-1.8126003938892994,-2.1146874727685847,-0.30724319669598094,-0.4099517085905131,0.8303682232648296,-0.8910444617613698,-1.3859064946764812,-1.0620708042816382,-1.55866927364318,-0.9017348810965399,-1.2253096788254307,-1.297429099137324,-1.1173658392554935,-1.0665549987814666
-1.325652790582185,-0.47391641838009757,-0.6245406015614827,-1.6800296734458453,-2.1146874727685847,-0.5669954562966356,-0.9461011084868541,0.8303682232648296,-0.8910444617613698,-1.3859064946764812,-1.1795662449851174,-1.55866927364318,-0.9690045160046645,-1.2253096788254307,-1.297429099137324,-0.9630343133530707,-1.1939875440904213
-1.3497056565191843,-1.4086260671369135,0.34521020592639,-0.5752736697503973,-1.5212357207459588,-0.7867858298048828,0.7772362483228175,-1.369775421097663,-0.8196056029534865,0.30122495975938246,-0.8662450697758378,-1.0857111859805924,-0.799253293753253,0.36756725345548313,-0.39302793647366346,1.043275523378424,-0.276473217865949
-1.8788687071331958,-1.3696798317720462,-0.13966519781754616,-0.48689318945476173,-1.2245098447346467,-0.7867858298048828,0.45171696981432274,-0.7504260415362702,-0.8196056029534865,-0.07369314122636503,-0.8662450697758378,-1.0857111859805924,-0.799253293753253,0.36756725345548313,-0.3799206732466542,1.043275523378424,-0.4293922722366943
-1.5661814499521898,-1.0970561842179753,0.42602277321704657,-0.5973687898243065,-0.9277839687233337,-0.7867858298048828,1.0070145625641043,-0.1310766619748777,-0.8196056029534865,-0.4486112422121125,-0.08294213175263532,-0.5878605673883952,-0.8892317764763186,-0.02180266332429594,-0.3799206732466542,0.5416980641955507,-0.5568248175456487
-1.253494192771181,-0.8244325366639036,0.9917107442516393,-0.7078443901938511,-0.4796673396450252,-1.1664237476827632,0.6240507054952883,0.4882727175865155,-0.8196056029534865,-0.35488171696567566,-0.422373404896032,-0.13979501065541855,-0.9690045160046645,-0.02180266332429594,-0.3799206732466542,0.5159761432118137,-0.786203399101767
-1.1332298630861786,-0.980217478123373,-0.5437280342708266,-0.6636541500460331,-0.8308938867604564,-0.9066714880821085,0.7006434769090525,1.107622097147908,-0.8196056029534865,-0.26115219171923876,-0.7618046780394057,-0.9363560004029337,-0.7322285056023984,-0.02180266332429594,-0.3799206732466542,0.49025422222807596,-0.9391224534725122
-1.3497056565191843,-0.980217478123373,-0.5437280342708266,-0.48689318945476173,-0.8308938867604564,-0.9066714880821085,0.4134205841074406,1.107622097147908,-0.8196056029534865,-0.26115219171923876,-1.1012359511828016,-0.9363560004029337,-0.7926568295415699,-0.02180266332429594,-0.3799206732466542,0.464532301244339,-1.0410684897196758
0.40615355688185034,0.34395452428211615,0.5876479077983588,-0.8183199905633959,-1.4122343785377218,-0.6469192284814538,-0.8120637585127715,-1.843790108704216,-0.67672788533772,0.67614306074513,0.3870396310612862,-1.060818655050983,-0.6698261166343614,0.33216998829368494,-0.681387727467874,1.351938575183269,1.0743117624089684
0.6226293503148551,0.032384641363177265,0.26439763863573423,-0.6857492701199422,-1.1639535435078483,-0.6469192284814538,-0.7737673728058886,-1.2356203208316572,-0.67672788533772,0.582413535498693,0.5437002186659224,-1.060818655050983,-0.6698261166343614,0.10798730893563055,-0.7338167803759126,0.7346124715735791,1.023338744285387
0.6226293503148551,0.1297502297753456,1.0321170278969671,-0.8846053507851227,-0.9156727084779738,-1.026557146359333,-0.2567661657629873,-0.6274505329590985,-0.67672788533772,0.4886840102522562,1.4444985973926041,-0.8367858766844938,-0.8189045405409381,0.0489918669993004,-0.7338167803759126,1.236189930756453,0.8704196899146416
0.6226293503148551,0.2271158181875139,1.7998364171582,-1.0834614314503035,-1.133675392894449,-1.026557146359333,-0.4865444800042767,-0.019280745086538365,-0.67672788533772,0.30122495975938246,1.0136819814798455,-0.7123232220364445,-0.8383510868412519,-0.4937661988149371,-0.7338167803759126,1.3905214566588753,0.48812205398777814
-0.12300949373216157,0.30500828891724896,-0.05885263052689037,-1.0834614314503035,-1.4364568990284414,-1.026557146359333,-0.21846978005610515,0.5888890427860198,-0.67672788533772,0.11376590926650872,-0.043776984851478844,-1.45909914992474,-0.6768602023473455,-0.38757440332954257,-0.7338167803759126,0.5416980641955507,0.05485139993733264
-0.33948528716516374,0.49973946574158556,-0.13966519781754616,-1.1497467916720303,-1.4364568990284414,-1.5660426086068484,-0.18017339434922233,0.5888890427860198,-0.67672788533772,0.11376590926650872,0.2303790434566436,-1.45909914992474,-0.7660374695369004,-0.7887434084965879,-0.7338167803759126,-0.5000397356458028,-0.276473217865949
-0.48380248278716864,-1.1749486549477097,-0.947790870724107,-1.2602223920415752,-1.7150158846717143,-2.1055280708543638,-0.8120637585127715,-1.6649166416828751,-0.4802710236160412,-0.26115219171923876,-0.8270799228746799,-0.4385053818107366,-0.655681069954701,-0.3049807846186805,-1.5726816269045252,-0.8858685504018596,0.2842299814934508
-0.26732668935416304,-1.3696798317720462,-1.190228572596075,-0.9067004708590318,-1.4667350496418408,-2.1055280708543638,-0.8695083370730926,-0.960602365286345,-0.4802710236160412,-0.1674226664728019,-1.2970616856886021,0.03445270585185113,-0.655681069954701,-0.6589534362366614,-1.5726816269045252,-0.7701199059750423,0.18228394524628713
-0.2312473904486601,-1.252841125677444,-0.503321750625498,-0.9950809511546675,-1.2184542146119663,-2.1055280708543638,0.18364226986615118,-0.2562880888898156,-0.4802710236160412,-0.07369314122636503,1.6403243318984047,0.03445270585185113,-0.8639668823126991,-1.0247251762419085,-1.5726816269045252,0.3487836568175223,0.08033790899912367
-0.19516809154316145,-1.1360024195828424,0.18358507134507845,-1.0834614314503035,-1.3274555568202044,-2.165470899992976,-0.6205818299783635,0.4480261875067136,-0.4802710236160412,-0.07369314122636503,-0.8270799228746799,0.7314435718809263,-0.9264867899040284,-0.9185333807565139,-1.5726816269045252,-0.6157883800726195,-0.20001369068057634
-0.6521725443461692,-0.9023250073936386,-1.190228572596075,-1.1055565515242123,-1.7876834461438726,-2.165470899992976,-0.6780264085386847,1.1523404639032433,-0.4802710236160412,-0.07369314122636503,-0.964157937028738,0.25848548421833767,-0.7525859456979508,-0.877236571401083,-1.5726816269045252,-0.8279942281884509,-0.48036529036027614
-1.1572827290231815,-1.0581099488531074,-1.3518537071773873,-1.1939370318198483,-1.7876834461438726,-1.9656614695309336,-0.7163227942455674,1.1523404639032433,-0.4802710236160412,-0.07369314122636503,-1.1012359511828016,0.25848548421833767,-0.870315719744521,-0.8359397620456518,-1.336750888818353,-1.0402000763042825,-0.735230380978185
0.6226293503148551,0.1881695828226467,-0.30129033239885844,0.5515774540189596,0.07745063164152118,-0.18735753841875513,-0.21846978005610515,-1.4592121546083334,0.6627507173100907,1.0510611617308774,1.0136819814798455,0.03445270585185113,0.3207782458245838,1.5002797386330218,-0.06534635579842409,0.31020077534191615,1.8643935433244863
0.09346629970084404,0.26606205355238105,-0.7053531688521388,0.8609091350536852,0.7496255752589851,-0.18735753841875513,-0.1418770086423436,-0.842098693384708,0.6627507173100907,0.67614306074513,0.5828653655670866,0.03445270585185113,0.3207782458245838,0.6271471979753357,0.14436985583372883,0.6574467086223673,1.6350149617683685
0.15359846454334522,0.2271158181875139,-0.382102899689515,0.7393859746471857,1.4218005188764482,-0.18735753841875513,0.030456727038624662,-0.2249852321610814,0.6627507173100907,0.30122495975938246,1.9536455071076897,0.10913029864067998,0.07816211476702684,0.01359460183750223,0.14436985583372883,0.15586924943949398,1.431122889274041
0.2137306293858464,0.1881695828226467,-0.05885263052689037,0.6178628142406862,1.4702455598578867,0.012451892043287421,-0.5439890585645992,0.3921282290625445,0.6627507173100907,0.20749543451294558,0.26954419035780147,0.1340228295702884,0.009045643946607089,0.16698275087196068,0.14436985583372883,-0.3842910912189856,0.946879217100014
0.33399495907084875,0.4218469950118505,-0.7861657361427946,0.1538652926885982,1.3733554778950094,-0.24730036755736873,-0.2950625514698687,1.0092416902861705,0.6627507173100907,0.11376590926650872,0.3087093372589656,-0.26425766530346784,0.5051156330974242,0.4501608721663452,0.14436985583372883,1.043275523378424,0.4116625268024053
0.09346629970084404,-0.006561594001689922,-1.028603438014763,-0.11127614819830918,1.3733554778950094,-0.24730036755736873,-0.2567661657629873,1.0092416902861705,0.6627507173100907,0.11376590926650872,0.3870396310612862,-0.26425766530346784,0.4343777720722697,-0.6707525246239275,0.14436985583372883,0.3873665382931279,0.08033790899912367
1.3442153284248692,2.7196748815390226,2.2038992536114805,1.833094418305679,-1.0852303519130102,-0.4670907410656144,-0.8120637585127715,-2.049494595778759,2.805916481546588,1.4259792627166248,0.7003608062705665,-0.4633979127403459,2.1122533915287365,1.9486450973491314,1.940064917934041,4.091323159951273,0.6410411083585235
0.7188408140628549,2.4859974693498184,1.5573987152862312,2.208711459562131,-0.37672162755946764,-0.4670907410656144,-0.792915565659329,-1.1595990973475876,2.805916481546588,0.4886840102522562,0.42620477796244405,-0.8616784076141057,2.1122533915287365,2.243622307030782,2.0187084972960987,3.5511628192927933,0.5390950721113598
0.6827615151573528,2.54441682239712,1.4765861479955755,1.9325224586382692,0.3317870967940751,0.3121660377363512,-0.6205818299783635,-0.26970359891641665,2.805916481546588,-0.4486112422121125,1.2486728628868036,-0.8616784076141057,2.070984692942175,1.205302528951371,2.0187084972960987,3.39683129339037,0.36068950867882343
0.6466822162518551,2.6028361754444207,1.3957735807049196,1.656333457714407,0.3681208775301538,0.3121660377363512,-0.3333589371767515,0.6201918995147546,2.805916481546588,-0.35488171696567566,0.7786911000728871,-0.7621082838956649,2.1122533915287365,1.5474760921820865,2.0187084972960987,3.0495853601099197,0.10582441806091447
0.7909994118738599,2.758621116903891,0.18358507134507845,1.214431056236228,0.4528996992476721,0.3121660377363512,-0.8120637585127715,1.510087397945925,2.805916481546588,-0.26115219171923876,0.7786911000728871,-0.7621082838956649,2.217710588075095,1.276097059274968,2.0187084972960987,2.3358020528112156,-0.3274462359895308
0.6707350821888576,2.7196748815390226,0.10277250405442194,1.0597652157188655,0.4528996992476721,0.45203263905978014,-0.8120637585127715,1.510087397945925,2.805916481546588,-0.26115219171923876,0.7786911000728871,-1.3097439643470814,2.1963530107303755,1.004718026367849,2.0187084972960987,1.62201874551251,-0.6842573628546033
1.0315280712438646,0.38290075964698334,-0.947790870724107,-0.19965662849394508,0.828348766853823,-1.745871096022687,0.24108684842647232,-1.2624513408848577,0.41271471148249944,-1.0109883936907338,-0.08294213175263532,0.38294813886638696,-0.5685981568765692,0.19058092764649268,0.8128402804112174,1.043275523378424,2.017312597695232
0.7428936799998574,0.07133087672804445,-0.4629154669801708,-0.11127614819830918,1.2643541356867725,-1.745871096022687,-0.06528423722857932,-0.7705493065761703,0.41271471148249944,-0.5423407674585494,-0.08294213175263532,0.38294813886638696,-0.5685981568765692,0.19058092764649268,0.8128402804112174,1.043275523378424,1.7369609980155318
1.0676073701493658,-0.10392718241385823,-0.5033217506254987,-0.10022858816135494,1.700359504519721,-1.0065762033131298,-0.04613604437513961,-0.27864727226748315,0.41271471148249944,-0.07369314122636503,0.11288360275316513,0.880798757458584,-0.7458242811347783,-0.5527616407512672,0.8128402804112174,0.7731953530491846,1.3801498711504596
1.3923210602988716,-0.2791852415557609,-0.5437280342708266,-0.08918102812440029,0.7435699451363047,-1.0065762033131298,-0.46739628715083426,0.21325476204120364,0.41271471148249944,-0.5423407674585494,-0.3962633069619156,0.2833780151479497,-0.7727275825416074,-0.24598534268235034,0.8128402804112174,0.11728636796388776,1.0997982714707593
-0.14706235966916067,-0.04550782936655711,-1.3518537071773873,0.04338969231905338,0.2954533160579963,-1.0065762033131298,-0.5056926728577171,0.7051567963498911,0.41271471148249944,-1.0109883936907338,-0.5529238945665582,0.7065510409513188,-0.6908521923395965,-0.540962552364001,0.8128402804112174,-0.15279380236535167,0.5645815811731506
0.9593694734328596,-0.12340030009629217,-1.5942914090493554,0.021294572245144503,0.2954533160579963,-0.5869763993428402,-0.4099517085905131,0.7051567963498911,0.41271471148249944,-1.0109883936907338,-0.983740510479317,0.7065510409513188,-0.6768602023473455,-0.540962552364001,1.0749855449514087,-0.6157883800726195,0.33520299961703265
-0.45974961685016613,0.30500828891724896,0.34521020592639,1.1260505759405925,-0.3585547371914282,0.2722041516439422,-0.18017339434922233,-1.6738603150339428,-0.40883216480815787,0.67614306074513,-1.0620708042816382,-0.9612485313325431,0.149405246228076,-0.175190812358754,0.3147642777848534,-0.46145685417019733,0.5136085630495689
-0.6521725443461692,0.30500828891724896,-0.05885263052689037,1.2586212963840466,-0.4736117095223449,0.2722041516439422,-0.10358062293546078,-1.1707786890364213,-0.40883216480815787,0.020036384020071844,-0.592089041467716,-0.7372157529660565,0.149405246228076,0.33216998829368494,0.3147642777848534,-0.8472856689262541,0.3097164905552416
-0.5439346476296698,0.3244814065996822,0.42602277321704585,1.048717655681911,-0.5886686818532624,0.2722041516439422,0.12619769130582864,-0.6676970630389001,-0.40883216480815787,-0.6360702927049863,-0.592089041467716,-0.7372157529660565,-0.0006600732324310385,0.33216998829368494,0.3147642777848534,-0.8472856689262541,0.10582441806091447
-0.435696750913167,0.34395452428211615,0.9108981769609827,0.8388140149797758,-1.4485681592738013,0.9515562152148865,-0.06528423722857932,-0.16461543704137913,-0.40883216480815787,-0.4486112422121125,-0.592089041467716,-0.7372157529660565,-0.11398740992044767,0.33216998829368494,0.3147642777848534,-0.8472856689262541,-0.20001369068057634
-0.8445954718421756,0.14922334745777951,-0.7053531688521388,0.4411018536494148,-1.7029046244263544,0.9515562152148865,0.12619769130582864,0.33846618895614217,-0.40883216480815787,-0.26115219171923876,-0.592089041467716,-0.48829044366995794,0.02858177702646832,0.33216998829368494,0.3147642777848534,-0.8472856689262541,-0.48036529036027614
-0.9408069355901751,0.11027711209291233,-0.5437280342708266,0.28643601313205186,-1.7029046244263544,0.9515562152148865,-0.1610252014957833,0.33846618895614217,-0.40883216480815787,-0.26115219171923876,-0.592089041467716,-0.48829044366995794,-0.029530990929905854,0.33216998829368494,0.7210894378221504,-0.8472856689262541,-0.7097438719163942
1.945536976849881,-0.3960239476503632,-1.4326662744680436,-0.33222734893739875,-0.21321961424711147,-0.9066714880821085,-0.7163227942455674,-1.2803386875869924,2.0200890346598723,1.4259792627166248,-0.35709816006075773,0.4327332007256083,0.7959366642370901,0.13158548571016251,-0.3537061467926346,-0.46145685417019733,1.2782038349032958
1.2961095965508675,-0.4349701830152304,-1.6751039763400115,-0.6194639098982154,0.2954533160579963,-0.9066714880821085,-0.3908035157370727,-0.8510423667357745,2.0200890346598723,1.0510611617308774,0.3087093372589656,0.4327332007256083,0.7959366642370901,-0.18698990074602018,-0.3537061467926346,1.236189930756453,1.0743117624089684
0.9473430404643609,-0.3765508299679292,-1.5538851254040276,-0.7188919502308055,0.8041262463631033,-0.9066714880821085,-0.21846978005610515,-0.42174604588455633,2.0200890346598723,0.67614306074513,0.3087093372589656,0.831013695599368,0.5778891160225827,-0.9067342923692482,-0.3537061467926346,0.6188638271467618,0.8449331808528504
0.5985764843778526,-0.3181314769206288,-1.4326662744680436,-0.8183199905633959,-0.3222209564553486,0.07239472118189962,-0.7163227942455674,0.007550274966661878,2.0200890346598723,0.4886840102522562,-0.9054102166770012,0.5323033244440482,0.5051156330974242,-0.5173643755894691,-0.3537061467926346,0.11728636796388776,0.5390950721113598
0.7428936799998574,-0.3181314769206288,-1.998354245502636,-0.7078443901938511,-0.6007799420986223,-0.32722413974218545,-0.42909990144395554,0.43684659581787977,2.0200890346598723,0.30122495975938246,-1.2187313918862808,-0.18958007251463807,0.7168936382109096,-0.87133702720745,-0.3537061467926346,-0.9244514318774651,0.25874347243166
1.1998981328028644,-0.5518088891098326,-1.4326662744680436,-1.2160321518937571,-0.6007799420986223,-0.32722413974218545,-0.4865444800042767,0.43684659581787977,2.0200890346598723,0.30122495975938246,-0.5529238945665582,-0.18958007251463807,0.6026145644381192,-1.2961042091490267,-0.026024566117395273,1.043275523378424,-0.12355416349520347
0.14157203157484566,-0.629701359839567,-0.8669783034334508,0.4852920937972326,-0.516001120381104,0.392089809921168,-0.35250713003019124,-1.6112546015764733,0.3948549967805287,1.8008973637023724,-0.4745936007642369,0.23359295328872925,0.39974569427870404,0.3793663418427493,0.10504806615270047,-0.3071253282677745,0.5900680902349413
0.06941343376384579,-0.7854863012990364,-1.1094160053054192,0.08757993246687154,-0.4554448191543055,0.392089809921168,-0.6397300228318032,-0.9896693036773134,0.3948549967805287,1.6134383132094987,-0.9054102166770012,0.23359295328872925,0.39974569427870404,-0.2577844310696165,-0.07845361902543385,-0.22995956531656275,0.5136085630495689
0.261836361259848,-0.629701359839567,-1.3518537071773873,-0.11127614819830918,-0.394888517927507,0.392089809921168,-0.2567661657629873,-0.3680840057781533,0.3948549967805287,1.4259792627166248,0.7003608062705665,0.6069809172328771,0.18061352062915362,-0.588158905913065,-0.07845361902543385,-0.3071253282677745,0.2842299814934508
0.4542592887558511,-0.47391641838009757,-1.5942914090493554,-0.3101322288634899,-0.9883402699501321,0.5918992403832105,-0.6588782156852422,0.2535012921210056,0.3948549967805287,1.332249737470188,-0.35709816006075773,0.7314435718809263,0.018792838549486848,0.001795513450236452,-0.07845361902543385,-0.34570820974338007,0.029364890875541828
-0.3154324212281638,-0.3181314769206288,-1.91754167821198,-0.33222734893739875,-1.5939032822181172,0.3721088668749634,-0.6205818299783635,0.8750865900201649,0.3948549967805287,1.238520212223751,-1.4928874201944025,0.23359295328872925,0.7168936382109096,-0.34037804978047864,-0.07845361902543385,-0.037045157938534384,-0.3274462359895308
-0.5559610805981694,-0.3960239476503632,-1.5942914090493554,-0.5973687898243065,-1.5939032822181172,0.3721088668749634,-0.6588782156852422,0.8750865900201649,0.3948549967805287,1.238520212223751,-1.1404010980839596,0.23359295328872925,0.7693268229712282,-0.977528822692844,-0.07845361902543385,-0.6157883800726195,-0.5823113266074398
1.512585389983874,-1.7591421854207194,-0.7861657361427946,-0.7520346303416691,0.6830136439095063,-1.026557146359333,-1.5396950869435215,-1.7275223551403447,-0.8910444617613698,-1.7608245956622286,-0.27876786625843575,-0.7621082838956649,-1.2045487263274355,-0.8595379388201838,-0.7993530965109604,-0.6543712615482257,0.946879217100014
-0.2913795552911613,-1.7201959500558524,-1.3518537071773873,-0.33222734893739875,0.6285129728053881,-1.026557146359333,-1.9035107511588947,-1.0723982821746831,-0.8910444617613698,-1.7608245956622286,-0.27876786625843575,-0.5878605673883952,-1.2045487263274355,-0.8595379388201838,-0.7993530965109604,-0.6543712615482257,0.6155545992967326
0.43020642281885285,-1.8175615384680206,-1.1094160053054192,-0.5421309896395341,0.574012301701269,-1.026557146359333,-0.4099517085905131,-0.41727420920902336,-0.8910444617613698,-1.7608245956622286,-0.08294213175263532,-0.11490247972581011,-1.3110789487234167,-0.7533461433347897,-0.7993530965109604,-0.268542446792169,0.3097164905552416
1.151792400928867,-1.914927126880189,-0.8669783034334508,-0.7520346303416691,-0.394888517927507,-1.3262712920523967,-0.6971746013921251,0.23784986375663789,-0.8910444617613698,-1.8545541209086656,-0.6573642863029903,-0.11490247972581011,-1.345098345080754,-0.8359397620456518,-0.7993530965109604,-0.35856917023524787,-0.09806765443341266
1.223950998739867,-1.7591421854207194,-1.7559165436306678,-1.0392711913024855,-0.06788449130279472,-1.106480918544151,-1.080138458460941,0.8929739367222992,-0.8910444617613698,-1.9482836461551025,-1.231786440853328,-0.11490247972581011,-1.2561372117492187,-0.9185333807565139,-0.7993530965109604,-0.4485958936783288,-0.4548787812984853
1.1277395349918644,-1.6423034793261173,-1.6751039763400115,-0.8625102307112139,-0.06788449130279472,-1.106480918544151,-1.4439541226763175,0.8929739367222992,-0.8910444617613698,-1.9482836461551025,-1.8062085954036822,0.08423776771107243,-1.4430030032021604,-1.001126999467376,-0.5765296216517978,-0.5386226171214085,-0.735230380978185
0.43020642281885285,-1.1360024195828424,0.26439763863573423,-0.0008005478287643794,-0.6613362433254207,-1.2463475198675815,0.6049025126418486,-1.2803386875869924,-0.8910444617613698,0.11376590926650872,0.2303790434566436,-0.18958007251463807,-0.2218089650689654,-0.3167798730059467,0.22301343519578645,-0.6543712615482257,-0.8116899081635577
0.06941343376384579,-1.2138948903125768,0.021959936763766143,0.10967505254078042,-0.23138650461515087,-1.2463475198675815,0.49001335552120556,-0.6565174713500662,-0.8910444617613698,-0.07369314122636503,0.2303790434566436,-0.18958007251463807,-0.2218089650689654,-0.29318169623141427,0.22301343519578645,-0.9630343133530707,-0.9136359444107214
-0.11098306076365774,-0.999690595805807,1.3957735807049196,-0.0008005478287643794,0.1985632340951182,-0.8866905450359054,0.7963844411762565,-0.03269625511313944,-0.8910444617613698,-0.26115219171923876,2.0319758009100055,-0.18958007251463807,-0.37406479392126835,-0.540962552364001,0.22301343519578645,-0.22995956531656275,-0.990095471596094
-0.2913795552911613,-0.7854863012990364,2.7695872246460724,-0.11127614819830918,0.04111685090544242,-0.8866905450359054,0.5283097412280843,0.5911249611237864,-0.8910444617613698,-0.5423407674585494,-0.12210727865379943,-0.06511741786658881,-0.45411415476954226,-0.87133702720745,0.22301343519578645,-0.8858685504018596,-1.1430145259668394
-0.62811967840917,-0.8244325366639036,0.26439763863573423,-0.19965662849394508,-0.2374421347378312,-0.8866905450359054,0.7197916697624922,1.2149461773607129,-0.8910444617613698,-0.82352934319786,0.073718455852001,-0.015332356007369286,0.149405246228076,-0.8595379388201838,0.22301343519578645,-1.5031946540115502,-1.2704470712757938
-0.5319082146611669,-0.9023250073936386,0.021959936763766143,-0.26594198871567215,-0.2374421347378312,-0.30724319669598094,0.6049025126418486,1.2149461773607129,-0.8910444617613698,-0.82352934319786,-0.9054102166770012,-0.015332356007369286,0.07816211476702684,-0.4937661988149371,-0.0522390925714148,-1.7732748243407896,-1.3469065984611668
-0.7243311421571733,2.524943704714686,1.314961013414263,0.5736725740928685,1.0100176705342185,0.9115943291224788,1.4665711910466843,-1.369775421097663,-0.35525302070224546,-0.26115219171923876,1.0136819814798455,1.179509128613904,-1.3784111070923903,0.35576816506821735,0.48515869973597797,0.9275268789516075,-0.1490406725569945
0.7188408140628549,1.7849652327822076,0.6684604750890146,0.6399579343145955,1.1614084236012148,0.9115943291224788,2.155906133770552,-0.7213591031453022,-0.35525302070224546,-0.26115219171923876,1.0136819814798455,1.8267149327837613,-1.3784111070923903,-0.1633917239714882,0.48515869973597797,0.464532301244339,-0.276473217865949
-0.12300949373216157,1.9212770565592439,1.59780499893156,0.6068152542037321,1.312799176668211,0.3121660377363512,2.0793133623567903,-0.0729427851929414,-0.35525302070224546,-0.26115219171923876,1.5228288911949248,1.8267149327837613,-1.4430030032021604,0.4029645186172813,0.48515869973597797,0.5802809456711563,-0.3529327450513216
-0.9648598015271781,2.0575888803362785,2.5271495227741045,0.5736725740928685,2.015252270899074,0.3121660377363512,1.6963495052879745,0.5754735327594194,-0.35525302070224546,-0.82352934319786,0.896186540776367,2.847308700897764,-1.4831561536225202,-0.18698990074602018,0.48515869973597797,-0.1913766838409572,-0.531338308483858
-1.229441326834182,1.823911468147074,0.10277250405442194,-0.0008005478287643794,1.542913121330045,0.3121660377363512,2.09846155521023,1.2238898507117801,-0.35525302070224546,-1.3859064946764812,1.1311774221833237,2.5983833916016654,-1.3208721888487271,-0.2577844310696165,0.48515869973597797,-0.1913766838409572,-0.6842573628546033
-0.48380248278716864,1.823911468147074,0.10277250405442194,0.28643601313205186,1.542913121330045,-0.027509994049121654,1.7920904695551785,1.2238898507117801,-0.35525302070224546,-1.3859064946764812,0.7786911000728871,2.5983833916016654,-1.3208721888487271,-0.2577844310696165,0.5506950158710259,0.31020077534191615,-0.8116899081635577
-1.253494192771181,0.14922334745777951,0.7492730423796704,1.1039554558666835,-0.16477457326567285,0.9715371582610911,0.4708651626677631,-1.4413248079061987,-0.2838141618943622,0.67614306074513,2.1494712416134902,1.9511775874318105,1.3737608905060381,2.821777638006817,-0.5109933055167499,-0.5000397356458028,-0.5568248175456487
-1.6383400477631909,0.032384641363177265,0.34521020592639,1.1039554558666835,0.0592837412734818,0.9715371582610911,0.5857543197884095,-0.6386301246479322,-0.2838141618943622,1.1447906869773143,2.1494712416134902,2.3494580823055666,1.3737608905060381,2.821777638006817,-0.5109933055167499,-0.5000397356458028,-0.735230380978185
-1.4218642543301883,0.26606205355238105,2.203899253611479,1.092907895829729,0.28334205581263644,0.751746784752844,0.0687531127455068,0.16406455861033517,-0.2838141618943622,1.6134383132094987,2.1494712416134902,2.1752103657982973,1.152508537199637,2.821777638006817,-0.5109933055167499,-0.5000397356458028,-0.7097438719163942
-1.2053884608971828,0.49973946574158556,4.06258830129657,1.0818603357927747,0.2954533160579963,0.751746784752844,0.3559760055471187,0.9667592418686025,-0.2838141618943622,0.9573316364844405,2.1494712416134902,2.1752103657982973,1.16776294887718,2.821777638006817,-0.5109933055167499,-0.5000397356458028,-0.786203399101767
-1.4940228521411856,-0.04550782936655711,0.6684604750890146,0.8167188949058669,0.48923347998375083,0.751746784752844,0.6431988983487307,1.7694539251268693,-0.2838141618943622,0.30122495975938246,2.1494712416134902,2.3494580823055666,1.595149482946248,2.821777638006817,-0.5109933055167499,-0.5000397356458028,-0.9391224534725122
-1.1813355949601798,-0.24023900619089372,-0.05885263052689037,0.9492896153493207,0.48923347998375083,0.21226132250532997,0.6431988983487307,1.7694539251268693,-0.2838141618943622,0.30122495975938246,2.1494712416134902,2.4241356750943956,1.5252882225695723,2.821777638006817,-0.2095262512955296,-0.5000397356458028,-1.0410684897196758
-1.590234315889189,0.4218469950118505,0.34521020592639,-0.8183199905633959,-0.9762290097047723,0.5719182973370059,0.0687531127455068,-1.3161133809912609,-0.8553250323574282,-0.26115219171923876,0.7003608062705665,-1.5088842117839605,-0.8512033025622207,-0.3167798730059467,-0.2488480409765584,1.0046926419028186,-0.531338308483858
-1.229441326834182,0.30500828891724896,-0.22047776510820194,-0.9067004708590318,-0.5220567505037835,0.5719182973370059,-0.06528423722857932,-0.5424856361239613,-0.8553250323574282,-0.35488171696567566,-0.20043757245611515,-1.334636495276691,-0.8512033025622207,-0.48196711042767093,-0.2488480409765584,0.0015377235370711531,-0.6077978356692306
-1.5541550169836869,0.48026634805915164,1.5169924316409034,-0.9508907110068497,-0.06788449130279472,0.6118801834294151,0.27938323413335514,0.231142108743338,-0.8553250323574282,-0.4486112422121125,1.5619940380960888,-1.334636495276691,-0.9928556768312631,-0.6943507013984596,-0.2488480409765584,-1.078782957779888,-0.6842573628546033
-1.8788687071331958,0.6555244072010543,3.2544626283900087,-0.9950809511546675,-0.27377591547391,0.6118801834294151,0.04960491989206437,1.0047698536106373,-0.8553250323574282,-0.6360702927049863,0.5632827921165021,-1.035926124121371,-1.0682257334987029,-0.5055652872022028,-0.2488480409765584,-0.7122455837616337,-0.8626629262871396
-1.7104986455741913,0.8113093486605237,0.34521020592639,-1.0613663113763945,-1.0125627904408518,0.6118801834294151,0.18364226986615118,1.7783975984779365,-0.8553250323574282,-0.82352934319786,-0.43542845386307905,-0.9612485313325431,-0.6126207344823644,-0.3167798730059467,-0.2488480409765584,-0.34570820974338007,-1.015581980657885
-1.6623929137001892,0.7723631132956565,0.26439763863573423,-1.0613663113763945,-1.0125627904408518,1.151365645676929,0.18364226986615118,1.7783975984779365,-0.8553250323574282,-0.82352934319786,-0.4745936007642369,-0.9612485313325431,-0.7047435205333431,-0.3167798730059467,-0.32749162033861556,-0.7315370244994368,-1.1175280169050485
0.261836361259848,0.4607932303767177,0.26439763863573423,-0.5310834296025795,-0.04366197081207583,-0.26728131060357185,-0.12272881578890116,-1.4681558279594011,-0.3731127354042163,0.4886840102522562,0.073718455852001,-0.26425766530346784,0.343082226035228,-0.7415470549475235,0.026404486790642837,-1.233114483682311,1.7369609980155318
0.3099420931338505,0.14922334745777951,-0.05885263052689037,-0.4427029493069436,0.5921791920693085,-0.26728131060357185,-0.2950625514698687,-0.8868170601400432,-0.3731127354042163,-0.07369314122636503,0.073718455852001,-0.26425766530346784,0.343082226035228,-0.7415470549475235,0.026404486790642837,-1.233114483682311,1.3801498711504596
0.12954559860634696,0.26606205355238105,0.26439763863573423,-0.49794074949171596,1.2280203549506927,0.19228037945912543,-0.23761797290954756,-0.3054782923206853,-0.3731127354042163,-0.6360702927049863,0.073718455852001,-0.1646875415850261,0.09829604322341076,-0.7415470549475235,0.026404486790642837,-1.233114483682311,1.3036903439650867
-0.05085089592115657,0.38290075964698334,0.5876479077983588,-0.5531785496764884,1.5186906008393255,0.19228037945912543,-0.6205818299783635,0.2758604754986732,-0.3731127354042163,-0.6360702927049863,0.073718455852001,-0.2144726034442474,-0.05803798949674327,-0.7415470549475235,0.026404486790642837,-1.233114483682311,0.7684736536674779
-0.12300949373216157,0.4607932303767177,-0.7861657361427946,-0.8625102307112139,1.2401316151960526,0.19228037945912543,-0.5439890585645992,0.8571992433180311,-0.3731127354042163,-0.6360702927049863,0.073718455852001,-0.5878605673883952,0.27677445642480253,-0.7415470549475235,0.026404486790642837,-1.233114483682311,0.36068950867882343
-0.5800139465351685,0.4218469950118505,-0.5437280342708266,-0.6636541500460331,1.2401316151960526,0.4720135821059847,-0.5439890585645992,0.8571992433180311,-0.3731127354042163,-0.6360702927049863,0.073718455852001,-0.5878605673883952,0.10842880460342019,-0.7415470549475235,0.14436985583372883,-1.233114483682311,0.029364890875541828
1.2480038646768667,0.9670942901199931,-0.13966519781754616,2.385472420153403,-0.6128912023439813,1.2113084748155427,0.030456727038624662,-1.3518880743955282,1.5200170230046897,1.0510611617308774,0.8178562469740449,0.7314435718809263,1.3737608905060381,0.697941728298932,0.6948749113681313,1.236189930756453,1.0743117624089684
1.7050083174798762,0.8892018193902588,-0.22047776510820194,2.3633773000794944,-0.12238516240691372,1.2113084748155427,-0.2759143586164263,-0.7526619598740363,1.5200170230046897,0.67614306074513,0.8178562469740449,0.5571958553736576,1.3737608905060381,0.697941728298932,0.6948749113681313,1.236189930756453,0.8449331808528504
1.1998981328028644,0.9865674078024271,0.3856164895717186,2.241854139672995,0.3681208775301538,1.2113084748155427,0.14534588415926836,-0.15343584535254404,1.5200170230046897,0.30122495975938246,0.8178562469740449,0.5571958553736576,1.357389613377012,0.697941728298932,0.6948749113681313,1.236189930756453,0.7429871446056872
0.6947879481258558,1.0839329962145954,0.9917107442516393,2.1203309792664955,0.0047830701693627985,1.4510797913699929,-0.23761797290954756,0.44579026916894693,1.5200170230046897,-0.26115219171923876,0.8178562469740449,0.6816585100217067,1.2452752033362353,0.697941728298932,0.6948749113681313,1.236189930756453,0.33520299961703265
0.28588922719684795,1.278664173038932,-0.3821028996895143,1.1923359361623196,-0.019439450321356088,1.311213190046564,-0.1610252014957833,1.0450163836904391,1.5200170230046897,-0.82352934319786,1.0332645549304236,0.6816585100217067,1.9108970525036653,0.697941728298932,0.6948749113681313,0.4259494197687334,0.05485139993733264
0.5745236184408534,1.3955028791335344,-0.05885263052689037,1.1481456960145018,-0.019439450321356088,1.311213190046564,-0.3716553228836303,1.0450163836904391,1.5200170230046897,-0.82352934319786,1.2486728628868036,0.5074107935144362,1.7030054638786576,0.697941728298932,0.393407857146911,-0.3842910912189856,-0.22550019974236715
-0.9648598015271781,-0.24023900619089372,0.34521020592639,-0.1775615084200362,-1.2668992555934058,-1.5260807225144393,-0.6780264085386847,-1.360831747746596,-0.8731847470593991,-0.82352934319786,-1.2187313918862808,0.38294813886638696,-1.3642193172722314,-0.5763598175257992,-1.0090693081431135,-0.0756280394141406,0.5136085630495689
0.11751916563784313,-0.4349701830152304,0.26439763863573423,-0.35432246901130765,-0.9943959000728125,-1.5260807225144393,-0.792915565659329,-0.7772570615894712,-0.8731847470593991,-1.0109883936907338,-1.2187313918862808,0.38294813886638696,-1.3642193172722314,-0.5763598175257992,-1.0090693081431135,-0.0756280394141406,0.2842299814934508
-0.35151172013366244,-0.3181314769206288,0.830085609670327,-0.5200358695656249,-0.7218925445522193,-2.42522315959363,-0.007839658668256793,-0.19368237543234726,-0.8731847470593991,-1.1984474441836075,-0.7095844821712007,0.10913029864067998,-1.505018584367382,-0.3639762265550106,-1.0090693081431135,1.0818584048540296,0.10582441806091447
-0.8205426059051731,-0.20129277082602653,1.3957735807049196,-0.6857492701199422,-1.3395668170655632,-2.42522315959363,-0.18017339434922233,0.3898923107247779,-0.8731847470593991,-1.1984474441836075,-0.27876786625843575,0.9554763502474173,-1.5604299088370863,-1.1663142368891006,-1.0090693081431135,-0.15279380236535167,-0.20001369068057634
-1.3015999246451821,-0.20129277082602653,-0.30129033239885844,-0.774129750415578,-1.4243456387830815,-2.42522315959363,-0.21846978005610515,0.9734669968819024,-0.8731847470593991,-1.1984474441836075,-0.29835043970901537,0.5323033244440482,-1.4475162665214627,-1.278405576568128,-1.0090693081431135,0.13657780870169087,-0.5058517994220669
-1.1332298630861786,-0.12340030009629217,-0.4629154669801708,-0.9508907110068497,-1.4243456387830815,-2.545108817870857,-0.4099517085905131,0.9734669968819024,-0.8731847470593991,-1.1984474441836075,-0.3179330131595999,0.5323033244440482,-1.53084589662021,-1.390496916247155,-0.7600313068299316,0.4259494197687334,-0.760716890039976
-0.1711152256061589,-0.16234653546115935,0.26439763863573423,-0.7299395102677602,-0.34644347694606836,-0.48707168411181895,0.12619769130582864,-1.2445639941827251,-0.8196056029534865,0.4886840102522562,0.9745168345786875,-0.8616784076141057,-0.46195072699790013,0.284973634744621,-0.8911039391000274,0.6960295900979728,1.023338744285387
0.23778349532284548,-0.24023900619089372,-0.13966519781754616,-0.7299395102677602,0.3560096172847948,-0.48707168411181895,-0.04613604437513961,-0.7258309398208367,-0.8196056029534865,0.30122495975938246,0.26954419035780147,-0.8616784076141057,-0.46195072699790013,0.41476360700454745,-0.8648894126460083,-0.5000397356458028,0.7939601627292687
0.05738700079534196,-0.1818196531435926,0.6280541914436868,-0.8183199905633961,1.058462711515657,-0.48707168411181895,0.45171696981432274,-0.20709788545894833,-0.8196056029534865,0.11376590926650872,1.1311774221833237,-0.4633979127403459,-0.5833812487998508,-0.2577844310696165,-0.8648894126460083,0.0015377235370711531,0.5900680902349413
-0.12300949373216157,-0.12340030009629217,1.3957735807049196,-0.9067004708590318,1.2280203549506927,-1.026557146359333,0.3176796198402366,0.3116351689029413,-0.8196056029534865,-0.07369314122636503,-0.23960271935727928,-0.5380755055291739,-0.6627664524278757,-0.24598534268235034,-0.8648894126460083,-0.5000397356458028,0.23325696336986895
-0.3875910190391654,-0.006561594001689922,-0.30129033239885844,-0.9067004708590318,1.191686574214614,-0.9865952602669267,0.3559760055471187,0.8303682232648296,-0.8196056029534865,-0.26115219171923876,0.26954419035780147,-1.45909914992474,-0.26520407995005,-0.6707525246239275,-0.8648894126460083,-0.1913766838409572,-0.09806765443341266
-0.05085089592115657,-0.006561594001689922,-0.3821028996895143,-0.8183199905633959,1.191686574214614,-0.9865952602669267,0.4134205841074406,0.8303682232648296,-0.8196056029534865,-0.26115219171923876,-0.43542845386307905,-1.45909914992474,-0.2823195983143256,-0.9421315575310459,-0.8648894126460083,-0.8472856689262541,-0.3274462359895308
-0.5078553487241677,0.4218469950118505,0.830085609670327,-1.1497467916720303,-1.0488965711769307,0.19228037945912543,-0.23761797290954756,-1.7006913350871438,-0.8910444617613698,-2.885578898619471,-2.119529770612962,-2.031627361305765,-1.2045487263274355,-0.3167798730059467,-0.6027441481058168,-0.22995956531656275,-0.22550019974236715
-1.1572827290231815,-0.24023900619089372,-0.3821028996895143,-1.0613663113763945,-0.8430051470058163,0.19228037945912543,-2.746031236710291,-0.9784897119884797,-0.8910444617613698,-2.885578898619471,-1.6103828608978816,-2.031627361305765,-1.2045487263274355,0.07259004377383238,-0.6027441481058168,-0.5386226171214085,-0.40390576317490345
-1.2414677598026849,-0.20129277082602653,1.0321170278969671,-1.094508991487258,-0.637113722834701,-0.08745282318773386,-2.2864746082277105,-0.2562880888898156,-0.8910444617613698,-2.885578898619471,-1.897593938173056,-1.6333468664320099,-1.491938657990414,-0.045400840098827916,-0.6027441481058168,-0.9887562343368077,-0.5568248175456487
-1.325652790582185,-0.16234653546115935,2.4463369554834484,-1.1276516715981215,-0.3827772576821471,-0.08745282318773386,-2.0375481011329803,0.4659135342088479,-0.8910444617613698,-2.885578898619471,-2.184805015448236,-1.6333468664320099,-1.589440269847541,-0.1633917239714882,-0.6027441481058168,-1.4388898515522077,-0.760716890039976
-0.6521725443461692,-0.16234653546115935,-0.13966519781754616,-1.4369833526328468,-0.6007799420986223,-0.08745282318773386,-1.8843625583054548,1.1881151573075115,-0.8910444617613698,-2.885578898619471,-2.472016092723405,-1.483991680854352,-1.0105367318976695,-0.2813826078441485,-0.6027441481058168,-1.889023468767607,-0.990095471596094
-2.1434502324401987,-0.12340030009629217,0.10277250405442194,-1.2823175121154842,-0.6007799420986223,-0.44710979801941125,-1.3865095441159954,1.1881151573075115,-0.8910444617613698,-2.885578898619471,-2.746172121031521,-1.4093140880655188,-1.1185623968539544,-1.001126999467376,-0.6027441481058168,-0.4228739726945911,-1.2194740531522121
0.18967776344884815,0.928148054755126,0.5876479077983588,0.8167188949058669,0.8404600270991829,0.7717277277990485,-0.10358062293546078,-1.6559729683318085,-0.4445515942120995,0.67614306074513,0.5828653655670866,-0.31404272716268733,0.6527873721718337,1.0519143799169128,1.0487710184973893,-0.9244514318774651,0.4626355449259869
0.9353166074958605,0.5776319364713199,0.021959936763766143,1.0818603357927747,1.312799176668211,0.7717277277990485,-0.4099517085905131,-0.940479100246445,-0.4445515942120995,0.20749543451294558,0.5828653655670866,-0.1646875415850261,0.6527873721718337,1.0519143799169128,1.0487710184973893,-0.9244514318774651,0.25874347243166
0.7789729789053561,0.6555244072010543,0.3856164895717186,0.9050993752015029,1.7851383262372391,1.151365645676929,-0.3333589371767515,-0.2249852321610814,-0.4445515942120995,-0.26115219171923876,0.5828653655670866,0.10913029864067998,0.4813144233877837,1.0519143799169128,1.0487710184973893,-0.9244514318774651,0.029364890875541828
0.6226293503148551,0.7334168779307894,0.7492730423796704,0.7283384146102311,1.1553527934785344,1.151365645676929,-0.007839658668256793,0.4905086359242822,-0.4445515942120995,-0.07369314122636503,0.5828653655670866,0.10913029864067998,0.37692363379723026,1.0519143799169128,1.0487710184973893,-0.9244514318774651,-0.276473217865949
0.5023650206298528,0.6165781718361871,-0.22047776510820194,0.41900673357550594,0.9736838897981389,1.151365645676929,-0.1610252014957833,1.2060025040096458,-0.4445515942120995,0.11376590926650872,0.5828653655670866,0.4078406697959989,0.7168936382109096,1.0519143799169128,1.0487710184973893,-0.9244514318774651,-0.531338308483858
-0.02679802998415832,0.6944706425659222,-0.30129033239885844,0.4411018536494148,0.9736838897981389,1.2312894178617473,-0.5439890585645992,1.2060025040096458,-0.4445515942120995,0.11376590926650872,0.5828653655670866,0.4327332007256083,0.7039463776005608,1.0519143799169128,0.943912912681313,-0.9244514318774651,-0.8116899081635577
0.5745236184408534,-0.47391641838009757,-1.2710411398867312,0.6399579343145955,-0.9398952289686936,0.9515562152148865,0.14534588415926836,-0.7258309398208351,2.0200890346598723,1.4259792627166248,0.26954419035780147,-0.28915019623307536,0.5902221221433127,-0.0571999284860937,0.4982659629629877,0.04012060501267669,1.3801498711504596
1.2480038646768667,-0.7465400659341692,-1.3518537071773873,0.9934798554971388,-0.42516666854090623,0.9515562152148865,0.12619769130582864,-0.31665788400951783,2.0200890346598723,1.0510611617308774,0.19121389655548574,-0.18958007251463807,0.5902221221433127,0.11978639732289674,0.4982659629629877,-0.11421092088974615,1.1252847805325505
0.7188408140628549,-0.6102282421571338,-1.4326662744680436,0.9161469352384575,0.08956189188688105,0.7917086708452531,0.5474579340815267,0.09251517180179843,2.0200890346598723,0.67614306074513,1.0528471283810032,-0.18958007251463807,0.5656151195005179,0.284973634744621,0.4982659629629877,-0.11421092088974615,0.9723657261618048
0.18967776344884815,-0.47391641838009757,-1.5134788417586997,0.8388140149797758,-0.6734475035707798,0.7917086708452531,0.22193865557303263,0.5016882276131159,2.0200890346598723,1.0510611617308774,-0.3179330131595999,-0.2393651343738594,0.5412424692638415,-0.43477075687860695,0.4982659629629877,-0.6929541430238313,0.7175006355438959
0.06941343376384579,-0.20129277082602653,-1.5134788417586997,-0.13337126827221807,-1.1700091736305278,0.7917086708452531,-0.007839658668256793,0.9108612834244335,2.0200890346598723,1.4259792627166248,-0.004611837950314719,-0.2393651343738594,0.7693268229712282,-0.3639762265550106,0.4982659629629877,-0.7315370244994368,0.25874347243166
-0.02679802998415832,-0.357077712285496,-1.6751039763400115,0.08757993246687154,-1.1700091736305278,0.751746784752844,0.030456727038624662,0.9108612834244335,2.0200890346598723,1.4259792627166248,0.3087093372589656,-0.09000994879619814,0.6275794845090108,-0.3639762265550106,-0.15709719838749103,0.04012060501267669,-0.021608127248040013
0.06941343376384579,0.8502555840253909,0.7492730423796704,0.5515774540189596,1.0463514512702974,0.392089809921168,0.3176796198402366,-1.6649166416828751,0.2519772791647622,1.6134383132094987,0.7003608062705665,-0.5878605673883952,0.7299048359106924,1.205302528951371,2.2022101824742326,1.0046926419028186,1.4820959073976228
-0.05085089592115657,0.4218469950118505,-0.13966519781754616,0.6399579343145955,1.4520786694898475,0.392089809921168,0.4134205841074406,-0.9069403251799436,0.2519772791647622,1.8008973637023724,0.7003608062705665,-0.5878605673883952,0.7299048359106924,1.205302528951371,2.2022101824742326,1.0046926419028186,1.3036903439650867
-0.1350359267006577,0.4607932303767177,0.18358507134507845,0.5847201341298232,1.8578058877093968,0.8916133860762743,0.7006434769090525,-0.14896400867701204,0.2519772791647622,1.9883564141952461,0.5437002186659224,0.18380789142950973,0.5656151195005179,1.5238779154075541,2.2022101824742326,0.9275268789516075,1.1507712895943414
-0.2192209574801614,0.49973946574158556,0.5068353405077023,0.5294823339450507,1.300687916422851,0.8916133860762743,0.5091615483746446,0.6090123078259208,0.2519772791647622,1.8008973637023724,0.5437002186659224,-0.015332356007369286,0.5171008394085566,0.7687362586225284,2.2022101824742326,0.04012060501267669,0.692014126482105
-0.24327382341716391,0.38290075964698334,-1.028603438014763,0.3527213733537789,0.9857951500434987,0.8916133860762743,0.45171696981432274,1.3669886243288523,0.2519772791647622,1.6134383132094987,-0.22002014590669966,-0.06511741786658881,0.9613566053021894,0.7687362586225284,2.2022101824742326,-0.056336598676337495,0.23325696336986895
-0.45974961685016613,0.6555244072010543,-0.5437280342708266,0.37481649342768775,0.9857951500434987,1.0514609304459077,0.566606126934967,1.3669886243288523,0.2519772791647622,1.6134383132094987,-0.983740510479317,-0.06511741786658881,0.7429804454802772,0.7687362586225284,2.333282814744328,-0.15279380236535167,-0.09806765443341266
0.021307701889843305,0.5776319364713199,0.26439763863573423,3.3797528234793064,-0.019439450321356088,0.751746784752844,1.198496491098512,-1.190901954076322,-0.23023501778844974,0.67614306074513,1.4053334504914463,1.4035419069803932,0.8363541309456903,2.939768521879478,0.511373226189997,-0.037045157938534384,-0.9391224534725122
0.23778349532284548,0.2271158181875139,-0.22047776510820194,3.4018479435532156,0.21067449434047805,0.751746784752844,1.141051912538191,-0.5111827793952268,-0.23023501778844974,0.4886840102522562,1.4053334504914463,1.4533269688396135,0.8363541309456903,2.939768521879478,0.511373226189997,-0.037045157938534384,-1.015581980657885
0.09346629970084404,0.34395452428211615,0.5068353405077031,3.3245150232945346,0.44078843900231224,0.8916133860762743,1.2367928768053948,0.16853639528586842,-0.23023501778844974,0.30122495975938246,1.4053334504914463,1.4533269688396135,0.7168936382109096,2.939768521879478,0.511373226189997,-0.037045157938534384,-1.0920415078432577
-0.05085089592115657,0.4607932303767177,1.2341484461236074,3.2471821030358528,0.586123561946629,0.8916133860762743,1.0644591411244295,0.8482555699669639,-0.23023501778844974,0.20749543451294558,1.4053334504914463,1.8764999946429781,0.6527873721718337,2.939768521879478,0.511373226189997,-0.037045157938534384,-1.1939875440904213
0.06941343376384579,0.4607932303767177,-0.22047776510820194,2.6727089811142197,0.16222945335903943,0.8916133860762743,1.3325338410725989,1.5279747446480594,-0.23023501778844974,0.11376590926650872,1.4053334504914463,1.6773597472061001,1.0626636558232472,2.939768521879478,0.511373226189997,-0.037045157938534384,-1.2959335803375849
-0.33948528716516374,0.30500828891724896,-0.22047776510820194,2.584328500818584,0.16222945335903943,1.491041677462402,1.5048675767535664,1.5279747446480594,-0.23023501778844974,0.11376590926650872,1.4053334504914463,1.6773597472061001,0.9756046622414744,2.939768521879478,0.6555531216871026,-0.037045157938534384,-1.3723931075229576
1.7050083174798762,-1.3307335964071791,-1.190228572596075,0.28643601313205186,0.7556812053816646,-0.12741470928014292,-1.5396950869435215,-0.7526619598740376,-0.7660264588475741,1.4259792627166248,-0.5137587476654003,1.5280045616284423,-0.36588754022991865,-0.42297166849134077,-1.1532492036402189,0.6960295900979728,-0.9136359444107214
2.5468586252748926,-1.3307335964071791,-1.190228572596075,0.33062625327987,1.2885766561774914,-0.12741470928014292,-1.501398701236639,-0.22945706883661596,-0.7660264588475741,1.0510611617308774,-0.7487496290723586,1.5280045616284423,-0.36588754022991865,-0.7061497897857253,-1.1532492036402189,0.8889439974760013,-0.9646089625343032
2.162012770282883,-1.252841125677444,-1.0690097216600911,0.1538652926885982,1.821472106973318,-0.12741470928014292,-1.1375830370212627,0.2937478222008069,-0.7660264588475741,0.67614306074513,0.4653699248636019,1.4284344379100016,-0.5907317306172604,-0.7769443201093217,-1.1532492036402189,0.8503611160003957,-1.0665549987814666
1.777166915290877,-1.1749486549477097,-0.947790870724107,-0.02289566790267326,1.6155806828022037,0.3521279238287589,-1.4631023155297564,0.8169527132382292,-0.7660264588475741,0.67614306074513,-0.23960271935727928,1.7022522781357121,-0.627079526026287,-0.6825516130111934,-1.1532492036402189,1.3905214566588753,-1.1430145259668394
1.7531140493538788,-1.564411008596383,-1.5942914090493554,-0.26594198871567215,1.1795753139692542,0.012451892043287421,-1.022693879900619,1.3401576042756513,-0.7660264588475741,0.67614306074513,-0.35709816006075773,1.4284344379100016,-0.34116261568284456,-0.8359397620456518,-1.1532492036402189,0.9275268789516075,-1.2194740531522121
1.8733783790388812,-1.2917873610423118,-1.1094160053054192,-0.3985127091591258,1.1795753139692542,0.012451892043287421,-0.792915565659329,1.3401576042756513,-0.7660264588475741,0.67614306074513,-0.8270799228746799,1.4284344379100016,-0.446247499730326,-1.0129260878546422,-1.0746056242781612,1.0818584048540296,-1.2959335803375849
0.5023650206298528,-0.7854863012990364,-0.30129033239885844,0.2201506529103252,0.574012301701269,-0.9066714880821085,-0.4865444800042767,-1.77224072189568,0.3412758526746163,-0.07369314122636503,-0.043776984851478844,-0.7621082838956649,0.23355820688005174,0.21417910442102464,1.1012000714054284,0.23303501239070507,-0.22550019974236715
0.18967776344884815,-1.0581099488531074,-0.5437280342708266,-0.06708590805049142,0.6951249041548662,-0.9066714880821085,-0.5822854442714807,-1.0388595071081816,0.3412758526746163,-0.1674226664728019,-0.3962633069619156,-0.7621082838956649,0.23355820688005174,0.36756725345548313,1.1012000714054284,0.6574467086223673,-0.3019597269277398
0.18967776344884815,-0.9412712427585058,-0.22047776510820194,-0.24384686864176286,0.8162375066084632,-0.9066714880821085,-0.2759143586164263,-0.3054782923206853,0.3412758526746163,-0.26115219171923876,1.170342569084488,-0.38872031995151707,0.08820724176261954,0.11978639732289674,1.1012000714054284,-0.4228739726945911,-0.3529327450513216
0.18967776344884815,-0.8244325366639036,0.10277250405442194,-0.4206078292330347,0.17434071360439932,-0.48707168411181895,-0.5056926728577171,0.4279029224668126,0.3412758526746163,-0.1674226664728019,-0.7487496290723586,0.03445270585185113,-0.010324577175040284,-0.6471543478493952,1.1012000714054284,-0.577205498597014,-0.5823113266074398
0.18967776344884815,-0.5128626537449654,-0.8669783034334508,-0.5089883095286706,0.10167315213224093,-0.6269382854352493,-0.601433637124921,1.1612841372543106,0.3412758526746163,-0.07369314122636503,-0.6312541883688795,-0.4633979127403459,0.27677445642480253,-0.4937661988149371,1.1012000714054284,0.4259494197687334,-0.786203399101767
-0.0027451640471592154,-0.707593830569302,-0.7861657361427946,-0.48689318945476173,0.10167315213224093,-0.6269382854352493,-0.5439890585645992,1.1612841372543106,0.3412758526746163,-0.07369314122636503,-0.4745936007642369,-0.4633979127403459,0.1701648342034812,1.3114943244367658,1.1929509139944947,0.07870348648828222,-0.9391224534725122
0.3821006909448504,-1.0581099488531074,-0.22047776510820194,-0.3985127091591258,-0.6250024625893411,-1.3462522350986028,0.3751241984005591,-1.0925215472145846,-0.6945876000396909,-0.82352934319786,-0.9054102166770012,0.8559062265289756,-0.48528166256750016,-0.18698990074602018,-0.8255676229649795,-0.577205498597014,-0.09806765443341266
0.6466822162518551,-1.1749486549477097,-0.05885263052689037,-0.3101322288634899,-0.18294146363371222,-1.3462522350986028,0.7006434769090525,-0.558137064488328,-0.6945876000396909,-0.82352934319786,-0.043776984851478844,0.8559062265289756,-0.48528166256750016,-0.3993734917168088,-0.9173184655540464,0.0015377235370711531,-0.25098670880415797
0.6947879481258558,-1.0970561842179753,0.46642905686237446,-0.38746514912217117,0.25911953532191667,-1.126461861590354,1.2176446839519546,-0.023752581762072907,-0.6945876000396909,-0.82352934319786,-0.23960271935727928,1.2541867214027318,-0.6698261166343614,-0.8949352039819819,-0.9173184655540464,-0.268542446792169,-0.37841925411311245
0.7428936799998574,-1.0191637134882403,0.9917107442516393,-0.46479806938085244,0.05322811115080229,-1.126461861590354,1.0261627554175465,0.5106319009641831,-0.6945876000396909,-0.9172588684442968,-1.0229056573804804,1.6773597472061001,-0.7793940972641114,-0.5173643755894691,-0.9173184655540464,-0.5000397356458028,-0.6077978356692306
-0.07490376185815908,-0.9412712427585058,-0.4629154669801708,-0.6194639098982154,-0.3222209564553486,-1.126461861590354,1.1219037196847506,1.0450163836904391,-0.6945876000396909,-1.0109883936907338,-0.35709816006075773,1.1297240667546826,-0.5980550387495795,-0.7179488781729915,-0.9173184655540464,-0.4228739726945911,-0.8116899081635577
0.3580478250078478,-0.8244325366639036,-0.13966519781754616,-0.5973687898243065,-0.3222209564553486,-0.9865952602669267,1.0644591411244295,1.0450163836904391,-0.6945876000396909,-1.0109883936907338,-0.35709816006075773,1.1297240667546826,-0.6838688483289972,-0.9303324691437801,-0.9173184655540464,-1.310280246633522,-0.9391224534725122
0.16562489751184561,-0.5907551244746998,-1.190228572596075,-0.6636541500460331,-0.6613362433254207,-1.8257948682075025,-1.501398701236639,-2.040550922427691,-0.40883216480815787,0.11376590926650872,-0.3179330131595999,-0.7621082838956649,0.15976217723342778,0.07259004377383238,-1.4547162578614392,-0.9244514318774651,0.946879217100014
-0.14706235966916067,-0.9023250073936386,-1.190228572596075,-0.6857492701199422,-0.29194280584194937,-1.8257948682075025,-1.3482131584091133,-1.4681558279594011,-0.40883216480815787,0.11376590926650872,-0.23960271935727928,-0.7621082838956649,0.15976217723342778,-0.1633917239714882,-1.4547162578614392,0.3487836568175223,0.6410411083585235
-0.07490376185815908,-0.7465400659341692,-1.0690097216600911,-0.7630821903786237,0.07745063164152118,-1.4661378933758271,-0.8503601442196502,-0.8957607334911097,-0.40883216480815787,0.11376590926650872,0.5828653655670866,0.08423776771107243,-0.08618790666190472,-0.43477075687860695,-1.4547162578614392,0.3487836568175223,0.48812205398777814
-0.0027451640471592154,-0.5907551244746998,-0.947790870724107,-0.840415110637305,-0.21321961424711147,-1.4661378933758271,-0.984397494193737,-0.3233656390228184,-0.40883216480815787,-0.07369314122636503,-0.983740510479317,0.08423776771107243,-0.11398740992044767,-1.0955197065655045,-1.4547162578614392,-0.34570820974338007,0.1313109271227055
-0.14706235966916067,-0.5128626537449654,-1.5134788417586997,-0.9729858310807586,-0.4796673396450252,-1.4661378933758271,-1.022693879900619,0.2490294554454717,-0.40883216480815787,-0.26115219171923876,-1.3753919794909177,-0.18958007251463807,0.18061352062915362,-0.3993734917168088,-1.4547162578614392,-1.4260288910603391,-0.276473217865949
-0.604066812472171,-0.5518088891098326,-1.5134788417586997,-1.0392711913024855,-0.4796673396450252,-1.3262712920523967,-1.0609902656075012,0.2490294554454717,-0.40883216480815787,-0.26115219171923876,-0.5137587476654003,-0.18958007251463807,0.03841272811494058,-0.847738850432918,-1.035283834597133,0.0015377235370711531,-0.5568248175456487
2.3544356977788907,1.9018039388768084,1.1533358788329509,-0.33222734893739875,0.029005590660082545,1.9705843105713037,-0.2950625514698687,-1.8527337820552838,2.4308624728052015,0.8636021112380037,1.1311774221833237,-0.8616784076141057,0.78259856425096,0.08438913216109857,-0.0522390925714148,2.5094250194514394,4.464017467627158
1.007475205306862,1.6291802913227373,1.072523311542295,-0.5310834296025795,0.2409526449538773,1.9705843105713037,-0.5631372514180383,-1.1439476689832209,2.4308624728052015,0.4886840102522562,0.7982736735234605,-0.8616784076141057,0.78259856425096,-0.3167798730059467,-0.0522390925714148,1.853516034366143,4.23463888607104
0.8992373085903584,1.8044383504646402,1.1533358788329509,-0.5200358695656249,0.4528996992476721,1.9705843105713037,0.12619769130582864,-0.43516155591115613,2.4308624728052015,0.11376590926650872,0.4653699248636019,-0.986141062262155,0.6275794845090108,-0.7179488781729915,-0.0522390925714148,1.1976070492808468,3.826854741082385
0.7909994118738599,1.9796964096065441,1.2341484461236074,-0.5089883095286706,-0.28588717571926986,2.530050715865024,-0.10358062293546078,0.2736245571609066,2.4308624728052015,0.020036384020071844,-1.453722273293239,-0.7621082838956649,0.5171008394085566,-1.2253096788254307,-0.0522390925714148,-0.5386226171214085,3.0112864511050765
0.7188408140628549,2.135481351066013,0.021959936763766143,-0.840415110637305,-1.0973416121583692,2.190374684079551,-0.6780264085386847,0.9824106702329696,2.4308624728052015,-0.07369314122636503,-0.7095844821712007,-0.7870008148252724,0.8363541309456903,-1.2253096788254307,-0.0522390925714148,-0.3071253282677745,2.272177688313141
0.5504707525038552,1.823911468147074,-0.13966519781754616,-0.5089883095286706,-1.0973416121583692,2.190374684079551,-1.041842072754059,0.9824106702329696,2.4308624728052015,-0.07369314122636503,0.034553308950843145,-0.7870008148252724,0.6654835399824995,-1.2253096788254307,0.013297223563633076,-0.0756280394141406,1.507582416459414
2.7152286868338975,-0.5907551244746998,-0.5437280342708266,1.0155749755710477,-0.21321961424711147,0.2322422655515345,0.9304217911503426,-1.360831747746596,0.09123984684702485,0.8636021112380037,-1.1404010980839596,2.050747711150248,0.24428959620086171,0.3911654302300151,1.468203441761696,1.0818584048540296,1.7879340161391137
4.086242045242923,-0.707593830569302,-0.8669783034334508,1.833094418305679,0.2530639051992372,0.2322422655515345,0.7006434769090525,-0.7616056332251041,0.09123984684702485,0.9573316364844405,-0.5529238945665582,2.0009626492910275,0.24428959620086171,-0.35217713816774443,1.468203441761696,0.9275268789516075,1.8389070342626954
3.557078994628913,-0.4933895360625315,-0.8265720197881229,1.4685249370861815,0.7193474246455859,0.5319564112445984,0.18364226986615118,-0.16237951870361184,0.09123984684702485,1.0510611617308774,-0.004611837950314719,2.0009626492910275,0.08820724176261954,0.20238001603375885,1.468203441761696,0.7346124715735791,1.5585554345829957
3.027915944014902,-0.2791852415557609,-0.7861657361427946,1.1039554558666835,0.8525712873445419,0.5319564112445984,0.030456727038624662,0.43684659581787977,0.09123984684702485,1.0510611617308774,-1.2578965387874386,1.776929870924541,0.21223883210463557,-0.19878898913328638,1.468203441761696,1.7377673899393258,0.8704196899146416
0.5985764843778526,-0.24023900619089372,-0.7053531688521388,1.1039554558666835,0.5497897812105493,0.5319564112445984,0.3559760055471187,1.036072710339372,0.09123984684702485,1.0510611617308774,-1.9237040361071613,1.8018224018541493,-0.0006600732324310385,-0.45836893365313897,1.468203441761696,0.5802809456711563,0.7429871446056872
1.5366382559208722,-0.357077712285496,-1.190228572596075,0.8167188949058669,0.5497897812105493,0.7117848986604364,0.22193865557303263,1.036072710339372,0.09123984684702485,1.0510611617308774,-0.983740510479317,1.8018224018541493,0.07816211476702684,-0.45836893365313897,1.468203441761696,-0.577205498597014,0.23325696336986895
