state,year,abortion_restricted,inadequate_prenatal_care,no_cancer_screen,infant_mortality,maternal_mortality,maternity_care_desert,maternity_practices_score,no_postpartum_visit,unintended_pregnancy,no_preventative,patients_per_doctor,inadequate_prenatal_care_z,no_cancer_screen_z,infant_mortality_z,maternal_mortality_z,maternity_care_desert_z,maternity_practices_score_z,no_postpartum_visit_z,unintended_pregnancy_z,no_preventative_z,patients_per_doctor_z,risk_index,post_dobbs,policy_shock
AK,2018,1,31.59999999999999,19.200000000000003,5.6,24.9,6.8,-83.0,11.0,25.5,29.0,1020.408163265306,1.5785927839801268,-1.5012035372137984,-0.10490914358377397,0.07869059571943281,0.32282970750292933,-0.44779780320706014,0.4254319672124842,-0.3044277818344056,0.4816433420779301,-2.3652517750725486,-0.18364016444186834,0.0,0.0
AK,2019,1,31.299999999999997,25.950000000000003,5.6,24.9,6.8,-82.5,11.700000000000005,28.1,29.0,1020.408163265306,1.521252366119389,-0.8986002341543282,-0.10490914358377397,0.07869059571943281,0.32282970750292933,-0.3542382319086887,0.6990908853594872,0.0017922577568050603,0.4816433420779301,-2.3652517750725486,-0.0617700230183366,0.0,0.0
AK,2020,1,34.0,32.7,6.2,24.9,6.8,-82.0,15.0,24.8,31.09999999999999,980.3921568627452,2.037316126866041,-0.29599693109485803,0.41837260874974463,0.07869059571943281,0.32282970750292933,-0.2606786606103173,1.9891972137667764,-0.38687163864742374,1.003438633794504,-2.450708035156649,0.2455589620890181,0.0,0.0
AK,2021,1,33.400000000000006,39.45,6.2,24.9,6.8,-82.0,14.599999999999994,22.766666666666666,33.599999999999994,969.9321047526672,1.922635291144564,0.3066063719646121,0.41837260874974463,0.07869059571943281,0.32282970750292933,-0.2606786606103173,1.832820689111345,-0.6263514131995245,1.6246235048856672,-2.4730460197276143,0.3146502675540838,0.0,0.0
AK,2023,1,33.400000000000006,46.2,6.9,23.4,6.8,-82.0,13.799999999999995,18.7,29.299999999999997,950.5703422053232,1.922635291144564,0.9092096750240823,1.0288679864721826,-0.11756185384589919,0.32282970750292933,-0.2606786606103173,1.520067639800487,-1.1053109623037254,0.5561855266088689,-2.514394069287766,0.22618502805054072,1.0,1.0
AR,2018,1,27.5,16.400000000000006,7.3,38.3,13.8,-69.0,11.200000000000005,35.4,24.5,3367.003367003367,0.7949404065500282,-1.751172314779208,1.377722488027861,1.8318791451697318,1.5707428625562696,2.1718701931473396,0.5036202295402007,0.8615639073782804,-0.6364894258861619,2.6460241634956025,0.9370701655199944,0.0,0.0
AR,2019,1,26.200000000000003,25.625,7.3,38.3,13.8,-72.0,11.200000000000005,35.4,25.299999999999997,3367.003367003367,0.5464652624868261,-0.9276144672645993,1.377722488027861,1.8318791451697318,1.5707428625562696,1.6105127653571112,0.5036202295402007,0.8615639073782804,-0.4377102671369907,2.6460241634956025,0.9583206089610293,0.0,0.0
AR,2020,1,28.5,34.849999999999994,8.0,38.3,13.8,-75.0,11.700000000000005,33.7,25.59999999999999,3289.4736842105262,0.9860751327524917,-0.10405661974999053,1.988217865750299,1.8318791451697318,1.5707428625562696,1.0491553375668827,0.6990908853594872,0.6613431122609509,-0.36316808260605277,2.4804554990384013,1.0799735138098472,0.0,0.0
AR,2021,1,28.09999999999999,44.075,8.0,38.3,13.8,-75.5,12.900000000000006,32.3,25.59999999999999,3267.97385620915,0.9096212422715045,0.7195012277646194,1.988217865750299,1.8318791451697318,1.5707428625562696,0.9555957662685113,1.1682204593257752,0.49645539863491384,-0.36316808260605277,2.43454149965111,1.1711607384786682,0.0,0.0
AR,2023,1,25.799999999999997,53.3,8.0,35.3,13.8,-76.0,15.700000000000005,32.3,26.799999999999997,3289.4736842105262,0.47001137200583964,1.5430590752792281,1.988217865750299,1.4393742460390677,1.5707428625562696,0.8620361949701398,2.2628561319137797,0.49645539863491384,-0.06499934448229334,2.4804554990384013,1.3048209301705644,1.0,1.0
AZ,2018,1,29.09999999999999,20.59999999999999,5.6,30.0,0.1,-77.0,14.799999999999995,29.1,30.0,2409.6385542168673,1.100755968473968,-1.3762191484310946,-0.10490914358377397,0.7459489242415618,-0.8716014551909821,0.6749170523733969,1.91100895143906,0.1195691960611168,0.730117290514395,0.601521880738732,0.35311095166363804,0.0,0.0
AZ,2019,1,30.59999999999999,29.09999999999999,5.6,30.0,0.1,-77.5,14.799999999999995,29.1,30.0,2409.6385542168673,1.3874580577776634,-0.6173853593932432,-0.10490914358377397,0.7459489242415618,-0.8716014551909821,0.5813574810750255,1.91100895143906,0.1195691960611168,0.730117290514395,0.601521880738732,0.44830858236795557,0.0,0.0
AZ,2020,1,31.0,37.599999999999994,5.3,30.0,0.1,-78.0,14.799999999999995,29.1,30.0,2398.0815347721823,1.4639119482586505,0.14144842964460844,-0.36655001975053286,0.7459489242415618,-0.8716014551909821,0.4877979097766541,1.91100895143906,0.1195691960611168,0.730117290514395,0.5768412654487763,0.4938492440443308,0.0,0.0
AZ,2021,1,28.5,46.1,5.8,30.0,0.1,-77.5,13.199999999999989,28.55,34.0,2375.296912114014,0.9860751327524917,0.9002822186824604,0.06951810719406556,0.7459489242415618,-0.8716014551909821,0.5813574810750255,1.2855028528173404,0.054791879993745254,1.7240130842602546,0.5281835203403112,0.6004071746166275,0.0,0.0
AZ,2023,1,27.700000000000003,54.6,5.9,30.4,0.1,-77.0,12.200000000000005,28.0,33.400000000000006,2493.7655860349128,0.8331673517905214,1.6591160077203118,0.15673173258298573,0.7982829107923168,-0.8716014551909821,0.6749170523733969,0.8945615411787737,-0.00998543607362628,1.574928715198377,0.7811795267022783,0.6491297947074354,1.0,1.0
CA,2018,0,21.200000000000003,22.40000000000001,4.2,10.5,0.1,-86.0,12.5,31.2,30.40000000000001,2341.9203747072597,-0.4092083685254915,-1.2155249342819008,-1.3258998990286492,-1.8053329201077541,-0.8716014551909821,-1.0091552309972887,1.0118439346703438,0.36690076650017117,0.8295068698889833,0.4569061911474668,-0.3971565045925101,0.0,0.0
CA,2019,0,21.299999999999997,29.575000000000003,4.2,10.5,0.1,-86.5,12.5,31.2,30.40000000000001,2341.9203747072597,-0.3900948959052462,-0.5749799417705387,-1.3258998990286492,-1.8053329201077541,-0.8716014551909821,-1.10271480229566,1.0118439346703438,0.36690076650017117,0.8295068698889833,0.4569061911474668,-0.3405466152091865,0.0,0.0
CA,2020,0,25.5,36.75,4.1,10.5,0.1,-87.0,12.5,31.2,33.7,2252.252252252252,0.41267095414510113,0.0655650507408238,-1.4131135244175692,-1.8053329201077541,-0.8716014551909821,-1.1962743735940315,1.0118439346703438,0.36690076650017117,1.6494708997293157,0.2654152583272016,-0.15144554091973808,0.0,0.0
CA,2021,0,25.799999999999997,43.925,4.1,10.5,0.1,-87.0,12.5,31.2,33.900000000000006,2197.802197802198,0.47001137200583964,0.7061100432521863,-1.4131135244175692,-1.8053329201077541,-0.8716014551909821,-1.1962743735940315,1.0118439346703438,0.36690076650017117,1.6991656894166094,0.14913433894041622,-0.08831561285247705,0.0,0.0
CA,2023,0,25.5,51.1,4.1,10.1,0.1,-87.0,12.5,31.2,28.700000000000003,2298.8505747126437,0.41267095414510113,1.3466550357635494,-1.4131135244175692,-1.8576669066585094,-0.8716014551909821,-1.1962743735940315,1.0118439346703438,0.36690076650017117,0.40710115754699133,0.3649283962350152,-0.14285560149999202,1.0,0.0
CO,2018,0,31.299999999999997,21.90000000000001,4.8,16.0,1.7,-85.0,8.5,28.2,32.400000000000006,1631.3213703099511,1.521252366119389,-1.2601622159900097,-0.8026181466951313,-1.0857406050348701,-0.5863641626073613,-0.8220360884005459,-0.5519213118839484,0.013569951587235982,1.326454766761912,-1.0606148909011668,-0.3308180337044497,0.0,0.0
CO,2019,0,30.40000000000001,27.65000000000001,4.8,16.0,1.7,-85.0,9.200000000000005,24.3,32.400000000000006,1631.3213703099511,1.349231112537174,-0.7468334763467573,-0.8026181466951313,-1.0857406050348701,-0.5863641626073613,-0.8220360884005459,-0.2782623937369455,-0.4457601077995796,1.326454766761912,-1.0606148909011668,-0.3152543992223272,0.0,0.0
CO,2020,0,32.900000000000006,33.400000000000006,4.8,16.0,1.7,-85.0,11.5,25.5,32.8,1592.3566878980891,1.8270679280433322,-0.23350473670350533,-0.8026181466951313,-1.0857406050348701,-0.5863641626073613,-0.8220360884005459,0.6209026230317708,-0.3044277818344056,1.425844346136496,-1.1438259939978856,-0.11047026180621063,0.0,0.0
CO,2021,0,29.59999999999999,39.15,4.8,16.0,1.7,-85.5,7.799999999999997,22.6,32.5,1555.2099533437015,1.1963233315751998,0.2798240029397464,-0.8026181466951313,-1.0857406050348701,-0.5863641626073613,-0.9155956596989173,-0.8255802300309507,-0.6459809029169095,1.3513021616055572,-1.223154775021662,-0.3257584985885299,0.0,0.0
CO,2023,0,30.09999999999999,44.9,4.5,17.0,1.7,-86.0,8.0,33.9,31.200000000000003,1577.2870662460568,1.2918906946764315,0.7931527425829987,-1.0642590228618902,-0.9549056386579822,-0.5863641626073613,-1.0091552309972887,-0.747391967703235,0.6848984999218127,1.0282860286381534,-1.1760079537444397,-0.17398560107528008,1.0,0.0
CT,2018,0,16.299999999999997,17.799999999999997,4.3,15.6,0.0,-85.0,5.599999999999994,24.4,22.700000000000003,1499.2503748125937,-1.3457685269175639,-1.6261879259965037,-1.2386862736397297,-1.1380745915856254,-0.8894287859774583,-0.8220360884005459,-1.6856511156358125,-0.43398241396914866,-1.083742533071798,-1.3426593614874658,-1.160621761668165,0.0,0.0
CT,2019,0,15.099999999999994,24.924999999999997,4.3,15.6,0.0,-86.0,4.799999999999997,24.2,22.700000000000003,1499.2503748125937,-1.5751301983605206,-0.990106661655952,-1.2386862736397297,-1.1380745915856254,-0.8894287859774583,-1.0091552309972887,-1.99840416494667,-0.45753780163001095,-1.083742533071798,-1.3426593614874658,-1.1722925603352519,0.0,0.0
CT,2020,0,15.599999999999994,32.05,4.4,15.6,0.0,-87.0,7.799999999999997,23.9,22.90000000000001,1457.725947521866,-1.4795628352592889,-0.3540253973154001,-1.1514726482508095,-1.1380745915856254,-0.8894287859774583,-1.1962743735940315,-0.8255802300309507,-0.49287088312130456,-1.0340477433845034,-1.431336932724876,-0.999267442124425,0.0,0.0
CT,2021,0,15.200000000000005,39.175,4.5,15.6,0.0,-87.0,5.099999999999994,18.9,24.0,1416.43059490085,-1.5560167257402722,0.28205586702515173,-1.0642590228618902,-1.1380745915856254,-0.8894287859774583,-1.1962743735940315,-1.8811217714550992,-1.081755574642863,-0.7607264001043943,-1.5195253031070919,-1.0805126682043573,0.0,0.0
CT,2023,0,15.799999999999995,46.3,4.4,16.2,0.0,-87.0,6.599999999999994,20.6,21.09999999999999,1584.7860538827258,-1.441335890018796,0.9181371313657035,-1.1514726482508095,-1.0595736117594927,-0.8894287859774583,-1.1962743735940315,-1.2947098039972396,-0.8815347795255329,-1.4813008505701448,-1.159993476152652,-0.9637487088480453,1.0,0.0
DE,2018,0,28.299999999999997,18.799999999999997,6.2,18.9,0.0,-83.0,12.299999999999995,32.8,23.09999999999999,1953.125,0.9478481875119984,-1.536913362580286,0.41837260874974463,-0.7063192025418952,-0.8894287859774583,-0.44779780320706014,0.9336556723426274,0.5553438677870697,-0.984352953697215,-0.37338652537790323,-0.20829782969903782,0.0,0.0
DE,2019,0,24.5,27.25,6.2,18.9,0.0,-83.5,9.799999999999995,34.6,23.09999999999999,1953.125,0.2215362279426376,-0.7825433017132453,0.41837260874974463,-0.7063192025418952,-0.8894287859774583,-0.5413573745054315,-0.04369760675380526,0.7673423567348313,-0.984352953697215,-0.37338652537790323,-0.29138345571397406,0.0,0.0
DE,2020,0,22.0,35.7,5.8,18.9,0.0,-84.0,12.0,33.7,25.59999999999999,1953.125,-0.2563005875635212,-0.028173240846204633,0.06951810719406556,-0.7063192025418952,-0.8894287859774583,-0.634916945803803,0.8163732788510573,0.6613431122609509,-0.36316808260605277,-0.37338652537790323,-0.17044588724107645,0.0,0.0
DE,2021,0,22.0,44.15,6.2,18.9,0.0,-88.5,12.299999999999995,31.0,25.59999999999999,1912.0458891013384,-0.2563005875635212,0.7261968200208354,0.41837260874974463,-0.7063192025418952,-0.8894287859774583,-1.4769530874891459,0.9336556723426274,0.3433453788393089,-0.36316808260605277,-0.46111310033054453,-0.17317123665561018,0.0,0.0
DE,2023,0,21.40000000000001,52.6,6.8,18.9,0.0,-93.0,11.099999999999994,27.2,24.0,2159.8272138228945,-0.37098142328499756,1.480566880887876,0.9416543610832625,-0.7063192025418952,-0.8894287859774583,-2.3189892291744885,0.4645260983763393,-0.10420698671707575,-0.7607264001043943,0.06803678825086952,-0.2195867899201962,1.0,0.0
FL,2018,1,28.90000000000001,21.09999999999999,6.1,24.1,0.9,-81.0,10.700000000000005,42.1,25.700000000000003,2506.2656641604012,1.062529023233479,-1.3315818667229857,0.3311589833608245,-0.025977377382077216,-0.7289828088991717,-0.07355951801357444,0.3081495737209141,1.6506693940171693,-0.3383206877624033,0.8078740927870878,0.16619588083392625,0.0,0.0
FL,2019,1,28.90000000000001,28.39999999999999,6.1,24.1,0.9,-81.0,10.700000000000005,42.1,27.59999999999999,2506.2656641604012,1.062529023233479,-0.6798775537845956,0.3311589833608245,-0.025977377382077216,-0.7289828088991717,-0.07355951801357444,0.3081495737209141,1.6506693940171693,0.13377981426687696,0.8078740927870878,0.2785763623306933,0.0,0.0
FL,2020,1,32.3,35.69999999999999,6.0,24.1,0.9,-81.0,10.700000000000005,37.9,27.40000000000001,2409.6385542168673,1.7123870923218525,-0.028173240846205903,0.2439453579719051,-0.025977377382077216,-0.7289828088991717,-0.07355951801357444,0.3081495737209141,1.1560062531390596,0.08408502457958858,0.601521880738732,0.3249402237331023,0.0,0.0
FL,2021,1,35.3,43.0,5.9,24.1,0.9,-82.0,10.666666666666671,37.9,27.40000000000001,2336.448598130841,2.285791270929243,0.6235310720921851,0.15673173258298573,-0.025977377382077216,-0.7289828088991717,-0.2606786606103173,0.2951181966662951,1.1560062531390596,0.08408502457958858,0.4452209280671764,0.40308456311649676,0.0,0.0
FL,2023,1,34.0,50.3,6.0,24.5,0.9,-83.0,10.599999999999994,37.9,29.09999999999999,2444.987775061125,2.037316126866041,1.2752353850305749,0.2439453579719051,0.0263566091686778,-0.7289828088991717,-0.44779780320706014,0.26905544255705277,1.1560062531390596,0.5064907369215743,0.6770119778725595,0.5014637277421212,1.0,1.0
GA,2018,1,25.5,17.299999999999997,7.0,32.1,4.9,-73.0,10.200000000000005,38.5,27.09999999999999,2136.7521367521367,0.41267095414510113,-1.6708252077046126,1.116081611861102,1.0207023536330269,-0.01588957744012006,1.4233936227603683,0.11267891790162758,1.226672416121647,0.009542840048644531,0.018758762658262134,0.36537866939850466,0.0,0.0
GA,2019,1,24.299999999999997,23.65000000000001,7.0,32.1,4.9,-74.0,8.5,32.6,29.700000000000003,2136.7521367521367,0.18330928270214436,-1.1039317300116285,1.116081611861102,1.0207023536330269,-0.01588957744012006,1.2362744801636256,-0.5519213118839484,0.5317884801262078,0.6555751059834563,0.018758762658262134,0.3090747457792128,0.0,0.0
GA,2020,1,25.200000000000003,30.0,6.7,32.1,4.9,-75.0,10.799999999999995,27.1,28.40000000000001,2096.4360587002097,0.3553305362843626,-0.5370382523186463,0.8544407356943431,1.0207023536330269,-0.01588957744012006,1.0491553375668827,0.3472437048847678,-0.11598468054750667,0.33255897301605347,-0.06733831601863155,0.32231808147545316,0.0,0.0
GA,2021,1,24.0,36.35,6.7,32.1,4.9,-76.5,9.299999999999995,27.9,28.40000000000001,2074.688796680498,0.12596886484140585,0.02985522537433681,0.8544407356943431,1.0207023536330269,-0.01588957744012006,0.7684766236717684,-0.2391682625730918,-0.02176312990405762,0.33255897301605347,-0.11378072360367825,0.2741401082709986,0.0,0.0
GA,2023,1,24.40000000000001,42.7,7.0,30.4,4.9,-78.0,10.700000000000005,10.0,29.799999999999997,2145.9227467811156,0.202422755322393,0.59674870306732,1.116081611861102,0.7982829107923168,-0.01588957744012006,0.4877979097766541,0.3081495737209141,-2.129970325551237,0.6804225008271013,0.03834307669206156,0.2082389139068505,1.0,1.0
HI,2018,1,35.400000000000006,18.5,6.0,16.1,0.0,-68.0,7.0,23.0,22.700000000000003,1792.1146953405018,2.304904743549491,-1.5636957316051512,0.2439453579719051,-1.0726571083971812,-0.8894287859774583,2.3589893357440825,-1.138333279341808,-0.5988701275951849,-1.083742533071798,-0.7172323937732505,-0.21561205224963534,0.0,0.0
HI,2019,1,36.3,27.200000000000003,6.0,16.1,0.0,-71.5,7.0,23.0,22.700000000000003,1792.1146953405018,2.4769259971317066,-0.7870070298840559,0.2439453579719051,-1.0726571083971812,-0.8894287859774583,1.7040723366554826,-1.138333279341808,-0.5988701275951849,-1.083742533071798,-0.7172323937732505,-0.18623275662816424,0.0,0.0
HI,2020,1,39.7,35.900000000000006,5.0,16.1,0.0,-75.0,9.5,25.8,24.90000000000001,1715.2658662092624,3.126784066220084,-0.010318328162960818,-0.6281908959172918,-1.0726571083971812,-0.8894287859774583,1.0491553375668827,-0.16098000024537537,-0.269094700343112,-0.5370998465115736,-0.881347059872902,-0.027317732164088837,0.0,0.0
HI,2021,1,37.6,44.599999999999994,5.2,16.1,0.0,-75.0,11.299999999999995,23.0,24.90000000000001,1557.632398753894,2.72540114119491,0.7663703735581331,-0.4537636451394523,-1.0726571083971812,-0.8894287859774583,1.0491553375668827,0.5427143607040543,-0.5988701275951849,-0.5370998465115736,-1.2179815170275885,0.0313840182375541,0.0,0.0
HI,2023,1,37.6,53.3,5.3,16.6,0.0,-75.0,8.0,24.2,27.700000000000003,1628.6644951140065,2.72540114119491,1.5430590752792281,-0.36655001975053286,-1.0072396252087372,-0.8894287859774583,1.0491553375668827,-0.747391967703235,-0.45753780163001095,0.15862720911052647,-1.0662887858788803,0.09418057770026929,1.0,1.0
IA,2018,1,14.5,18.59999999999999,5.0,19.5,10.1,-72.0,6.599999999999994,24.1,22.0,2659.574468085106,-1.6898110340819976,-1.5547682752635301,-0.6281908959172918,-0.6278182227157622,0.9111316234566469,1.6105127653571112,-1.2947098039972396,-0.4693154954604419,-1.257674296977324,1.135273006351174,-0.3865370629248655,0.0,0.0
IA,2019,1,14.099999999999994,25.39999999999999,5.0,19.7,10.1,-73.5,6.599999999999994,24.1,22.700000000000003,2659.574468085106,-1.766264924562984,-0.947701244033249,-0.6281908959172918,-0.6016512294403847,0.9111316234566469,1.3298340514619968,-1.2947098039972396,-0.4693154954604419,-1.083742533071798,1.135273006351174,-0.34153374452135715,0.0,0.0
IA,2020,1,15.900000000000006,32.19999999999999,4.7,19.7,10.1,-75.0,8.700000000000003,20.4,22.700000000000003,2590.6735751295337,-1.4222224173985476,-0.3406342128029682,-0.8898317720840507,-0.6016512294403847,0.9111316234566469,1.0491553375668827,-0.47373304955623274,-0.9050901671863956,-1.083742533071798,0.9881315707665035,-0.2768486849750345,0.0,0.0
IA,2021,1,15.099999999999994,39.0,4.6,19.7,10.1,-74.0,8.400000000000006,20.4,23.200000000000003,2564.102564102564,-1.5751301983605206,0.26643281842731387,-0.9770453974729709,-0.6016512294403847,0.9111316234566469,1.2362744801636256,-0.5910154430478035,-0.9050901671863956,-0.9595055588535655,0.9313877966333379,-0.2264211275680716,0.0,0.0
IA,2023,1,15.900000000000006,45.8,5.2,19.7,10.1,-73.0,7.799999999999997,20.4,23.5,2652.519893899204,-1.4222224173985476,0.8734998496575946,-0.4537636451394523,-0.6016512294403847,0.9111316234566469,1.4233936227603683,-0.8255802300309507,-0.9050901671863956,-0.8849633743226267,1.1202075967661118,-0.07650383708776358,1.0,1.0
IL,2018,0,22.09999999999999,20.799999999999997,6.1,18.1,2.8,-80.0,7.0,30.8,24.299999999999997,1956.9471624266143,-0.23718711494327663,-1.3583642357478505,0.3311589833608245,-0.8109871756434052,-0.39026352395612224,0.11355962458316841,-1.138333279341808,0.31978999117844664,-0.6861842155734555,-0.3652240989946566,-0.4222035045078135,0.0,0.0
IL,2019,0,21.200000000000003,29.200000000000003,6.1,18.1,2.8,-81.0,6.099999999999994,31.5,24.299999999999997,1956.9471624266143,-0.4092083685254915,-0.6084579030516204,0.3311589833608245,-0.8109871756434052,-0.39026352395612224,-0.07355951801357444,-1.490180459816526,0.4022338479914648,-0.6861842155734555,-0.3652240989946566,-0.4100672432222562,0.0,0.0
IL,2020,0,21.59999999999999,37.599999999999994,5.6,18.1,2.8,-82.0,8.599999999999994,27.6,24.5,1904.7619047619048,-0.33275447804450836,0.14144842964460844,-0.10490914358377397,-0.8109871756434052,-0.39026352395612224,-0.2606786606103173,-0.5128271807200934,-0.0570962113953508,-0.6364894258861619,-0.4766684272139218,-0.3441225797409046,0.0,0.0
IL,2021,0,19.799999999999997,46.0,5.6,18.1,2.8,-81.0,6.799999999999997,27.5,24.40000000000001,1862.19739292365,-0.6767969852089415,0.8913547623408384,-0.10490914358377397,-0.8109871756434052,-0.39026352395612224,-0.07355951801357444,-1.2165215416695239,-0.06887390522578214,-0.661336820729806,-0.5675671530240487,-0.367946100471414,0.0,0.0
IL,2023,0,21.90000000000001,54.4,5.8,20.0,2.8,-80.0,7.400000000000006,27.5,23.5,1996.007984031936,-0.2754140601837658,1.6412610950370679,0.06951810719406556,-0.5624007395273182,-0.39026352395612224,0.11355962458316841,-0.9819567546863766,-0.06887390522578214,-0.8849633743226267,-0.2818076856568827,-0.16213412167445723,1.0,0.0
IN,2018,1,22.0,18.90000000000001,6.6,30.9,5.6,-78.0,7.5,7.1,24.40000000000001,2450.9803921568628,-0.2563005875635212,-1.5279859062386631,0.7672271103054229,0.8637003939807608,0.10890173806521385,0.4877979097766541,-0.9428626235225215,-2.4715234466337415,-0.661336820729806,0.6898095229340534,-0.2942572709626149,0.0,0.0
IN,2019,1,21.5,26.05000000000001,6.7,30.9,5.6,-80.5,7.5,7.1,24.40000000000001,2450.9803921568628,-0.35186795066475296,-0.8896727778127057,0.8544407356943431,0.8637003939807608,0.10890173806521385,0.02000005328479698,-0.9428626235225215,-2.4715234466337415,-0.661336820729806,0.6898095229340534,-0.278041117540436,0.0,0.0
IN,2020,1,22.299999999999997,33.2,6.7,30.9,5.6,-83.0,7.5,7.1,26.200000000000003,2409.6385542168673,-0.19896016970278269,-0.25135964938674915,0.8544407356943431,0.8637003939807608,0.10890173806521385,-0.44779780320706014,-0.9428626235225215,-2.4715234466337415,-0.21408371354417086,0.601521880738732,-0.20980226575179758,0.0,0.0
IN,2021,1,19.90000000000001,40.35,6.8,30.9,5.6,-83.0,7.5,7.1,25.299999999999997,2320.185614849188,-0.6576835125886928,0.386953479039208,0.9416543610832625,0.8637003939807608,0.10890173806521385,-0.44779780320706014,-0.9428626235225215,-2.4715234466337415,-0.4377102671369907,0.41049048257795834,-0.22458771983426035,0.0,0.0
IN,2023,1,20.799999999999997,47.5,6.8,31.4,5.6,-83.0,7.5,7.1,22.90000000000001,2415.458937198068,-0.48566225900647797,1.025266607465165,0.9416543610832625,0.9291178771692048,0.10890173806521385,-0.44779780320706014,-0.9428626235225215,-2.4715234466337415,-1.0340477433845034,0.6139516109028773,-0.17630016810685806,1.0,1.0
KS,2018,1,16.200000000000003,20.700000000000003,5.9,22.8,7.0,-79.0,9.400000000000006,27.8,28.5,2557.544757033248,-1.3648819995378092,-1.3672916920894718,0.15673173258298573,-0.1960628336720317,0.35848436907588194,0.30067876717991127,-0.20007413140923047,-0.033540823734488544,0.35740636785969765,0.9173832590275824,-0.10711669847169732,0.0,0.0
KS,2019,1,15.799999999999995,26.125,5.9,23.1,7.0,-81.0,7.5,30.8,28.0,2557.544757033248,-1.441335890018796,-0.8829771855564903,0.15673173258298573,-0.15681234375896522,0.35848436907588194,-0.07355951801357444,-0.9428626235225215,0.31978999117844664,0.23316939364146522,0.9173832590275824,-0.15119888153639857,0.0,0.0
KS,2020,1,16.5,31.549999999999997,6.0,23.1,7.0,-83.0,10.400000000000006,32.7,27.799999999999997,2481.389578163772,-1.3075415816770706,-0.398662679023509,0.2439453579719051,-0.15681234375896522,0.35848436907588194,-0.44779780320706014,0.1908671802293426,0.5435661739566392,0.18347460395417153,0.7547499190897758,-0.0035726803388888783,0.0,0.0
KS,2021,1,15.700000000000005,36.975,5.6,23.1,7.0,-82.5,8.299999999999997,25.6,26.90000000000001,2415.458937198068,-1.4604493626390405,0.08565182750947294,-0.10490914358377397,-0.15681234375896522,0.35848436907588194,-0.3542382319086887,-0.6301095742116641,-0.29265008800397424,-0.04015194963864385,0.6139516109028773,-0.19812328862565187,0.0,0.0
KS,2023,1,16.700000000000003,42.4,5.5,23.1,7.0,-82.0,9.0,29.0,25.799999999999997,2439.0243902439024,-1.2693146364365773,0.5699663340424542,-0.19212276897269334,-0.15681234375896522,0.35848436907588194,-0.2606786606103173,-0.3564506560646619,0.10779150223068545,-0.3134732929187582,0.6642768598601452,-0.08483332935528065,1.0,1.0
KY,2018,1,19.299999999999997,16.200000000000003,5.5,34.6,15.6,-68.0,11.5,30.9,27.09999999999999,2398.0815347721823,-0.7723643483101733,-1.7690272274624517,-0.19212276897269334,1.3477897695752468,1.891634816712843,2.3589893357440825,0.6209026230317708,0.33156768500887757,0.009542840048644531,0.5768412654487763,0.44037539908249235,0.0,0.0
KY,2019,1,19.0,24.09999999999999,5.7,34.6,15.6,-70.5,10.799999999999995,33.0,27.09999999999999,2398.0815347721823,-0.8297047661709118,-1.0637581764743322,-0.017695518194853814,1.3477897695752468,1.891634816712843,1.8911914792522255,0.3472437048847678,0.5788992554479324,0.009542840048644531,0.5768412654487763,0.47319846705303387,0.0,0.0
KY,2020,1,21.09999999999999,32.0,5.7,34.6,15.6,-73.0,14.0,33.8,27.200000000000003,2375.296912114014,-0.4283218411457401,-0.35848912548621076,-0.017695518194853814,1.3477897695752468,1.891634816712843,1.4233936227603683,1.5982559021282035,0.6731208060913814,0.03439023489229402,0.5281835203403112,0.6692262187673843,0.0,0.0
KY,2021,1,20.59999999999999,39.9,6.0,34.6,15.6,-73.5,12.099999999999994,31.45,26.5,2358.490566037736,-0.5238892042469719,0.3467799255019098,0.2439453579719051,1.3477897695752468,1.891634816712843,1.3298340514619968,0.8554674100149123,0.3963450010762491,-0.1395415290132321,0.4922926953811788,0.6240658294436038,0.0,0.0
KY,2023,1,21.0,47.8,6.2,31.4,15.6,-74.0,10.900000000000006,29.1,26.09999999999999,2518.8916876574303,-0.4474353137659847,1.0520489764900303,0.41837260874974463,0.9291178771692048,1.891634816712843,1.2362744801636256,0.38633783604862915,0.1195691960611168,-0.23893110838782033,0.834837621754362,0.6181826990995751,1.0,1.0
LA,2018,1,22.0,13.5,7.8,37.3,5.4,-75.0,11.099999999999994,41.3,22.799999999999997,2500.0,-0.2563005875635212,-2.01006854868624,1.8137906149724594,1.7010441787928439,0.07324707649226139,1.0491553375668827,0.4645260983763393,1.5564478433737194,-1.0588951382281528,0.7944934415370768,0.4127440316633669,0.0,0.0
LA,2019,1,21.40000000000001,20.700000000000003,7.8,37.3,5.4,-78.0,11.099999999999994,40.5,22.0,2500.0,-0.37098142328499756,-1.3672916920894718,1.8137906149724594,1.7010441787928439,0.07324707649226139,0.4877979097766541,0.4645260983763393,1.4622262927302703,-1.257674296977324,0.7944934415370768,0.3801178200326112,0.0,0.0
LA,2020,1,23.09999999999999,27.90000000000001,7.4,37.3,5.4,-81.0,13.700000000000005,40.4,22.0,2487.5621890547263,-0.04605238874081309,-0.7245148354927029,1.464936113416781,1.7010441787928439,0.07324707649226139,-0.07355951801357444,1.4809735086366334,1.450448598899839,-1.257674296977324,0.7679318502497424,0.48367802872636856,0.0,0.0
LA,2021,1,24.200000000000003,35.099999999999994,7.4,37.3,5.4,-81.5,10.900000000000006,36.8,23.40000000000001,2444.987775061125,0.1641958100818991,-0.08173797889593608,1.464936113416781,1.7010441787928439,0.07324707649226139,-0.16711908931194586,0.38633783604862915,1.0264516210043166,-0.9098107691662709,0.6770119778725595,0.43345567763351384,0.0,0.0
LA,2023,1,24.90000000000001,42.3,7.3,40.7,5.4,-82.0,4.299999999999997,36.8,19.700000000000003,2421.3075060532688,0.2979901184236248,0.5610388777008324,1.377722488027861,2.1458830644742637,0.07324707649226139,-0.2606786606103173,-2.1938748207659566,1.0264516210043166,-1.8291643783811926,0.6264415334649108,0.18250569198306046,1.0,1.0
MA,2018,0,16.599999999999994,19.09999999999999,4.0,16.4,0.0,-86.0,6.700000000000003,21.7,23.0,1579.778830963665,-1.2884281090568253,-1.5101309935554212,-1.5003271498064887,-1.033406618484115,-0.8894287859774583,-1.0091552309972887,-1.255615672833379,-0.7519801473907902,-1.0092003485408592,-1.1706866607689694,-1.1418359717411595,0.0,0.0
MA,2019,0,15.299999999999995,25.64999999999999,3.8,14.4,0.0,-85.5,7.099999999999994,23.8,22.200000000000003,1579.778830963665,-1.5369032531200277,-0.9253826031791945,-1.6747544005843282,-1.295076551237891,-0.8894287859774583,-0.9155956596989173,-1.0992391481779529,-0.5046485769517355,-1.2079795072900303,-1.1706866607689694,-1.1219695146986506,0.0,0.0
MA,2020,0,22.0,32.19999999999999,3.6,14.4,0.0,-85.0,9.700000000000005,19.5,22.200000000000003,1547.9876160990714,-0.2563005875635212,-0.3406342128029682,-1.8491816513621673,-1.295076551237891,-0.8894287859774583,-0.8220360884005459,-0.08279173791765895,-1.011089411660276,-1.2079795072900303,-1.2385784513321672,-0.8993096985544685,0.0,0.0
MA,2021,0,19.799999999999997,38.75,3.6,14.4,0.0,-86.5,7.400000000000006,19.5,23.799999999999997,1540.8320493066255,-0.6767969852089415,0.2441141775732594,-1.8491816513621673,-1.295076551237891,-0.8894287859774583,-1.10271480229566,-0.9819567546863766,-1.011089411660276,-0.810421189791688,-1.2538595358740086,-0.9626411490521208,0.0,0.0
MA,2023,0,18.40000000000001,45.3,3.3,14.4,0.0,-88.0,6.900000000000006,17.7,20.799999999999997,1675.041876046901,-0.9443856018923881,0.8288625679494858,-2.1108225275289265,-1.295076551237891,-0.8894287859774583,-1.3833935161907744,-1.177427410505663,-1.223087900608037,-1.5558430351010826,-0.9672474800786292,-1.0717850241171365,1.0,0.0
MD,2018,0,27.40000000000001,20.700000000000003,5.9,21.3,0.4,-79.0,7.700000000000003,31.2,22.700000000000003,1754.3859649122808,0.7758269339297836,-1.3672916920894718,0.15673173258298573,-0.3923152832373637,-0.8181194628315531,0.30067876717991127,-0.8646743611948058,0.36690076650017117,-1.083742533071798,-0.797804057214174,-0.3723809189446315,0.0,0.0
MD,2019,0,25.700000000000003,27.625,5.8,21.4,0.4,-81.0,7.700000000000003,31.2,22.700000000000003,1754.3859649122808,0.4508978993855944,-0.7490653404321637,0.06951810719406556,-0.3792317865996752,-0.8181194628315531,-0.07355951801357444,-0.8646743611948058,0.36690076650017117,-1.083742533071798,-0.797804057214174,-0.3878880286277913,0.0,0.0
MD,2020,0,28.59999999999999,34.55,5.8,21.4,0.4,-83.0,9.700000000000005,27.9,24.700000000000003,1712.3287671232877,1.0051886053727364,-0.1308389887748556,0.06951810719406556,-0.3792317865996752,-0.8181194628315531,-0.44779780320706014,-0.08279173791765895,-0.02176312990405762,-0.5867946361988682,-0.8876193875224639,-0.2280250220389391,0.0,0.0
MD,2021,0,26.59999999999999,41.475,5.9,21.4,0.4,-82.5,8.833333333333314,27.9,26.5,1675.041876046901,0.6229191529678092,0.48738736288245305,0.15673173258298573,-0.3792317865996752,-0.8181194628315531,-0.3542382319086887,-0.42160754133776485,-0.02176312990405762,-0.1395415290132321,-0.9672474800786292,-0.18347109132403527,0.0,0.0
MD,2023,0,25.5,48.4,5.8,21.4,0.4,-82.0,7.099999999999994,27.9,23.299999999999997,1757.469244288225,0.41267095414510113,1.105613714539761,0.06951810719406556,-0.3792317865996752,-0.8181194628315531,-0.2606786606103173,-1.0992391481779529,-0.02176312990405762,-0.9346581640099204,-0.791219553962851,-0.27171071302174,1.0,0.0
MI,2018,1,19.09999999999999,15.400000000000006,6.3,19.1,1.2,-77.0,10.900000000000006,30.9,22.799999999999997,1814.8820326678765,-0.8105912935506672,-1.8404468781954257,0.505586234138664,-0.6801522092665172,-0.6755008165397428,0.6749170523733969,0.38633783604862915,0.33156768500887757,-1.0588951382281528,-0.6686115623864867,-0.38357890905974246,0.0,0.0
MI,2019,1,19.299999999999997,22.200000000000003,6.3,18.7,1.2,-77.5,11.299999999999995,29.0,22.799999999999997,1814.8820326678765,-0.7723643483101733,-1.233379846965145,0.505586234138664,-0.7324861958172727,-0.6755008165397428,0.5813574810750255,0.5427143607040543,0.10779150223068545,-1.0588951382281528,-0.6686115623864867,-0.3403788330098544,0.0,0.0
MI,2020,1,22.0,29.0,6.5,18.7,1.2,-78.0,13.599999999999994,28.5,23.700000000000003,1745.2006980802794,-0.2563005875635212,-0.6263128157348642,0.6800134849165036,-0.7324861958172727,-0.6755008165397428,0.4877979097766541,1.441879377472772,0.048903033078529584,-0.835268584635333,-0.8174196716120951,-0.12846948666583696,0.0,0.0
MI,2021,1,20.799999999999997,35.80000000000001,6.3,18.7,1.2,-79.0,12.5,23.9,24.200000000000003,1736.111111111111,-0.48566225900647797,-0.019245784504582093,0.505586234138664,-0.7324861958172727,-0.6755008165397428,0.30067876717991127,1.0118439346703438,-0.49287088312130456,-0.7110316104171006,-0.8368309566933716,-0.21355195701109336,0.0,0.0
MI,2023,1,22.40000000000001,42.6,6.3,18.7,1.2,-80.0,10.5,21.4,21.200000000000003,1769.9115044247787,-0.17984669708253403,0.587821246725698,0.505586234138664,-0.7324861958172727,-0.6755008165397428,0.11355962458316841,0.2299613113931977,-0.7873132288820839,-1.4564534557264952,-0.764648461196449,-0.3159320438403849,1.0,1.0
MN,2018,0,19.09999999999999,17.400000000000006,4.8,12.3,2.3,-82.0,7.799999999999997,25.5,25.299999999999997,1821.4936247723133,-0.8105912935506672,-1.6618977513629902,-0.8026181466951313,-1.5698299806293556,-0.4794001778885037,-0.2606786606103173,-0.8255802300309507,-0.3044277818344056,-0.4377102671369907,-0.6544921640446627,-0.7807226453783975,0.0,0.0
MN,2019,0,18.799999999999997,25.27500000000001,4.8,12.3,2.3,-81.5,6.599999999999994,22.5,27.200000000000003,1821.4936247723133,-0.867931711411405,-0.9588605644602747,-0.8026181466951313,-1.5698299806293556,-0.4794001778885037,-0.16711908931194586,-1.2947098039972396,-0.6577585967473408,0.03439023489229402,-0.6544921640446627,-0.7418330000293565,0.0,0.0
MN,2020,0,24.299999999999997,33.150000000000006,4.5,12.3,2.3,-81.0,14.099999999999994,19.4,27.200000000000003,1724.1379310344828,0.18330928270214436,-0.2558233775575598,-1.0642590228618902,-1.5698299806293556,-0.4794001778885037,-0.07355951801357444,1.6373500332920585,-1.0228671054907073,0.03439023489229402,-0.862400304628018,-0.34730899361831125,0.0,0.0
MN,2021,0,20.09999999999999,41.025,4.7,12.3,2.3,-81.0,7.799999999999997,20.3,30.0,1694.915254237288,-0.6194565673482036,0.44721380934515476,-0.8898317720840507,-1.5698299806293556,-0.4794001778885037,-0.07355951801357444,-0.8255802300309507,-0.9168678610168265,0.730117290514395,-0.9248068487396978,-0.5122001855891614,0.0,0.0
MN,2023,0,19.59999999999999,48.9,4.6,14.1,2.3,-81.0,7.099999999999994,21.0,28.09999999999999,1721.170395869191,-0.7150239304494355,1.15025099624787,-0.9770453974729709,-1.3343270411509573,-0.4794001778885037,-0.07355951801357444,-1.0992391481779529,-0.8344240042038084,0.2580167884851094,-0.8687376301057963,-0.497348906273002,1.0,0.0
MO,2018,1,22.200000000000003,19.700000000000003,6.2,23.8,8.7,-75.0,12.5,40.8,27.200000000000003,2277.904328018223,-0.21807364232302795,-1.4565662555056895,0.41837260874974463,-0.06522786729514371,0.6615489924459788,1.0491553375668827,1.0118439346703438,1.4975593742215636,0.03439023489229402,0.3201965984814648,0.32531993159044115,0.0,0.0
MO,2019,1,22.59999999999999,26.59999999999999,6.2,25.4,8.7,-77.0,11.400000000000006,33.4,27.200000000000003,2277.904328018223,-0.14161975184204487,-0.8405717679337877,0.41837260874974463,0.1441080789078768,0.6615489924459788,0.6749170523733969,0.5818084918679157,0.6260100307696569,0.03439023489229402,0.3201965984814648,0.24791605687124965,0.0,0.0
MO,2020,1,23.5,33.5,6.0,25.4,8.7,-79.0,14.900000000000006,28.2,27.5,2164.5021645021643,0.030401501740174083,-0.22457728036188404,0.2439453579719051,0.1441080789078768,0.6615489924459788,0.30067876717991127,1.9501030826029213,0.013569951587235982,0.10893241942323277,0.07802038824105892,0.3306731259738411,0.0,0.0
MO,2021,1,20.5,40.4,6.3,25.4,8.7,-79.5,10.599999999999994,29.5,27.59999999999999,2132.1961620469083,-0.5430026768672165,0.39141720721001866,0.505586234138664,0.1441080789078768,0.6615489924459788,0.20711919588153985,0.26905544255705277,0.16667997138284132,0.13377981426687696,0.009029242040190961,0.19453215019638237,0.0,0.0
MO,2023,1,22.0,47.3,6.5,25.4,8.7,-80.0,10.900000000000006,22.4,26.0,2331.002331002331,-0.2563005875635212,1.0074116947819214,0.6800134849165036,0.1441080789078768,0.6615489924459788,0.11355962458316841,0.38633783604862915,-0.6695362905777721,-0.2637785032314645,0.43359014173784255,0.22369544720491633,1.0,1.0
MS,2018,1,19.09999999999999,13.099999999999994,8.6,39.1,20.7,-73.0,11.700000000000005,44.6,25.200000000000003,3115.264797507788,-0.8105912935506672,-2.0457783740527278,2.5114996180838167,1.9365471182712428,2.8008286868231336,1.4233936227603683,0.6990908853594872,1.9451117397779485,-0.46255766198063575,2.1084233731619406,1.0105967714653907,0.0,0.0
MS,2019,1,19.200000000000003,23.049999999999997,8.6,39.7,20.7,-78.0,11.0,47.1,23.59999999999999,3115.264797507788,-0.7914778209304185,-1.1574964680613604,2.5114996180838167,2.0150480980973757,2.8008286868231336,0.4877979097766541,0.4254319672124842,2.2395540855387277,-0.8601159794789826,2.1084233731619406,0.9779493470223372,0.0,0.0
MS,2020,1,20.09999999999999,33.0,8.8,39.7,20.7,-83.0,13.099999999999994,38.3,23.59999999999999,3095.9752321981427,-0.6194565673482036,-0.26921456206999295,2.685926868861657,2.0150480980973757,2.8008286868231336,-0.44779780320706014,1.2464087216534854,1.2031170284607842,-0.8601159794789826,2.0672295045527833,0.9821973996344979,0.0,0.0
MS,2021,1,21.59999999999999,42.95,8.8,39.7,20.7,-82.5,11.900000000000006,41.2,24.0,3115.264797507788,-0.33275447804450836,0.6190673439213744,2.685926868861657,2.0150480980973757,2.8008286868231336,-0.3542382319086887,0.7772791476872022,1.5446701495432889,-0.7607264001043943,2.1084233731619406,1.1103524558038382,0.0,0.0
MS,2023,1,19.09999999999999,52.9,9.0,39.7,20.7,-82.0,11.900000000000006,36.6,21.799999999999997,3154.5741324921137,-0.8105912935506672,1.5073492499127412,2.8603541196394957,2.0150480980973757,2.8008286868231336,-0.2606786606103173,0.7772791476872022,1.0028962333434548,-1.3073690866646177,2.1923704997282383,1.0777486994406038,1.0,1.0
MT,2018,1,24.59999999999999,21.90000000000001,4.8,30.5,7.3,-86.0,9.700000000000005,29.7,28.59999999999999,1862.19739292365,0.24064970056288218,-1.2601622159900097,-0.8026181466951313,0.8113664074300058,0.4119663614353108,-1.0091552309972887,-0.08279173791765895,0.19023535904370356,0.3822537627033418,-0.5675671530240487,-0.16858228934488934,0.0,0.0
MT,2019,1,23.0,27.40000000000001,4.9,30.5,7.3,-83.5,9.700000000000005,29.7,28.59999999999999,1862.19739292365,-0.06516586136105768,-0.7691521172008118,-0.7154045213062111,0.8113664074300058,0.4119663614353108,-0.5413573745054315,-0.08279173791765895,0.19023535904370356,0.3822537627033418,-0.5675671530240487,-0.09456168747028579,0.0,0.0
MT,2020,1,23.09999999999999,32.900000000000006,4.9,30.5,7.3,-81.0,10.200000000000005,23.4,30.59999999999999,1779.3594306049822,-0.04605238874081309,-0.27814201841161423,-0.7154045213062111,0.8113664074300058,0.4119663614353108,-0.07355951801357444,0.11267891790162758,-0.5517593522734604,0.8792016595762716,-0.7444719241180469,-0.019417637652050446,0.0,0.0
MT,2021,1,20.90000000000001,38.4,5.0,30.5,7.3,-83.5,8.900000000000006,26.0,28.200000000000003,1766.7844522968198,-0.4665487863862293,0.21286808037758306,-0.6281908959172918,0.8113664074300058,0.4119663614353108,-0.5413573745054315,-0.395544787228517,-0.24553931268224974,0.2828641833287589,-0.7713264434332345,-0.13294425675812954,0.0,0.0
MT,2023,1,21.200000000000003,43.9,5.1,32.5,7.3,-86.0,7.400000000000006,23.5,29.90000000000001,1811.5942028985503,-0.4092083685254915,0.703878179166781,-0.5409772705283724,1.0730363401837817,0.4119663614353108,-1.0091552309972887,-0.9819567546863766,-0.539981658443029,0.7052698956707508,-0.6756328936271226,-0.12627614003510565,1.0,1.0
NC,2018,1,22.40000000000001,17.299999999999997,6.8,26.7,2.7,-77.0,7.200000000000003,26.6,23.200000000000003,2197.802197802198,-0.17984669708253403,-1.6708252077046126,0.9416543610832625,0.31419353519783133,-0.4080908547425985,0.6749170523733969,-1.0601450170140923,-0.17487314969966253,-0.9595055588535655,0.14913433894041622,-0.23733871975021584,0.0,0.0
NC,2019,1,22.799999999999997,22.924999999999997,6.8,26.7,2.7,-80.5,8.400000000000006,30.9,24.09999999999999,2197.802197802198,-0.10339280660155092,-1.1686557884883875,0.9416543610832625,0.31419353519783133,-0.4080908547425985,0.02000005328479698,-0.5910154430478035,0.33156768500887757,-0.7358790052607501,0.14913433894041622,-0.1250483924625906,0.0,0.0
NC,2020,1,24.0,28.549999999999997,6.8,26.7,2.7,-84.0,8.400000000000006,30.9,24.09999999999999,2127.659574468085,0.12596886484140585,-0.6664863692721624,0.9416543610832625,0.31419353519783133,-0.4080908547425985,-0.634916945803803,-0.5910154430478035,0.33156768500887757,-0.7358790052607501,-0.0006588763624845727,-0.1323663048358225,0.0,0.0
NC,2021,1,23.0,34.175,6.8,26.7,2.7,-83.0,8.400000000000006,30.9,24.09999999999999,2074.688796680498,-0.06516586136105768,-0.1643169500559373,0.9416543610832625,0.31419353519783133,-0.4080908547425985,-0.44779780320706014,-0.5910154430478035,0.33156768500887757,-0.7358790052607501,-0.11378072360367825,-0.09386310599889143,0.0,0.0
NC,2023,1,22.5,39.8,6.9,29.8,2.7,-82.0,8.400000000000006,30.9,25.09999999999999,2114.1649048625795,-0.16073322446228944,0.3378524691602878,1.0288679864721826,0.7197819309661843,-0.4080908547425985,-0.2606786606103173,-0.5910154430478035,0.33156768500887757,-0.4874050568242852,-0.029477444211455865,0.04806693877087821,1.0,1.0
ND,2018,1,19.59999999999999,21.700000000000003,6.5,21.6,16.3,-73.0,9.0,29.2,28.799999999999997,2500.0,-0.7150239304494355,-1.2780171286732538,0.6800134849165036,-0.3530647933242972,2.016426132218177,1.4233936227603683,-0.3564506560646619,0.13134688989154772,0.4319485523906364,0.7944934415370768,0.27750656152026615,0.0,0.0
ND,2019,1,21.299999999999997,26.5,6.5,21.6,16.3,-75.0,10.700000000000005,26.5,28.799999999999997,2500.0,-0.3900948959052462,-0.8494992242754087,0.6800134849165036,-0.3530647933242972,2.016426132218177,1.0491553375668827,0.3081495737209141,-0.18665084353009387,0.4319485523906364,0.7944934415370768,0.35008767653151446,0.0,0.0
ND,2020,1,22.200000000000003,31.299999999999997,6.5,21.6,16.3,-77.0,10.700000000000005,20.4,30.40000000000001,2398.0815347721823,-0.21807364232302795,-0.4209813198775635,0.6800134849165036,-0.3530647933242972,2.016426132218177,0.6749170523733969,0.3081495737209141,-0.9050901671863956,0.8295068698889833,0.5768412654487763,0.31886444558554666,0.0,0.0
ND,2021,1,19.59999999999999,36.1,4.1,21.6,16.3,-78.0,7.599999999999994,23.7,29.200000000000003,2364.066193853428,-0.7150239304494355,0.007536584520282361,-1.4131135244175692,-0.3530647933242972,2.016426132218177,0.4877979097766541,-0.9037684923586664,-0.5164262707821667,0.5313381317652238,0.5041997381769201,-0.03540985148748778,0.0,0.0
ND,2023,1,20.799999999999997,40.9,4.6,24.1,16.3,-79.0,8.5,17.1,26.299999999999997,2409.6385542168673,-0.48566225900647797,0.43605448891812754,-0.9770453974729709,-0.025977377382077216,2.016426132218177,0.30067876717991127,-0.5519213118839484,-1.293754063590624,-0.1892363187005258,0.601521880738732,-0.01689154589816767,1.0,1.0
NE,2018,1,21.5,18.0,5.4,25.1,7.2,-71.0,8.700000000000003,31.3,28.0,2314.814814814815,-0.35186795066475296,-1.60833301331326,-0.2793363943616127,0.10485758899481079,0.3941390306488346,1.797631907953854,-0.47373304955623274,0.3786784603306025,0.23316939364146522,0.39902086014787713,0.05942268338215856,0.0,0.0
NE,2019,1,20.0,24.950000000000003,5.4,23.7,7.2,-72.0,7.599999999999994,25.9,28.0,2314.814814814815,-0.6385700399684483,-0.987874797570546,-0.2793363943616127,-0.0783113639328327,0.3941390306488346,1.6105127653571112,-0.9037684923586664,-0.2573170065126811,0.23316939364146522,0.39902086014787713,-0.05083360449094994,0.0,0.0
NE,2020,1,22.0,31.90000000000001,5.6,23.7,7.2,-73.0,11.700000000000005,23.1,29.5,2212.389380530973,-0.2563005875635212,-0.3674165818278317,-0.10490914358377397,-0.0783113639328327,0.3941390306488346,1.4233936227603683,0.6990908853594872,-0.5870924337647536,0.6058803162961626,0.18028602530871735,0.19087597697008565,0.0,0.0
NE,2021,1,19.90000000000001,38.849999999999994,5.7,23.7,7.2,-73.5,9.0,28.1,30.0,2136.7521367521367,-0.6576835125886928,0.25304163391488066,-0.017695518194853814,-0.0783113639328327,0.3941390306488346,1.3298340514619968,-0.3564506560646619,0.0017922577568050603,0.730117290514395,0.018758762658262134,0.1617541976174133,0.0,0.0
NE,2023,1,19.90000000000001,45.8,6.1,23.7,7.2,-74.0,7.0,19.8,28.0,2487.5621890547263,-0.6576835125886928,0.8734998496575946,0.3311589833608245,-0.0783113639328327,0.3941390306488346,1.2362744801636256,-1.138333279341808,-0.9757563301689823,0.23316939364146522,0.7679318502497424,0.0986089101689771,1.0,1.0
NH,2018,0,15.299999999999995,16.700000000000003,3.4,18.2,0.0,-90.0,9.200000000000005,20.8,24.0,1564.945226917058,-1.5369032531200277,-1.7243899457543428,-2.023608902140007,-0.7979036790057167,-0.8894287859774583,-1.75763180138426,-0.2782623937369455,-0.8579793918646706,-0.7607264001043943,-1.2023645926605009,-1.1829199145748324,0.0,0.0
NH,2019,0,13.400000000000006,24.02500000000001,3.4,18.2,0.0,-90.0,9.200000000000005,20.8,24.700000000000003,1564.945226917058,-1.9000592329047064,-1.0704537687305469,-2.023608902140007,-0.7979036790057167,-0.8894287859774583,-1.75763180138426,-0.2782623937369455,-0.8579793918646706,-0.5867946361988682,-1.2023645926605009,-1.1364487184603682,0.0,0.0
NH,2020,0,21.200000000000003,31.34999999999999,3.8,18.2,0.0,-90.0,9.700000000000005,21.7,26.59999999999999,1515.1515151515152,-0.4092083685254915,-0.4165175917067532,-1.6747544005843282,-0.7979036790057167,-0.8894287859774583,-1.75763180138426,-0.08279173791765895,-0.7519801473907902,-0.1146941341695879,-1.3087016503963935,-0.8203612297058438,0.0,0.0
NH,2021,0,19.700000000000003,38.675,3.7,18.2,0.0,-90.5,8.23333333333332,21.0,26.59999999999999,1499.2503748125937,-0.6959104578291868,0.23741858531704282,-1.7619680259732475,-0.7979036790057167,-0.8894287859774583,-1.8511913726826315,-0.6561723283209064,-0.8344240042038084,-0.1146941341695879,-1.3426593614874658,-0.8706933564332966,0.0,0.0
NH,2023,0,15.799999999999995,46.0,3.2,19.9,0.0,-91.0,5.299999999999997,19.6,27.40000000000001,1453.4883720930234,-1.441335890018796,0.8913547623408384,-2.198036152917846,-0.5754842361650072,-0.8894287859774583,-1.944750943981003,-1.8029335091273833,-0.9993117178298446,0.08408502457958858,-1.4403864951507253,-1.0316227944247636,1.0,0.0
NJ,2018,0,26.5,21.700000000000003,4.0,26.0,0.0,-80.0,10.5,25.4,26.299999999999997,2024.2914979757088,0.6038056803475647,-1.2780171286732538,-1.5003271498064887,0.2226090587340098,-0.8894287859774583,0.11355962458316841,0.2299613113931977,-0.3162054756648369,-0.1892363187005258,-0.22140677259833608,-0.32246859563629593,0.0,0.0
NJ,2019,0,25.90000000000001,28.674999999999997,4.0,26.0,0.0,-81.0,10.5,25.6,26.299999999999997,2024.2914979757088,0.4891248446260883,-0.6553270488451352,-1.5003271498064887,0.2226090587340098,-0.8894287859774583,-0.07355951801357444,0.2299613113931977,-0.29265008800397424,-0.1892363187005258,-0.22140677259833608,-0.2880240467192198,0.0,0.0
NJ,2020,0,27.5,35.650000000000006,3.8,26.0,0.0,-82.0,15.099999999999994,23.5,26.299999999999997,1953.125,0.7949404065500282,-0.032636969017015266,-1.6747544005843282,0.2226090587340098,-0.8894287859774583,-0.2606786606103173,2.0282913449306315,-0.539981658443029,-0.1892363187005258,-0.37338652537790323,-0.09142625084959077,0.0,0.0
NJ,2021,0,26.09999999999999,42.625,3.8,26.0,0.0,-83.5,9.599999999999994,20.7,26.799999999999997,1915.708812260536,0.5273517898665775,0.5900531108111033,-1.6747544005843282,0.2226090587340098,-0.8894287859774583,-0.5413573745054315,-0.12188586908152028,-0.869757085695102,-0.06499934448229334,-0.45329073767367456,-0.32754596385881174,0.0,0.0
NJ,2023,0,26.5,49.6,3.6,23.9,0.0,-85.0,7.599999999999994,23.9,27.0,2164.5021645021643,0.6038056803475647,1.2127431906392228,-1.8491816513621673,-0.05214437065745519,-0.8894287859774583,-0.8220360884005459,-0.9037684923586664,-0.49287088312130456,-0.015304554794999661,0.07802038824105892,-0.31301655674447504,1.0,0.0
NM,2018,0,31.0,20.700000000000003,5.7,28.0,3.0,-82.0,12.5,31.1,31.799999999999997,1483.6795252225518,1.4639119482586505,-1.3672916920894718,-0.017695518194853814,0.4842789914877858,-0.35460886238316963,-0.2606786606103173,1.0118439346703438,0.35512307266974025,1.177370397700031,-1.3759117195291688,0.11163418919795698,0.0,0.0
NM,2019,0,34.599999999999994,27.950000000000003,5.5,28.0,3.0,-82.0,12.5,26.7,34.400000000000006,1483.6795252225518,2.151996962587518,-0.7200511073218926,-0.19212276897269334,0.4842789914877858,-0.35460886238316963,-0.2606786606103173,1.0118439346703438,-0.1630954558692316,1.823402663634842,-1.3759117195291688,0.2405053977694016,0.0,0.0
NM,2020,0,34.2,35.2,5.5,28.0,3.0,-82.0,13.799999999999995,31.5,34.400000000000006,1453.4883720930234,2.075543072106534,-0.07281052255431353,-0.19212276897269334,0.4842789914877858,-0.35460886238316963,-0.2606786606103173,1.520067639800487,0.4022338479914648,1.823402663634842,-1.4403864951507253,0.3984918905349895,0.0,0.0
NM,2021,0,32.2,42.45,5.3,28.0,3.0,-85.0,12.200000000000005,26.5,38.5,1434.7202295552368,1.6932736197016072,0.5744300622132655,-0.36655001975053286,0.4842789914877858,-0.35460886238316963,-0.8220360884005459,0.8945615411787737,-0.18665084353009387,2.8421458522243466,-1.4804668383481394,0.32783774143932976,0.0,0.0
NM,2023,0,32.7,49.7,5.2,28.5,3.0,-88.0,11.900000000000006,25.9,37.5,1510.5740181268882,1.788840982802839,1.2216706469808445,-0.4537636451394523,0.5496964746762298,-0.35460886238316963,-1.3833935161907744,0.7772791476872022,-0.2573170065126811,2.5936719037878815,-1.318477133045399,0.31635989926635205,1.0,0.0
NV,2018,0,25.799999999999997,19.90000000000001,5.9,20.4,3.4,-77.0,15.400000000000006,52.0,34.900000000000006,2770.083102493075,0.47001137200583964,-1.4387113428224454,0.15673173258298573,-0.5100667529765632,-0.2832995392372645,0.6749170523733969,2.145573738422208,2.8166610832298553,1.9476396378530743,1.3712699348927933,0.735072691632388,0.0,0.0
NV,2019,0,26.40000000000001,28.875,5.9,20.4,3.4,-74.5,15.400000000000006,52.0,36.5,2770.083102493075,0.5846922077273201,-0.6374721361618914,0.15673173258298573,-0.5100667529765632,-0.2832995392372645,1.1427149088652542,2.145573738422208,2.8166610832298553,2.345197955351417,1.3712699348927933,0.9132003132696113,0.0,0.0
NV,2020,0,23.700000000000003,37.85,5.2,20.4,3.4,-72.0,15.400000000000006,52.0,35.8,2666.6666666666665,0.06862844698066733,0.16376707049866351,-0.4537636451394523,-0.5100667529765632,-0.2832995392372645,1.6105127653571112,2.145573738422208,2.8166610832298553,2.1712661914458904,1.150418764787356,0.8879698123368472,0.0,0.0
NV,2021,0,25.200000000000003,46.825,5.2,20.4,3.4,-75.5,15.400000000000006,52.0,35.8,2673.7967914438505,0.3553305362843626,0.9650062771592184,-0.4537636451394523,-0.5100667529765632,-0.2832995392372645,0.9555957662685113,2.145573738422208,2.8166610832298553,2.1712661914458904,1.1656455165841602,0.9327949172040928,0.0,0.0
NV,2023,0,26.700000000000003,55.8,5.2,22.7,3.4,-79.0,15.400000000000006,52.0,36.8,2840.9090909090905,0.6420326255880578,1.7662454838197728,-0.4537636451394523,-0.20914633030972068,-0.2832995392372645,0.30067876717991127,2.145573738422208,2.8166610832298553,2.4197401398823555,1.522522511821739,1.0667244835257461,1.0,0.0
NY,2018,0,23.700000000000003,21.299999999999997,4.3,22.4,0.2,-82.0,11.700000000000005,25.4,21.0,1730.1038062283735,0.06862844698066733,-1.3137269540397414,-1.2386862736397297,-0.2483968202227872,-0.8537741244045057,-0.2606786606103173,0.6990908853594872,-0.3162054756648369,-1.5061482454137889,-0.8496598682868797,-0.5819557089942433,0.0,0.0
NY,2019,0,23.0,29.950000000000003,4.2,22.4,0.2,-82.5,9.400000000000006,24.0,21.700000000000003,1730.1038062283735,-0.06516586136105768,-0.541501980489457,-1.3258998990286492,-0.2483968202227872,-0.8537741244045057,-0.3542382319086887,-0.20007413140923047,-0.4810931892908732,-1.3322164815082629,-0.8496598682868797,-0.6252020587910392,0.0,0.0
NY,2020,0,24.799999999999997,38.599999999999994,4.2,22.4,0.2,-83.0,13.900000000000006,22.2,21.700000000000003,1663.8935108153078,0.2788766458033761,0.23072299306082622,-1.3258998990286492,-0.2483968202227872,-0.8537741244045057,-0.44779780320706014,1.5591617709643484,-0.6930916782386344,-1.3322164815082629,-0.9910553930712312,-0.382347078985258,0.0,0.0
NY,2021,0,23.59999999999999,47.25,4.2,22.4,0.2,-84.0,11.349999999999994,23.8,22.90000000000001,1628.6644951140065,0.04951497436041867,1.0029479666111107,-1.3258998990286492,-0.2483968202227872,-0.8537741244045057,-0.634916945803803,0.5622614262859825,-0.5046485769517355,-1.0340477433845034,-1.0662887858788803,-0.40532485284173525,0.0,0.0
NY,2023,0,24.299999999999997,55.9,4.1,21.8,0.2,-85.0,8.700000000000003,25.4,23.200000000000003,1798.5611510791366,0.18330928270214436,1.7751729401613945,-1.4131135244175692,-0.3268978000489197,-0.8537741244045057,-0.8220360884005459,-0.47373304955623274,-0.3162054756648369,-0.9595055588535655,-0.7034656527176973,-0.3910249051200334,1.0,0.0
OH,2018,1,22.700000000000003,19.59999999999999,6.9,24.5,2.9,-78.0,10.099999999999994,21.8,26.0,2288.329519450801,-0.12250627922179619,-1.4654937118473124,1.0288679864721826,0.0263566091686778,-0.37243619316964593,0.4877979097766541,0.07358478673776624,-0.740202453560359,-0.2637785032314645,0.34246013626498256,-0.10053497126103146,0.0,0.0
OH,2019,1,21.799999999999997,26.09999999999999,6.9,24.5,2.9,-81.0,10.099999999999994,21.8,26.0,2288.329519450801,-0.29452753280401445,-0.8852090496418966,1.0288679864721826,0.0263566091686778,-0.37243619316964593,-0.07355951801357444,0.07358478673776624,-0.740202453560359,-0.2637785032314645,0.34246013626498256,-0.11584437317773459,0.0,0.0
OH,2020,1,22.09999999999999,32.599999999999994,6.9,24.5,2.9,-84.0,10.099999999999994,21.8,26.40000000000001,2173.913043478261,-0.23718711494327663,-0.3049243874364806,1.0288679864721826,0.0263566091686778,-0.37243619316964593,-0.634916945803803,0.07358478673776624,-0.740202453560359,-0.16438892385687628,0.09811780909087775,-0.1227128827300937,0.0,0.0
OH,2021,1,20.09999999999999,39.1,6.9,24.5,2.9,-84.0,10.099999999999994,21.8,26.200000000000003,2100.8403361344535,-0.6194565673482036,0.27536027476893576,1.0288679864721826,0.0263566091686778,-0.37243619316964593,-0.634916945803803,0.07358478673776624,-0.740202453560359,-0.21408371354417086,-0.05793275280182874,-0.12348589690804487,0.0,0.0
OH,2023,1,20.5,45.6,7.1,25.4,2.9,-84.0,10.099999999999994,21.8,24.700000000000003,2178.649237472767,-0.5430026768672165,0.8556449369743515,1.2032952372500214,0.1441080789078768,-0.37243619316964593,-0.634916945803803,0.07358478673776624,-0.740202453560359,-0.5867946361988682,0.10823219736170084,-0.04924876683681758,1.0,1.0
OK,2018,1,23.5,20.90000000000001,7.0,29.6,13.5,-75.0,12.0,34.0,30.0,2770.083102493075,0.030401501740174083,-1.3494367794062276,1.116081611861102,0.6936149376908067,1.5172608701968406,1.0491553375668827,0.8163732788510573,0.6966761937522441,0.730117290514395,1.3712699348927933,0.6671514177660067,0.0,0.0
OK,2019,1,21.90000000000001,27.60000000000001,7.0,29.6,13.5,-77.0,12.0,34.0,29.299999999999997,2770.083102493075,-0.2754140601837658,-0.7512972045175683,1.116081611861102,0.6936149376908067,1.5172608701968406,0.6749170523733969,0.8163732788510573,0.6966761937522441,0.5561855266088689,1.3712699348927933,0.6415668141525777,0.0,0.0
OK,2020,1,24.09999999999999,34.30000000000001,6.5,29.6,13.5,-79.0,12.0,34.0,29.299999999999997,2762.430939226519,0.14508233746165042,-0.1531576296289088,0.6800134849165036,0.6936149376908067,1.5172608701968406,0.30067876717991127,0.8163732788510573,0.6966761937522441,0.5561855266088689,1.3549283427875165,0.6607656109816491,0.0,0.0
OK,2021,1,22.09999999999999,41.0,7.0,29.6,13.5,-82.0,12.0,34.0,29.799999999999997,2710.027100271003,-0.23718711494327663,0.4449819452597495,1.116081611861102,0.6936149376908067,1.5172608701968406,-0.2606786606103173,0.8163732788510573,0.6966761937522441,0.6804225008271013,1.2430172228687302,0.671056278575404,0.0,0.0
OK,2023,1,21.40000000000001,47.7,7.0,27.3,13.5,-85.0,13.099999999999994,34.0,29.09999999999999,2923.9766081871344,-0.37098142328499756,1.043121520148409,1.116081611861102,0.3926945150239643,1.5172608701968406,-0.8220360884005459,1.2464087216534854,0.6966761937522441,0.5064907369215743,1.6999175094544545,0.7025634167326531,1.0,1.0
OR,2018,0,19.799999999999997,20.799999999999997,4.5,16.6,0.1,-85.0,6.799999999999997,23.2,28.59999999999999,1490.312965722802,-0.6767969852089415,-1.3583642357478505,-1.0642590228618902,-1.0072396252087372,-0.8716014551909821,-0.8220360884005459,-1.2165215416695239,-0.5753147399343227,0.3822537627033418,-1.3617456628032907,-0.8571625594322743,0.0,0.0
OR,2019,0,19.200000000000003,27.325000000000003,4.5,16.6,0.1,-86.0,6.799999999999997,23.2,28.59999999999999,1490.312965722802,-0.7914778209304185,-0.7758477094570287,-1.0642590228618902,-1.0072396252087372,-0.8716014551909821,-1.0091552309972887,-1.2165215416695239,-0.5753147399343227,0.3822537627033418,-1.3617456628032907,-0.8290909046350141,0.0,0.0
OR,2020,0,23.299999999999997,33.849999999999994,4.5,16.6,0.1,-87.0,8.099999999999994,25.0,27.5,1424.5014245014245,-0.007825443500319166,-0.19333118316620831,-1.0642590228618902,-1.0072396252087372,-0.8716014551909821,-1.1962743735940315,-0.7082978365393799,-0.36331625098656145,0.10893241942323277,-1.5022896273001978,-0.6805502398925076,0.0,0.0
OR,2021,0,22.40000000000001,40.375,4.1,16.6,0.1,-87.0,9.200000000000005,18.2,30.90000000000001,1398.6013986013986,-0.17984669708253403,0.38918534312461334,-1.4131135244175692,-1.0072396252087372,-0.8716014551909821,-1.1962743735940315,-0.2782623937369455,-1.1641994314558812,0.9537438441072157,-1.5576004778441417,-0.6325208791298993,0.0,0.0
OR,2023,0,21.200000000000003,46.9,4.6,18.5,0.1,-87.0,9.099999999999994,16.3,29.200000000000003,1412.4293785310736,-0.4092083685254915,0.9717018694154343,-0.9770453974729709,-0.7586531890926502,-0.8716014551909821,-1.1962743735940315,-0.31735652490080685,-1.3879756142340733,0.5313381317652238,-1.528070108485934,-0.5943145030316282,1.0,0.0
PA,2018,0,24.0,22.09999999999999,5.9,17.5,0.4,-78.0,12.400000000000006,30.5,23.59999999999999,1912.0458891013384,0.12596886484140585,-1.2423073033067678,0.15673173258298573,-0.8894881554695382,-0.8181194628315531,0.4877979097766541,0.9727498035064888,0.28445690968715304,-0.8601159794789826,-0.46111310033054453,-0.22434387810226983,0.0,0.0
PA,2019,0,23.09999999999999,27.89999999999999,5.8,17.7,0.4,-79.0,10.599999999999994,31.6,23.59999999999999,1912.0458891013384,-0.04605238874081309,-0.7245148354927045,0.06951810719406556,-0.8633211621941607,-0.8181194628315531,0.30067876717991127,0.26905544255705277,0.4140115418218961,-0.8601159794789826,-0.46111310033054453,-0.2719973070315832,0.0,0.0
PA,2020,0,25.700000000000003,33.69999999999999,5.8,17.7,0.4,-80.0,12.799999999999995,25.9,25.200000000000003,1855.287569573284,0.4508978993855944,-0.2067223676786415,0.06951810719406556,-0.8633211621941607,-0.8181194628315531,0.11355962458316841,1.129126328161914,-0.2573170065126811,-0.46255766198063575,-0.5823234396815372,-0.14272591415544672,0.0,0.0
PA,2021,0,25.0,39.5,5.5,17.7,0.4,-81.0,9.299999999999995,26.0,24.90000000000001,1818.1818181818185,0.31710359104386937,0.31107010013542274,-0.19212276897269334,-0.8633211621941607,-0.8181194628315531,-0.07355951801357444,-0.2391682625730918,-0.24553931268224974,-0.5370998465115736,-0.6615646990322483,-0.3002321341631853,0.0,0.0
PA,2023,0,25.5,45.3,5.6,17.7,0.4,-82.0,8.799999999999997,20.1,21.200000000000003,1996.007984031936,0.41267095414510113,0.8288625679494858,-0.10490914358377397,-0.8633211621941607,-0.8181194628315531,-0.2606786606103173,-0.4346389183923776,-0.9404232486776888,-1.4564534557264952,-0.2818076856568827,-0.3918818215578662,1.0,0.0
RI,2018,0,22.09999999999999,17.0,5.4,19.7,0.0,-96.0,4.5,25.4,18.90000000000001,1564.945226917058,-0.23718711494327663,-1.6976075767294778,-0.2793363943616127,-0.6016512294403847,-0.8894287859774583,-2.880346656964717,-2.1156865584382407,-0.3162054756648369,-2.027943537130363,-1.2023645926605009,-1.2247757922310867,0.0,0.0
RI,2019,0,9.0,25.075000000000003,4.9,19.7,0.0,-96.0,5.799999999999997,28.7,18.90000000000001,1564.945226917058,-2.741052028195547,-0.9767154771435188,-0.7154045213062111,-0.6016512294403847,-0.8894287859774583,-2.880346656964717,-1.6074628533080968,0.07245842073939185,-2.027943537130363,-1.2023645926605009,-1.3569911261387406,0.0,0.0
RI,2020,0,11.400000000000006,33.150000000000006,4.9,19.7,0.0,-96.0,5.066666666666663,27.7,20.5,1430.6151645207435,-2.2823286853096336,-0.2558233775575598,-0.7154045213062111,-0.6016512294403847,-0.8894287859774583,-2.880346656964717,-1.8941531485097174,-0.045318517564919884,-1.6303852196320214,-1.489233417944332,-1.2684073560206957,0.0,0.0
RI,2021,0,12.700000000000005,41.224999999999994,4.1,19.7,0.0,-96.0,4.333333333333314,26.7,20.5,1385.0415512465374,-2.033853541246431,0.46506872202839794,-1.4131135244175692,-0.6016512294403847,-0.8894287859774583,-2.880346656964717,-2.1808434437113435,-0.1630954558692316,-1.6303852196320214,-1.5865582361621622,-1.2914207371392923,0.0,0.0
RI,2023,0,16.099999999999994,49.3,4.3,19.7,0.0,-96.0,2.9000000000000057,19.6,21.40000000000001,1605.1364365971108,-1.383995472158057,1.185960821614357,-1.2386862736397297,-0.6016512294403847,-0.8894287859774583,-2.880346656964717,-2.741192657059955,-0.9993117178298446,-1.4067586660392006,-1.1165341768773458,-1.2071944814372335,1.0,0.0
SC,2018,1,22.799999999999997,17.5,7.0,32.3,2.5,-77.0,11.400000000000006,37.0,25.799999999999997,2433.0900243309,-0.10339280660155092,-1.652970295021369,1.116081611861102,1.0468693469084038,-0.4437455163155511,0.6749170523733969,0.5818084918679157,1.0500070086651794,-0.3134732929187582,0.6516037132249206,0.26077053140436895,0.0,0.0
SC,2019,1,21.200000000000003,25.5,7.0,32.3,2.5,-79.5,11.400000000000006,37.0,26.40000000000001,2433.0900243309,-0.4092083685254915,-0.9387737876916264,1.116081611861102,1.0468693469084038,-0.4437455163155511,0.20711919588153985,0.5818084918679157,1.0500070086651794,-0.16438892385687628,0.6516037132249206,0.2697372772019516,0.0,0.0
SC,2020,1,21.59999999999999,33.5,7.0,32.3,2.5,-82.0,11.400000000000006,37.0,27.5,2352.9411764705883,-0.33275447804450836,-0.22457728036188404,1.116081611861102,1.0468693469084038,-0.4437455163155511,-0.2606786606103173,0.5818084918679157,1.0500070086651794,0.10893241942323277,0.4804416857280066,0.31223846291215795,0.0,0.0
SC,2021,1,23.299999999999997,41.5,7.0,32.3,2.5,-81.0,11.400000000000006,37.0,27.5,2304.147465437788,-0.007825443500319166,0.48961922696785837,1.116081611861102,1.0468693469084038,-0.4437455163155511,-0.07355951801357444,0.5818084918679157,1.0500070086651794,0.10893241942323277,0.3762401814964256,0.42444278093606735,0.0,0.0
SC,2023,1,20.5,49.5,6.9,31.5,2.5,-80.0,11.400000000000006,37.0,28.799999999999997,2457.002457002457,-0.5430026768672165,1.2038157342976008,1.0288679864721826,0.9422013738068938,-0.4437455163155511,0.11355962458316841,0.5818084918679157,1.0500070086651794,0.4319485523906364,0.7026699551948671,0.5068130534095677,1.0,1.0
SD,2018,1,24.09999999999999,27.90000000000001,6.4,28.1,16.3,-73.0,10.599999999999994,27.6,25.90000000000001,2403.846153846154,0.14508233746165042,-0.7245148354927029,0.5927998595275842,0.4973624881254748,2.016426132218177,1.4233936227603683,0.26905544255705277,-0.0570962113953508,-0.28862589807510874,0.5891519088926845,0.446303484657983,0.0,0.0
SD,2019,1,24.0,32.47500000000001,6.4,28.1,16.3,-75.0,10.400000000000006,29.1,26.299999999999997,2403.846153846154,0.12596886484140585,-0.31608370786350654,0.5927998595275842,0.4973624881254748,2.016426132218177,1.0491553375668827,0.1908671802293426,0.1195691960611168,-0.1892363187005258,0.5891519088926845,0.46759809408986364,0.0,0.0
SD,2020,1,26.200000000000003,37.05,6.7,28.1,16.3,-77.0,12.599999999999994,30.5,26.299999999999997,2392.3444976076557,0.5464652624868261,0.09234741976568889,0.8544407356943431,0.4973624881254748,2.016426132218177,0.6749170523733969,1.050938065834199,0.28445690968715304,-0.1892363187005258,0.5645895246050785,0.639270727208981,0.0,0.0
SD,2021,1,24.5,41.625,6.7,28.1,16.3,-75.0,9.099999999999994,24.4,26.09999999999999,2380.9523809523807,0.2215362279426376,0.5007785473948856,0.8544407356943431,0.4973624881254748,2.016426132218177,1.0491553375668827,-0.31735652490080685,-0.43398241396914866,-0.23893110838782033,0.5402610677868765,0.46896904894715014,0.0,0.0
SD,2023,1,23.5,46.2,7.1,23.1,16.3,-73.0,10.700000000000005,25.0,26.700000000000003,2421.3075060532688,0.030401501740174083,0.9092096750240823,1.2032952372500214,-0.15681234375896522,2.016426132218177,1.4233936227603683,0.3081495737209141,-0.36331625098656145,-0.08984673932593842,0.6264415334649108,0.5907341942107183,1.0,1.0
TN,2018,1,25.0,17.400000000000006,6.9,41.1,6.4,-72.0,11.700000000000005,38.3,24.700000000000003,2469.135802469136,0.31710359104386937,-1.6618977513629902,1.0288679864721826,2.198217051025019,0.2515203843570243,1.6105127653571112,0.6990908853594872,1.2031170284607842,-0.5867946361988682,0.7285813446388768,0.5788318649152495,0.0,0.0
TN,2019,1,25.5,25.875,6.7,41.1,6.4,-71.0,11.700000000000005,38.3,24.700000000000003,2469.135802469136,0.41267095414510113,-0.9052958264105448,0.8544407356943431,2.198217051025019,0.2515203843570243,1.797631907953854,0.6990908853594872,1.2031170284607842,-0.5867946361988682,0.7285813446388768,0.6653179829025075,0.0,0.0
TN,2020,1,27.0,34.349999999999994,6.7,41.1,6.4,-70.0,11.299999999999995,41.0,27.799999999999997,2392.3444976076557,0.6993730434487964,-0.14869390145809944,0.8544407356943431,2.198217051025019,0.2515203843570243,1.984751050550597,0.5427143607040543,1.5211147618824261,0.18347460395417153,0.5645895246050785,0.8651501614763412,0.0,0.0
TN,2021,1,26.0,42.825,6.4,41.1,6.4,-71.0,11.299999999999995,34.6,27.0,2369.6682464454975,0.5082383172463328,0.6079080234943472,0.5927998595275842,2.198217051025019,0.2515203843570243,1.797631907953854,0.5427143607040543,0.7673423567348313,-0.015304554794999661,0.5161632124551043,0.7767230918703152,0.0,0.0
TN,2023,1,26.299999999999997,51.3,6.6,42.1,6.4,-72.0,7.400000000000006,34.6,26.799999999999997,2475.2475247524753,0.5655787351070714,1.3645099484467926,0.7672271103054229,2.329052017401907,0.2515203843570243,1.6105127653571112,-0.9819567546863766,0.7673423567348313,-0.06499934448229334,0.7416332450147581,0.7350420463556249,1.0,1.0
TX,2018,1,29.59999999999999,22.700000000000003,5.5,28.2,3.7,-77.0,13.5,53.0,32.7,2518.8916876574303,1.1963233315751998,-1.188742565257036,-0.19212276897269334,0.5104459847631633,-0.22981754687783557,0.6749170523733969,1.402785246308917,2.934438021534167,1.4009969512928508,0.834837621754362,0.7344061328494492,0.0,0.0
TX,2019,1,29.299999999999997,30.299999999999997,5.5,28.2,3.7,-78.0,13.5,53.0,32.900000000000006,2518.8916876574303,1.138982913714462,-0.5102558832937812,-0.19212276897269334,0.5104459847631633,-0.22981754687783557,0.4877979097766541,1.402785246308917,2.934438021534167,1.4506917409801445,0.834837621754362,0.782778323968756,0.0,0.0
TX,2020,1,29.799999999999997,37.9,5.4,28.2,3.7,-79.0,13.5,53.0,32.900000000000006,2463.054187192118,1.2345502768156937,0.16823079866947416,-0.2793363943616127,0.5104459847631633,-0.22981754687783557,0.30067876717991127,1.402785246308917,2.934438021534167,1.4506917409801445,0.7155937393387388,0.8208260634350761,0.0,0.0
TX,2021,1,28.90000000000001,45.5,5.5,28.2,3.7,-79.5,13.5,53.0,34.599999999999994,2433.0900243309,1.062529023233479,0.8467174806327296,-0.19212276897269334,0.5104459847631633,-0.22981754687783557,0.20711919588153985,1.402785246308917,2.934438021534167,1.873097453322132,0.6516037132249206,0.9066795803050519,0.0,0.0
TX,2023,1,31.200000000000003,53.1,5.8,29.3,3.7,-80.0,13.5,53.0,33.8,2583.9793281653747,1.5021388934991438,1.525204162595985,0.06951810719406556,0.6543644477777403,-0.22981754687783557,0.11355962458316841,1.402785246308917,2.934438021534167,1.6743182945729609,0.9738356586786905,1.0620344909867003,1.0,1.0
UT,2018,1,15.299999999999995,27.59999999999999,5.4,15.5,0.7,-73.0,8.599999999999994,24.5,33.2,1956.9471624266143,-1.5369032531200277,-0.7512972045175699,-0.2793363943616127,-1.1511580882233141,-0.7646374704721243,1.4233936227603683,-0.5128271807200934,-0.42220472013871735,1.5252339255110834,-0.3652240989946566,-0.2834960862276664,0.0,0.0
UT,2019,1,15.5,33.44999999999999,5.4,15.5,0.7,-75.0,8.0,22.1,33.2,1956.9471624266143,-1.4986763078795342,-0.22904100853269596,-0.2793363943616127,-1.1511580882233141,-0.7646374704721243,1.0491553375668827,-0.747391967703235,-0.7048693720690653,1.5252339255110834,-0.3652240989946566,-0.31659454451582725,0.0,0.0
UT,2020,1,17.400000000000006,39.3,5.4,15.5,0.7,-77.0,11.099999999999994,21.5,32.8,1851.851851851852,-1.1355203280948523,0.29321518745217895,-0.2793363943616127,-1.1511580882233141,-0.7646374704721243,0.6749170523733969,0.4645260983763393,-0.7755355350516525,1.425844346136496,-0.5896605933251216,-0.18373457251902664,0.0,0.0
UT,2021,1,15.700000000000005,45.15,5.0,15.5,0.7,-77.0,9.299999999999995,22.3,33.900000000000006,1834.8623853211009,-1.4604493626390405,0.8154713834370532,-0.6281908959172918,-1.1511580882233141,-0.7646374704721243,0.6749170523733969,-0.2391682625730918,-0.681313984408203,1.6991656894166094,-0.6259424815259659,-0.23613064205319723,0.0,0.0
UT,2023,1,19.200000000000003,51.0,5.1,16.1,0.7,-77.0,7.799999999999997,19.5,32.8,1919.3857965451057,-0.7914778209304185,1.3377275794219274,-0.5409772705283724,-1.0726571083971812,-0.7646374704721243,0.6749170523733969,-0.8255802300309507,-1.011089411660276,1.425844346136496,-0.4454383467532445,-0.20133686808407475,1.0,1.0
VA,2018,0,20.799999999999997,16.200000000000003,5.7,32.7,6.9,-81.0,9.799999999999995,29.9,24.0,2237.1364653243845,-0.48566225900647797,-1.7690272274624517,-0.017695518194853814,1.0992033334591598,0.34065703828940574,-0.07355951801357444,-0.04369760675380526,0.21379074670456583,-0.7607264001043943,0.23313471023629959,-0.12635827008461267,0.0,0.0
VA,2019,0,20.299999999999997,24.40000000000001,5.8,32.7,6.9,-81.5,8.900000000000006,31.2,24.0,2237.1364653243845,-0.5812296221077098,-1.0369758074494653,0.06951810719406556,1.0992033334591598,0.34065703828940574,-0.16711908931194586,-0.395544787228517,0.36690076650017117,-0.7607264001043943,0.23313471023629959,-0.08321817505229304,0.0,0.0
VA,2020,0,21.90000000000001,32.599999999999994,5.8,32.7,6.9,-82.0,12.900000000000006,29.1,25.5,2169.1973969631235,-0.2754140601837658,-0.3049243874364806,0.06951810719406556,1.0992033334591598,0.34065703828940574,-0.2606786606103173,1.1682204593257752,0.1195691960611168,-0.388015477449697,0.08804730102947164,0.1656182849678734,0.0,0.0
VA,2021,0,20.700000000000003,40.8,5.9,32.7,6.9,-81.5,8.0,22.6,27.200000000000003,2123.1422505307855,-0.5047757316267233,0.42712703257650564,0.15673173258298573,1.0992033334591598,0.34065703828940574,-0.16711908931194586,-0.747391967703235,-0.6459809029169095,0.03439023489229402,-0.010305856258141559,-0.0017464176016604334,0.0,0.0
VA,2023,0,20.5,49.0,6.0,33.4,6.9,-81.0,8.700000000000003,39.2,25.200000000000003,2207.505518763797,-0.5430026768672165,1.159178452589492,0.2439453579719051,1.1907878099229807,0.34065703828940574,-0.07355951801357444,-0.47373304955623274,1.3091162729346655,-0.46255766198063575,0.16985628483956683,0.2860688310130356,1.0,0.0
WA,2018,0,25.299999999999997,23.799999999999997,4.5,18.0,1.1,-85.0,7.599999999999994,26.5,30.5,1901.1406844106464,0.3744440089046079,-1.090540545499197,-1.0642590228618902,-0.8240706722810942,-0.6933281473262192,-0.8220360884005459,-0.9037684923586664,-0.18665084353009387,0.8543542647326274,-0.4844017313584147,-0.4840257269978886,0.0,0.0
WA,2019,0,27.0,29.77500000000001,4.5,17.3,1.1,-85.0,9.799999999999995,24.7,30.5,1901.1406844106464,0.6993730434487964,-0.5571250290872946,-1.0642590228618902,-0.9156551487449157,-0.6933281473262192,-0.8220360884005459,-0.04369760675380526,-0.39864933247785506,0.8543542647326274,-0.4844017313584147,-0.34254247988295167,0.0,0.0
WA,2020,0,29.700000000000003,35.75,4.4,17.3,1.1,-85.0,9.299999999999995,20.5,32.099999999999994,1814.8820326678765,1.2154368041954484,-0.023709512675393996,-1.1514726482508095,-0.9156551487449157,-0.6933281473262192,-0.8220360884005459,-0.2391682625730918,-0.8933124733559642,1.2519125822309698,-0.6686115623864867,-0.2939944457287008,0.0,0.0
WA,2021,0,28.700000000000003,41.725,4.4,17.3,1.1,-85.5,7.299999999999997,23.7,33.8,1763.668430335097,1.024302077992985,0.5097060037365075,-1.1514726482508095,-0.9156551487449157,-0.6933281473262192,-0.9155956596989173,-1.0210508858502372,-0.5164262707821667,1.6743182945729609,-0.7779808701771218,-0.2783183254527934,0.0,0.0
WA,2023,0,28.90000000000001,47.7,4.7,17.3,1.1,-86.0,9.0,20.2,31.59999999999999,1808.3182640144664,1.062529023233479,1.043121520148409,-0.8898317720840507,-0.9156551487449157,-0.6933281473262192,-1.0091552309972887,-0.3564506560646619,-0.9286455548472579,1.1276756080127366,-0.6826288312647169,-0.22423691899344864,1.0,0.0
WI,2018,1,15.5,13.200000000000005,6.0,13.2,2.7,-80.0,9.099999999999994,28.7,24.0,2202.6431718061676,-1.4986763078795342,-2.036850917711105,0.2439453579719051,-1.4520785108901566,-0.4080908547425985,0.11355962458316841,-0.31735652490080685,0.07245842073939185,-0.7607264001043943,0.15947249036367087,-0.5884343622570458,0.0,0.0
WI,2019,1,16.299999999999997,19.59999999999999,5.9,13.2,2.7,-80.0,9.299999999999995,26.7,24.0,2202.6431718061676,-1.3457685269175639,-1.4654937118473124,0.15673173258298573,-1.4520785108901566,-0.4080908547425985,0.11355962458316841,-0.2391682625730918,-0.1630954558692316,-0.7607264001043943,0.15947249036367087,-0.5404657875414524,0.0,0.0
WI,2020,1,18.90000000000001,26.0,5.9,13.2,2.7,-80.0,11.400000000000006,24.4,27.40000000000001,2087.6826722338205,-0.8488182387911564,-0.8941365059835176,0.15673173258298573,-1.4520785108901566,-0.4080908547425985,0.11355962458316841,0.5818084918679157,-0.43398241396914866,0.08408502457958858,-0.08603162746413674,-0.31869532782270565,0.0,0.0
WI,2021,1,18.200000000000003,32.400000000000006,5.7,13.2,2.7,-81.0,7.400000000000006,18.8,27.40000000000001,2074.688796680498,-0.982612547132882,-0.3227793001197231,-0.017695518194853814,-1.4520785108901566,-0.4080908547425985,-0.07355951801357444,-0.9819567546863766,-1.0935332684732941,0.08408502457958858,-0.11378072360367825,-0.5362001971277548,0.0,0.0
WI,2023,1,17.799999999999997,38.8,5.8,16.4,2.7,-82.0,8.599999999999994,20.9,26.299999999999997,2145.9227467811156,-1.0590664376138685,0.24857790574407004,0.06951810719406556,-1.033406618484115,-0.4080908547425985,-0.2606786606103173,-0.5128271807200934,-0.8462016980342397,-0.1892363187005258,0.03834307669206156,-0.3953068679275561,1.0,1.0
WV,2018,1,21.799999999999997,15.299999999999995,6.5,23.9,18.6,-76.0,12.799999999999995,28.8,23.59999999999999,2493.7655860349128,-0.29452753280401445,-1.8493743345370484,0.6800134849165036,-0.05214437065745519,2.4264547403071317,0.8620361949701398,1.129126328161914,0.08423611456982319,-0.8601159794789826,0.7811795267022783,0.290688417215029,0.0,0.0
WV,2019,1,20.40000000000001,23.22499999999999,6.5,23.9,18.6,-78.0,11.949999999999989,25.4,23.59999999999999,2493.7655860349128,-0.562116149487461,-1.1418734194635227,0.6800134849165036,-0.05214437065745519,2.4264547403071317,0.4877979097766541,0.7968262132691242,-0.3162054756648369,-0.8601159794789826,0.7811795267022783,0.22398164802194334,0.0,0.0
WV,2020,1,24.0,31.15000000000001,6.7,23.9,18.6,-80.0,11.099999999999994,22.0,23.09999999999999,2421.3075060532688,0.12596886484140585,-0.4343725043899951,0.8544407356943431,-0.05214437065745519,2.4264547403071317,0.11355962458316841,0.4645260983763393,-0.7166470658994967,-0.984352953697215,0.6264415334649108,0.24238747026231372,0.0,0.0
WV,2021,1,22.799999999999997,39.075,7.1,23.9,18.6,-80.5,6.200000000000003,17.7,24.0,2369.6682464454975,-0.10339280660155092,0.27312841068353044,1.2032952372500214,-0.05214437065745519,2.4264547403071317,0.02000005328479698,-1.4510863286526654,-1.223087900608037,-0.7607264001043943,0.5161632124551043,0.08486038473564823,0.0,0.0
WV,2023,1,17.900000000000006,47.0,6.5,24.4,18.6,-81.0,10.0,17.7,23.90000000000001,2439.0243902439024,-1.0399529649936206,0.9806293257570563,0.6800134849165036,0.013273112530988812,2.4264547403071317,-0.07355951801357444,0.03449065557391116,-1.223087900608037,-0.7855737949480385,0.6642768598601452,0.16769640003824662,1.0,1.0
WY,2018,1,28.200000000000003,20.799999999999997,6.3,35.5,5.5,-76.0,7.0,31.4,35.3,2242.152466367713,0.9287347148917532,-1.3583642357478505,0.505586234138664,1.4655412393144458,0.09107440727873761,0.8620361949701398,-1.138333279341808,0.3904561541610334,2.0470292172276583,0.24384664099292175,0.4037607287885695,0.0,0.0
WY,2019,1,27.0,27.5,6.2,35.5,5.5,-75.5,8.5,25.1,35.099999999999994,2242.152466367713,0.6993730434487964,-0.7602246608591908,0.41837260874974463,1.4655412393144458,0.09107440727873761,0.9555957662685113,-0.5519213118839484,-0.35153855715613014,1.9973344275403644,0.24384664099292175,0.4207453603694252,0.0,0.0
WY,2020,1,24.299999999999997,34.2,5.3,35.5,5.5,-75.0,9.900000000000006,29.8,35.099999999999994,2169.1973969631235,0.18330928270214436,-0.16208508597053134,-0.36655001975053286,1.4655412393144458,0.09107440727873761,1.0491553375668827,-0.004603475589943926,0.2020130528741349,1.9973344275403644,0.08804730102947164,0.4543236466995174,0.0,0.0
WY,2021,1,23.5,40.9,5.5,35.5,5.5,-75.0,6.700000000000003,26.4,34.2,2227.1714922049,0.030401501740174083,0.43605448891812754,-0.19212276897269334,1.4655412393144458,0.09107440727873761,1.0491553375668827,-1.255615672833379,-0.1984285373605252,1.7737078739475483,0.21185399256390236,0.34116218621632205,0.0,0.0
WY,2023,1,24.5,47.6,4.7,35.5,5.5,-75.0,7.400000000000006,24.2,34.3,2164.5021645021643,0.2215362279426376,1.034194063806787,-0.8898317720840507,1.4655412393144458,0.09107440727873761,1.0491553375668827,-0.9819567546863766,-0.45753780163001095,1.7985552687911932,0.07802038824105892,0.34087506045413046,1.0,1.0
