State,Year,Abortion Restricted,Inadequate Prenatal Care,No Cancer Screen,Infant Mortality,Maternal Mortality,Maternity Care Desert,Maternity Practices Score,No Postpartum Visit,Unintended Pregnancy,No Preventative,Patients Per Doctor,Region
AK,2018,1,31.59999999999999,19.200000000000003,5.6,24.9,6.8,-83.0,11.0,25.5,29.0,1020.408163265306,West
AK,2019,1,31.299999999999997,25.950000000000003,5.6,24.9,6.8,-82.5,11.700000000000005,28.1,29.0,1020.408163265306,West
AK,2020,1,34.0,32.7,6.2,24.9,6.8,-82.0,15.0,24.8,31.09999999999999,980.3921568627452,West
AK,2021,1,33.400000000000006,39.45,6.2,24.9,6.8,-82.0,14.599999999999994,22.766666666666666,33.599999999999994,969.9321047526672,West
AK,2022,1,34.7,46.2,6.9,24.9,6.8,-82.0,14.200000000000005,20.73333333333333,29.299999999999997,963.3911368015416,West
AK,2023,1,33.400000000000006,46.2,6.9,23.4,6.8,-82.0,13.799999999999995,18.7,29.299999999999997,950.5703422053232,West
AR,2018,1,27.5,16.400000000000006,7.3,38.3,13.8,-69.0,11.200000000000005,35.4,24.5,3367.003367003367,South
AR,2019,1,26.200000000000003,25.625,7.3,38.3,13.8,-72.0,11.200000000000005,35.4,25.299999999999997,3367.003367003367,South
AR,2020,1,28.5,34.849999999999994,8.0,38.3,13.8,-75.0,11.700000000000005,33.7,25.59999999999999,3289.4736842105262,South
AR,2021,1,28.09999999999999,44.075,8.0,38.3,13.8,-75.5,12.900000000000006,32.3,25.59999999999999,3267.97385620915,South
AR,2022,1,26.700000000000003,53.3,8.0,38.3,13.8,-76.0,14.300000000000011,32.3,25.299999999999997,3355.7046979865772,South
AR,2023,1,25.799999999999997,53.3,8.0,35.3,13.8,-76.0,15.700000000000005,32.3,26.799999999999997,3289.4736842105262,South
AZ,2018,1,29.09999999999999,20.59999999999999,5.6,30.0,0.1,-77.0,14.799999999999995,29.1,30.0,2409.6385542168673,West
AZ,2019,1,30.59999999999999,29.09999999999999,5.6,30.0,0.1,-77.5,14.799999999999995,29.1,30.0,2409.6385542168673,West
AZ,2020,1,31.0,37.599999999999994,5.3,30.0,0.1,-78.0,14.799999999999995,29.1,30.0,2398.0815347721823,West
AZ,2021,1,28.5,46.1,5.8,30.0,0.1,-77.5,13.199999999999989,28.55,34.0,2375.296912114014,West
AZ,2022,1,28.299999999999997,54.6,5.8,30.0,0.1,-77.0,11.599999999999994,28.0,33.400000000000006,2463.054187192118,West
AZ,2023,1,27.700000000000003,54.6,5.9,30.4,0.1,-77.0,12.200000000000005,28.0,33.400000000000006,2493.7655860349128,West
CA,2018,0,21.200000000000003,22.40000000000001,4.2,10.5,0.1,-86.0,12.5,31.2,30.40000000000001,2341.9203747072597,West
CA,2019,0,21.299999999999997,29.575000000000003,4.2,10.5,0.1,-86.5,12.5,31.2,30.40000000000001,2341.9203747072597,West
CA,2020,0,25.5,36.75,4.1,10.5,0.1,-87.0,12.5,31.2,33.7,2252.252252252252,West
CA,2021,0,25.799999999999997,43.925,4.1,10.5,0.1,-87.0,12.5,31.2,33.900000000000006,2197.802197802198,West
CA,2022,0,26.200000000000003,51.1,4.1,10.5,0.1,-87.0,12.5,31.2,28.700000000000003,2358.490566037736,West
CA,2023,0,25.5,51.1,4.1,10.1,0.1,-87.0,12.5,31.2,28.700000000000003,2298.8505747126437,West
CO,2018,0,31.299999999999997,21.90000000000001,4.8,16.0,1.7,-85.0,8.5,28.2,32.400000000000006,1631.3213703099511,West
CO,2019,0,30.40000000000001,27.65000000000001,4.8,16.0,1.7,-85.0,9.200000000000005,24.3,32.400000000000006,1631.3213703099511,West
CO,2020,0,32.900000000000006,33.400000000000006,4.8,16.0,1.7,-85.0,11.5,25.5,32.8,1592.3566878980891,West
CO,2021,0,29.59999999999999,39.15,4.8,16.0,1.7,-85.5,7.799999999999997,22.6,32.5,1555.2099533437015,West
CO,2022,0,28.200000000000003,44.9,4.8,16.0,1.7,-86.0,8.400000000000006,24.0,31.200000000000003,1597.444089456869,West
CO,2023,0,30.09999999999999,44.9,4.5,17.0,1.7,-86.0,8.0,33.9,31.200000000000003,1577.2870662460568,West
CT,2018,0,16.299999999999997,17.799999999999997,4.3,15.6,0.0,-85.0,5.599999999999994,24.4,22.700000000000003,1499.2503748125937,Northeast
CT,2019,0,15.099999999999994,24.924999999999997,4.3,15.6,0.0,-86.0,4.799999999999997,24.2,22.700000000000003,1499.2503748125937,Northeast
CT,2020,0,15.599999999999994,32.05,4.4,15.6,0.0,-87.0,7.799999999999997,23.9,22.90000000000001,1457.725947521866,Northeast
CT,2021,0,15.200000000000005,39.175,4.5,15.6,0.0,-87.0,5.099999999999994,18.9,24.0,1416.43059490085,Northeast
CT,2022,0,16.900000000000006,46.3,4.4,15.6,0.0,-87.0,5.849999999999994,19.75,21.09999999999999,1600.0,Northeast
CT,2023,0,15.799999999999995,46.3,4.4,16.2,0.0,-87.0,6.599999999999994,20.6,21.09999999999999,1584.7860538827258,Northeast
DE,2018,0,28.299999999999997,18.799999999999997,6.2,18.9,0.0,-83.0,12.299999999999995,32.8,23.09999999999999,1953.125,South
DE,2019,0,24.5,27.25,6.2,18.9,0.0,-83.5,9.799999999999995,34.6,23.09999999999999,1953.125,South
DE,2020,0,22.0,35.7,5.8,18.9,0.0,-84.0,12.0,33.7,25.59999999999999,1953.125,South
DE,2021,0,22.0,44.15,6.2,18.9,0.0,-88.5,12.299999999999995,31.0,25.59999999999999,1912.0458891013384,South
DE,2022,0,23.200000000000003,52.6,6.2,18.9,0.0,-93.0,11.0,27.2,24.0,2169.1973969631235,South
DE,2023,0,21.40000000000001,52.6,6.8,18.9,0.0,-93.0,11.099999999999994,27.2,24.0,2159.8272138228945,South
FL,2018,1,28.90000000000001,21.09999999999999,6.1,24.1,0.9,-81.0,10.700000000000005,42.1,25.700000000000003,2506.2656641604012,South
FL,2019,1,28.90000000000001,28.39999999999999,6.1,24.1,0.9,-81.0,10.700000000000005,42.1,27.59999999999999,2506.2656641604012,South
FL,2020,1,32.3,35.69999999999999,6.0,24.1,0.9,-81.0,10.700000000000005,37.9,27.40000000000001,2409.6385542168673,South
FL,2021,1,35.3,43.0,5.9,24.1,0.9,-82.0,10.666666666666671,37.9,27.40000000000001,2336.448598130841,South
FL,2022,1,35.599999999999994,50.3,6.0,24.1,0.9,-83.0,10.633333333333326,37.9,27.299999999999997,2463.054187192118,South
FL,2023,1,34.0,50.3,6.0,24.5,0.9,-83.0,10.599999999999994,37.9,29.09999999999999,2444.987775061125,South
GA,2018,1,25.5,17.299999999999997,7.0,32.1,4.9,-73.0,10.200000000000005,38.5,27.09999999999999,2136.7521367521367,South
GA,2019,1,24.299999999999997,23.65000000000001,7.0,32.1,4.9,-74.0,8.5,32.6,29.700000000000003,2136.7521367521367,South
GA,2020,1,25.200000000000003,30.0,6.7,32.1,4.9,-75.0,10.799999999999995,27.1,28.40000000000001,2096.4360587002097,South
GA,2021,1,24.0,36.35,6.7,32.1,4.9,-76.5,9.299999999999995,27.9,28.40000000000001,2074.688796680498,South
GA,2022,1,25.200000000000003,42.7,7.0,32.1,4.9,-78.0,10.0,18.95,28.59999999999999,2197.802197802198,South
GA,2023,1,24.40000000000001,42.7,7.0,30.4,4.9,-78.0,10.700000000000005,10.0,29.799999999999997,2145.9227467811156,South
HI,2018,1,35.400000000000006,18.5,6.0,16.1,0.0,-68.0,7.0,23.0,22.700000000000003,1792.1146953405018,West
HI,2019,1,36.3,27.200000000000003,6.0,16.1,0.0,-71.5,7.0,23.0,22.700000000000003,1792.1146953405018,West
HI,2020,1,39.7,35.900000000000006,5.0,16.1,0.0,-75.0,9.5,25.8,24.90000000000001,1715.2658662092624,West
HI,2021,1,37.6,44.599999999999994,5.2,16.1,0.0,-75.0,11.299999999999995,23.0,24.90000000000001,1557.632398753894,West
HI,2022,1,37.0,53.3,5.3,16.1,0.0,-75.0,7.599999999999994,21.4,27.700000000000003,1650.16501650165,West
HI,2023,1,37.6,53.3,5.3,16.6,0.0,-75.0,8.0,24.2,27.700000000000003,1628.6644951140065,West
IA,2018,1,14.5,18.59999999999999,5.0,19.5,10.1,-72.0,6.599999999999994,24.1,22.0,2659.574468085106,Midwest
IA,2019,1,14.099999999999994,25.39999999999999,5.0,19.7,10.1,-73.5,6.599999999999994,24.1,22.700000000000003,2659.574468085106,Midwest
IA,2020,1,15.900000000000006,32.19999999999999,4.7,19.7,10.1,-75.0,8.700000000000003,20.4,22.700000000000003,2590.6735751295337,Midwest
IA,2021,1,15.099999999999994,39.0,4.6,19.7,10.1,-74.0,8.400000000000006,20.4,23.200000000000003,2564.102564102564,Midwest
IA,2022,1,15.099999999999994,45.8,5.2,19.7,10.1,-73.0,8.099999999999994,20.4,23.200000000000003,2710.027100271003,Midwest
IA,2023,1,15.900000000000006,45.8,5.2,19.7,10.1,-73.0,7.799999999999997,20.4,23.5,2652.519893899204,Midwest
IL,2018,0,22.09999999999999,20.799999999999997,6.1,18.1,2.8,-80.0,7.0,30.8,24.299999999999997,1956.9471624266143,Midwest
IL,2019,0,21.200000000000003,29.200000000000003,6.1,18.1,2.8,-81.0,6.099999999999994,31.5,24.299999999999997,1956.9471624266143,Midwest
IL,2020,0,21.59999999999999,37.599999999999994,5.6,18.1,2.8,-82.0,8.599999999999994,27.6,24.5,1904.7619047619048,Midwest
IL,2021,0,19.799999999999997,46.0,5.6,18.1,2.8,-81.0,6.799999999999997,27.5,24.40000000000001,1862.19739292365,Midwest
IL,2022,0,21.700000000000003,54.4,5.8,18.1,2.8,-80.0,7.099999999999994,27.5,23.5,2028.397565922921,Midwest
IL,2023,0,21.90000000000001,54.4,5.8,20.0,2.8,-80.0,7.400000000000006,27.5,23.5,1996.007984031936,Midwest
IN,2018,1,22.0,18.90000000000001,6.6,30.9,5.6,-78.0,7.5,7.1,24.40000000000001,2450.9803921568628,Midwest
IN,2019,1,21.5,26.05000000000001,6.7,30.9,5.6,-80.5,7.5,7.1,24.40000000000001,2450.9803921568628,Midwest
IN,2020,1,22.299999999999997,33.2,6.7,30.9,5.6,-83.0,7.5,7.1,26.200000000000003,2409.6385542168673,Midwest
IN,2021,1,19.90000000000001,40.35,6.8,30.9,5.6,-83.0,7.5,7.1,25.299999999999997,2320.185614849188,Midwest
IN,2022,1,20.799999999999997,47.5,6.8,30.9,5.6,-83.0,7.5,7.1,22.90000000000001,2444.987775061125,Midwest
IN,2023,1,20.799999999999997,47.5,6.8,31.4,5.6,-83.0,7.5,7.1,22.90000000000001,2415.458937198068,Midwest
KS,2018,1,16.200000000000003,20.700000000000003,5.9,22.8,7.0,-79.0,9.400000000000006,27.8,28.5,2557.544757033248,Midwest
KS,2019,1,15.799999999999995,26.125,5.9,23.1,7.0,-81.0,7.5,30.8,28.0,2557.544757033248,Midwest
KS,2020,1,16.5,31.549999999999997,6.0,23.1,7.0,-83.0,10.400000000000006,32.7,27.799999999999997,2481.389578163772,Midwest
KS,2021,1,15.700000000000005,36.975,5.6,23.1,7.0,-82.5,8.299999999999997,25.6,26.90000000000001,2415.458937198068,Midwest
KS,2022,1,16.799999999999997,42.4,5.6,23.1,7.0,-82.0,7.900000000000006,29.0,26.90000000000001,2564.102564102564,Midwest
KS,2023,1,16.700000000000003,42.4,5.5,23.1,7.0,-82.0,9.0,29.0,25.799999999999997,2439.0243902439024,Midwest
KY,2018,1,19.299999999999997,16.200000000000003,5.5,34.6,15.6,-68.0,11.5,30.9,27.09999999999999,2398.0815347721823,South
KY,2019,1,19.0,24.09999999999999,5.7,34.6,15.6,-70.5,10.799999999999995,33.0,27.09999999999999,2398.0815347721823,South
KY,2020,1,21.09999999999999,32.0,5.7,34.6,15.6,-73.0,14.0,33.8,27.200000000000003,2375.296912114014,South
KY,2021,1,20.59999999999999,39.9,6.0,34.6,15.6,-73.5,12.099999999999994,31.45,26.5,2358.490566037736,South
KY,2022,1,20.700000000000003,47.8,6.0,34.6,15.6,-74.0,10.200000000000005,29.1,26.5,2538.0710659898477,South
KY,2023,1,21.0,47.8,6.2,31.4,15.6,-74.0,10.900000000000006,29.1,26.09999999999999,2518.8916876574303,South
LA,2018,1,22.0,13.5,7.8,37.3,5.4,-75.0,11.099999999999994,41.3,22.799999999999997,2500.0,South
LA,2019,1,21.40000000000001,20.700000000000003,7.8,37.3,5.4,-78.0,11.099999999999994,40.5,22.0,2500.0,South
LA,2020,1,23.09999999999999,27.90000000000001,7.4,37.3,5.4,-81.0,13.700000000000005,40.4,22.0,2487.5621890547263,South
LA,2021,1,24.200000000000003,35.099999999999994,7.4,37.3,5.4,-81.5,10.900000000000006,36.8,23.40000000000001,2444.987775061125,South
LA,2022,1,25.40000000000001,42.3,7.3,37.3,5.4,-82.0,7.599999999999994,36.8,19.700000000000003,2557.544757033248,South
LA,2023,1,24.90000000000001,42.3,7.3,40.7,5.4,-82.0,4.299999999999997,36.8,19.700000000000003,2421.3075060532688,South
MA,2018,0,16.599999999999994,19.09999999999999,4.0,16.4,0.0,-86.0,6.700000000000003,21.7,23.0,1579.778830963665,Northeast
MA,2019,0,15.299999999999995,25.64999999999999,3.8,14.4,0.0,-85.5,7.099999999999994,23.8,22.200000000000003,1579.778830963665,Northeast
MA,2020,0,22.0,32.19999999999999,3.6,14.4,0.0,-85.0,9.700000000000005,19.5,22.200000000000003,1547.9876160990714,Northeast
MA,2021,0,19.799999999999997,38.75,3.6,14.4,0.0,-86.5,7.400000000000006,19.5,23.799999999999997,1540.8320493066255,Northeast
MA,2022,0,21.200000000000003,45.3,3.3,14.4,0.0,-88.0,7.200000000000003,17.7,20.799999999999997,1706.4846416382252,Northeast
MA,2023,0,18.40000000000001,45.3,3.3,14.4,0.0,-88.0,6.900000000000006,17.7,20.799999999999997,1675.041876046901,Northeast
MD,2018,0,27.40000000000001,20.700000000000003,5.9,21.3,0.4,-79.0,7.700000000000003,31.2,22.700000000000003,1754.3859649122808,South
MD,2019,0,25.700000000000003,27.625,5.8,21.4,0.4,-81.0,7.700000000000003,31.2,22.700000000000003,1754.3859649122808,South
MD,2020,0,28.59999999999999,34.55,5.8,21.4,0.4,-83.0,9.700000000000005,27.9,24.700000000000003,1712.3287671232877,South
MD,2021,0,26.59999999999999,41.475,5.9,21.4,0.4,-82.5,8.833333333333314,27.9,26.5,1675.041876046901,South
MD,2022,0,27.0,48.4,5.8,21.4,0.4,-82.0,7.966666666666683,27.9,23.299999999999997,1785.7142857142858,South
MD,2023,0,25.5,48.4,5.8,21.4,0.4,-82.0,7.099999999999994,27.9,23.299999999999997,1757.469244288225,South
MI,2018,1,19.09999999999999,15.400000000000006,6.3,19.1,1.2,-77.0,10.900000000000006,30.9,22.799999999999997,1814.8820326678765,Midwest
MI,2019,1,19.299999999999997,22.200000000000003,6.3,18.7,1.2,-77.5,11.299999999999995,29.0,22.799999999999997,1814.8820326678765,Midwest
MI,2020,1,22.0,29.0,6.5,18.7,1.2,-78.0,13.599999999999994,28.5,23.700000000000003,1745.2006980802794,Midwest
MI,2021,1,20.799999999999997,35.80000000000001,6.3,18.7,1.2,-79.0,12.5,23.9,24.200000000000003,1736.111111111111,Midwest
MI,2022,1,22.200000000000003,42.6,6.3,18.7,1.2,-80.0,9.799999999999995,24.8,21.200000000000003,1811.5942028985503,Midwest
MI,2023,1,22.40000000000001,42.6,6.3,18.7,1.2,-80.0,10.5,21.4,21.200000000000003,1769.9115044247787,Midwest
MN,2018,0,19.09999999999999,17.400000000000006,4.8,12.3,2.3,-82.0,7.799999999999997,25.5,25.299999999999997,1821.4936247723133,Midwest
MN,2019,0,18.799999999999997,25.27500000000001,4.8,12.3,2.3,-81.5,6.599999999999994,22.5,27.200000000000003,1821.4936247723133,Midwest
MN,2020,0,24.299999999999997,33.150000000000006,4.5,12.3,2.3,-81.0,14.099999999999994,19.4,27.200000000000003,1724.1379310344828,Midwest
MN,2021,0,20.09999999999999,41.025,4.7,12.3,2.3,-81.0,7.799999999999997,20.3,30.0,1694.915254237288,Midwest
MN,2022,0,19.799999999999997,48.9,4.7,12.3,2.3,-81.0,7.450000000000003,20.65,28.09999999999999,1776.1989342806396,Midwest
MN,2023,0,19.59999999999999,48.9,4.6,14.1,2.3,-81.0,7.099999999999994,21.0,28.09999999999999,1721.170395869191,Midwest
MO,2018,1,22.200000000000003,19.700000000000003,6.2,23.8,8.7,-75.0,12.5,40.8,27.200000000000003,2277.904328018223,Midwest
MO,2019,1,22.59999999999999,26.59999999999999,6.2,25.4,8.7,-77.0,11.400000000000006,33.4,27.200000000000003,2277.904328018223,Midwest
MO,2020,1,23.5,33.5,6.0,25.4,8.7,-79.0,14.900000000000006,28.2,27.5,2164.5021645021643,Midwest
MO,2021,1,20.5,40.4,6.3,25.4,8.7,-79.5,10.599999999999994,29.5,27.59999999999999,2132.1961620469083,Midwest
MO,2022,1,21.799999999999997,47.3,6.3,25.4,8.7,-80.0,10.700000000000005,31.9,26.0,2364.066193853428,Midwest
MO,2023,1,22.0,47.3,6.5,25.4,8.7,-80.0,10.900000000000006,22.4,26.0,2331.002331002331,Midwest
MS,2018,1,19.09999999999999,13.099999999999994,8.6,39.1,20.7,-73.0,11.700000000000005,44.6,25.200000000000003,3115.264797507788,South
MS,2019,1,19.200000000000003,23.049999999999997,8.6,39.7,20.7,-78.0,11.0,47.1,23.59999999999999,3115.264797507788,South
MS,2020,1,20.09999999999999,33.0,8.8,39.7,20.7,-83.0,13.099999999999994,38.3,23.59999999999999,3095.9752321981427,South
MS,2021,1,21.59999999999999,42.95,8.8,39.7,20.7,-82.5,11.900000000000006,41.2,24.0,3115.264797507788,South
MS,2022,1,19.09999999999999,52.9,9.0,39.7,20.7,-82.0,11.900000000000006,38.900000000000006,24.0,3164.5569620253164,South
MS,2023,1,19.09999999999999,52.9,9.0,39.7,20.7,-82.0,11.900000000000006,36.6,21.799999999999997,3154.5741324921137,South
MT,2018,1,24.59999999999999,21.90000000000001,4.8,30.5,7.3,-86.0,9.700000000000005,29.7,28.59999999999999,1862.19739292365,West
MT,2019,1,23.0,27.40000000000001,4.9,30.5,7.3,-83.5,9.700000000000005,29.7,28.59999999999999,1862.19739292365,West
MT,2020,1,23.09999999999999,32.900000000000006,4.9,30.5,7.3,-81.0,10.200000000000005,23.4,30.59999999999999,1779.3594306049822,West
MT,2021,1,20.90000000000001,38.4,5.0,30.5,7.3,-83.5,8.900000000000006,26.0,28.200000000000003,1766.7844522968198,West
MT,2022,1,20.700000000000003,43.9,4.8,30.5,7.3,-86.0,8.5,23.5,29.90000000000001,1805.0541516245487,West
MT,2023,1,21.200000000000003,43.9,5.1,32.5,7.3,-86.0,7.400000000000006,23.5,29.90000000000001,1811.5942028985503,West
NC,2018,1,22.40000000000001,17.299999999999997,6.8,26.7,2.7,-77.0,7.200000000000003,26.6,23.200000000000003,2197.802197802198,South
NC,2019,1,22.799999999999997,22.924999999999997,6.8,26.7,2.7,-80.5,8.400000000000006,30.9,24.09999999999999,2197.802197802198,South
NC,2020,1,24.0,28.549999999999997,6.8,26.7,2.7,-84.0,8.400000000000006,30.9,24.09999999999999,2127.659574468085,South
NC,2021,1,23.0,34.175,6.8,26.7,2.7,-83.0,8.400000000000006,30.9,24.09999999999999,2074.688796680498,South
NC,2022,1,24.0,39.8,6.8,26.7,2.7,-82.0,8.400000000000006,30.9,25.09999999999999,2141.327623126338,South
NC,2023,1,22.5,39.8,6.9,29.8,2.7,-82.0,8.400000000000006,30.9,25.09999999999999,2114.1649048625795,South
ND,2018,1,19.59999999999999,21.700000000000003,6.5,21.6,16.3,-73.0,9.0,29.2,28.799999999999997,2500.0,Midwest
ND,2019,1,21.299999999999997,26.5,6.5,21.6,16.3,-75.0,10.700000000000005,26.5,28.799999999999997,2500.0,Midwest
ND,2020,1,22.200000000000003,31.299999999999997,6.5,21.6,16.3,-77.0,10.700000000000005,20.4,30.40000000000001,2398.0815347721823,Midwest
ND,2021,1,19.59999999999999,36.1,4.1,21.6,16.3,-78.0,7.599999999999994,23.7,29.200000000000003,2364.066193853428,Midwest
ND,2022,1,21.09999999999999,40.9,4.6,21.6,16.3,-79.0,6.799999999999997,20.7,26.299999999999997,2463.054187192118,Midwest
ND,2023,1,20.799999999999997,40.9,4.6,24.1,16.3,-79.0,8.5,17.1,26.299999999999997,2409.6385542168673,Midwest
NE,2018,1,21.5,18.0,5.4,25.1,7.2,-71.0,8.700000000000003,31.3,28.0,2314.814814814815,Midwest
NE,2019,1,20.0,24.950000000000003,5.4,23.7,7.2,-72.0,7.599999999999994,25.9,28.0,2314.814814814815,Midwest
NE,2020,1,22.0,31.90000000000001,5.6,23.7,7.2,-73.0,11.700000000000005,23.1,29.5,2212.389380530973,Midwest
NE,2021,1,19.90000000000001,38.849999999999994,5.7,23.7,7.2,-73.5,9.0,28.1,30.0,2136.7521367521367,Midwest
NE,2022,1,20.09999999999999,45.8,5.7,23.7,7.2,-74.0,6.099999999999994,25.2,28.0,2463.054187192118,Midwest
NE,2023,1,19.90000000000001,45.8,6.1,23.7,7.2,-74.0,7.0,19.8,28.0,2487.5621890547263,Midwest
NH,2018,0,15.299999999999995,16.700000000000003,3.4,18.2,0.0,-90.0,9.200000000000005,20.8,24.0,1564.945226917058,Northeast
NH,2019,0,13.400000000000006,24.02500000000001,3.4,18.2,0.0,-90.0,9.200000000000005,20.8,24.700000000000003,1564.945226917058,Northeast
NH,2020,0,21.200000000000003,31.34999999999999,3.8,18.2,0.0,-90.0,9.700000000000005,21.7,26.59999999999999,1515.1515151515152,Northeast
NH,2021,0,19.700000000000003,38.675,3.7,18.2,0.0,-90.5,8.23333333333332,21.0,26.59999999999999,1499.2503748125937,Northeast
NH,2022,0,17.700000000000003,46.0,3.2,18.2,0.0,-91.0,6.76666666666668,20.3,26.59999999999999,1540.8320493066255,Northeast
NH,2023,0,15.799999999999995,46.0,3.2,19.9,0.0,-91.0,5.299999999999997,19.6,27.40000000000001,1453.4883720930234,Northeast
NJ,2018,0,26.5,21.700000000000003,4.0,26.0,0.0,-80.0,10.5,25.4,26.299999999999997,2024.2914979757088,Northeast
NJ,2019,0,25.90000000000001,28.674999999999997,4.0,26.0,0.0,-81.0,10.5,25.6,26.299999999999997,2024.2914979757088,Northeast
NJ,2020,0,27.5,35.650000000000006,3.8,26.0,0.0,-82.0,15.099999999999994,23.5,26.299999999999997,1953.125,Northeast
NJ,2021,0,26.09999999999999,42.625,3.8,26.0,0.0,-83.5,9.599999999999994,20.7,26.799999999999997,1915.708812260536,Northeast
NJ,2022,0,27.09999999999999,49.6,3.6,26.0,0.0,-85.0,10.099999999999994,20.8,27.0,2197.802197802198,Northeast
NJ,2023,0,26.5,49.6,3.6,23.9,0.0,-85.0,7.599999999999994,23.9,27.0,2164.5021645021643,Northeast
NM,2018,0,31.0,20.700000000000003,5.7,28.0,3.0,-82.0,12.5,31.1,31.799999999999997,1483.6795252225518,West
NM,2019,0,34.599999999999994,27.950000000000003,5.5,28.0,3.0,-82.0,12.5,26.7,34.400000000000006,1483.6795252225518,West
NM,2020,0,34.2,35.2,5.5,28.0,3.0,-82.0,13.799999999999995,31.5,34.400000000000006,1453.4883720930234,West
NM,2021,0,32.2,42.45,5.3,28.0,3.0,-85.0,12.200000000000005,26.5,38.5,1434.7202295552368,West
NM,2022,0,34.3,49.7,5.3,28.0,3.0,-88.0,12.799999999999995,25.9,37.5,1510.5740181268882,West
NM,2023,0,32.7,49.7,5.2,28.5,3.0,-88.0,11.900000000000006,25.9,37.5,1510.5740181268882,West
NV,2018,0,25.799999999999997,19.90000000000001,5.9,20.4,3.4,-77.0,15.400000000000006,52.0,34.900000000000006,2770.083102493075,West
NV,2019,0,26.40000000000001,28.875,5.9,20.4,3.4,-74.5,15.400000000000006,52.0,36.5,2770.083102493075,West
NV,2020,0,23.700000000000003,37.85,5.2,20.4,3.4,-72.0,15.400000000000006,52.0,35.8,2666.6666666666665,West
NV,2021,0,25.200000000000003,46.825,5.2,20.4,3.4,-75.5,15.400000000000006,52.0,35.8,2673.7967914438505,West
NV,2022,0,26.700000000000003,55.8,5.2,20.4,3.4,-79.0,15.400000000000006,52.0,36.5,2873.5632183908046,West
NV,2023,0,26.700000000000003,55.8,5.2,22.7,3.4,-79.0,15.400000000000006,52.0,36.8,2840.9090909090905,West
NY,2018,0,23.700000000000003,21.299999999999997,4.3,22.4,0.2,-82.0,11.700000000000005,25.4,21.0,1730.1038062283735,Northeast
NY,2019,0,23.0,29.950000000000003,4.2,22.4,0.2,-82.5,9.400000000000006,24.0,21.700000000000003,1730.1038062283735,Northeast
NY,2020,0,24.799999999999997,38.599999999999994,4.2,22.4,0.2,-83.0,13.900000000000006,22.2,21.700000000000003,1663.8935108153078,Northeast
NY,2021,0,23.59999999999999,47.25,4.2,22.4,0.2,-84.0,11.349999999999994,23.8,22.90000000000001,1628.6644951140065,Northeast
NY,2022,0,24.299999999999997,55.9,4.2,22.4,0.2,-85.0,8.799999999999997,25.4,23.200000000000003,1841.620626151013,Northeast
NY,2023,0,24.299999999999997,55.9,4.1,21.8,0.2,-85.0,8.700000000000003,25.4,23.200000000000003,1798.5611510791366,Northeast
OH,2018,1,22.700000000000003,19.59999999999999,6.9,24.5,2.9,-78.0,10.099999999999994,21.8,26.0,2288.329519450801,Midwest
OH,2019,1,21.799999999999997,26.09999999999999,6.9,24.5,2.9,-81.0,10.099999999999994,21.8,26.0,2288.329519450801,Midwest
OH,2020,1,22.09999999999999,32.599999999999994,6.9,24.5,2.9,-84.0,10.099999999999994,21.8,26.40000000000001,2173.913043478261,Midwest
OH,2021,1,20.09999999999999,39.1,6.9,24.5,2.9,-84.0,10.099999999999994,21.8,26.200000000000003,2100.8403361344535,Midwest
OH,2022,1,20.5,45.6,7.1,24.5,2.9,-84.0,10.099999999999994,21.8,24.700000000000003,2257.336343115124,Midwest
OH,2023,1,20.5,45.6,7.1,25.4,2.9,-84.0,10.099999999999994,21.8,24.700000000000003,2178.649237472767,Midwest
OK,2018,1,23.5,20.90000000000001,7.0,29.6,13.5,-75.0,12.0,34.0,30.0,2770.083102493075,South
OK,2019,1,21.90000000000001,27.60000000000001,7.0,29.6,13.5,-77.0,12.0,34.0,29.299999999999997,2770.083102493075,South
OK,2020,1,24.09999999999999,34.30000000000001,6.5,29.6,13.5,-79.0,12.0,34.0,29.299999999999997,2762.430939226519,South
OK,2021,1,22.09999999999999,41.0,7.0,29.6,13.5,-82.0,12.0,34.0,29.799999999999997,2710.027100271003,South
OK,2022,1,22.5,47.7,7.0,29.6,13.5,-85.0,12.549999999999995,34.0,29.799999999999997,3021.1480362537764,South
OK,2023,1,21.40000000000001,47.7,7.0,27.3,13.5,-85.0,13.099999999999994,34.0,29.09999999999999,2923.9766081871344,South
OR,2018,0,19.799999999999997,20.799999999999997,4.5,16.6,0.1,-85.0,6.799999999999997,23.2,28.59999999999999,1490.312965722802,West
OR,2019,0,19.200000000000003,27.325000000000003,4.5,16.6,0.1,-86.0,6.799999999999997,23.2,28.59999999999999,1490.312965722802,West
OR,2020,0,23.299999999999997,33.849999999999994,4.5,16.6,0.1,-87.0,8.099999999999994,25.0,27.5,1424.5014245014245,West
OR,2021,0,22.40000000000001,40.375,4.1,16.6,0.1,-87.0,9.200000000000005,18.2,30.90000000000001,1398.6013986013986,West
OR,2022,0,22.200000000000003,46.9,4.6,16.6,0.1,-87.0,9.150000000000006,17.25,29.200000000000003,1451.3788098693758,West
OR,2023,0,21.200000000000003,46.9,4.6,18.5,0.1,-87.0,9.099999999999994,16.3,29.200000000000003,1412.4293785310736,West
PA,2018,0,24.0,22.09999999999999,5.9,17.5,0.4,-78.0,12.400000000000006,30.5,23.59999999999999,1912.0458891013384,Northeast
PA,2019,0,23.09999999999999,27.89999999999999,5.8,17.7,0.4,-79.0,10.599999999999994,31.6,23.59999999999999,1912.0458891013384,Northeast
PA,2020,0,25.700000000000003,33.69999999999999,5.8,17.7,0.4,-80.0,12.799999999999995,25.9,25.200000000000003,1855.287569573284,Northeast
PA,2021,0,25.0,39.5,5.5,17.7,0.4,-81.0,9.299999999999995,26.0,24.90000000000001,1818.1818181818185,Northeast
PA,2022,0,25.200000000000003,45.3,5.6,17.7,0.4,-82.0,10.599999999999994,22.4,21.200000000000003,2004.008016032064,Northeast
PA,2023,0,25.5,45.3,5.6,17.7,0.4,-82.0,8.799999999999997,20.1,21.200000000000003,1996.007984031936,Northeast
RI,2018,0,22.09999999999999,17.0,5.4,19.7,0.0,-96.0,4.5,25.4,18.90000000000001,1564.945226917058,Northeast
RI,2019,0,9.0,25.075000000000003,4.9,19.7,0.0,-96.0,5.799999999999997,28.7,18.90000000000001,1564.945226917058,Northeast
RI,2020,0,11.400000000000006,33.150000000000006,4.9,19.7,0.0,-96.0,5.066666666666663,27.7,20.5,1430.6151645207435,Northeast
RI,2021,0,12.700000000000005,41.224999999999994,4.1,19.7,0.0,-96.0,4.333333333333314,26.7,20.5,1385.0415512465374,Northeast
RI,2022,0,13.5,49.3,4.3,19.7,0.0,-96.0,3.5999999999999943,25.7,21.09999999999999,1655.6291390728477,Northeast
RI,2023,0,16.099999999999994,49.3,4.3,19.7,0.0,-96.0,2.9000000000000057,19.6,21.40000000000001,1605.1364365971108,Northeast
SC,2018,1,22.799999999999997,17.5,7.0,32.3,2.5,-77.0,11.400000000000006,37.0,25.799999999999997,2433.0900243309,South
SC,2019,1,21.200000000000003,25.5,7.0,32.3,2.5,-79.5,11.400000000000006,37.0,26.40000000000001,2433.0900243309,South
SC,2020,1,21.59999999999999,33.5,7.0,32.3,2.5,-82.0,11.400000000000006,37.0,27.5,2352.9411764705883,South
SC,2021,1,23.299999999999997,41.5,7.0,32.3,2.5,-81.0,11.400000000000006,37.0,27.5,2304.147465437788,South
SC,2022,1,22.5,49.5,7.0,32.3,2.5,-80.0,11.400000000000006,37.0,28.700000000000003,2463.054187192118,South
SC,2023,1,20.5,49.5,6.9,31.5,2.5,-80.0,11.400000000000006,37.0,28.799999999999997,2457.002457002457,South
SD,2018,1,24.09999999999999,27.90000000000001,6.4,28.1,16.3,-73.0,10.599999999999994,27.6,25.90000000000001,2403.846153846154,Midwest
SD,2019,1,24.0,32.47500000000001,6.4,28.1,16.3,-75.0,10.400000000000006,29.1,26.299999999999997,2403.846153846154,Midwest
SD,2020,1,26.200000000000003,37.05,6.7,28.1,16.3,-77.0,12.599999999999994,30.5,26.299999999999997,2392.3444976076557,Midwest
SD,2021,1,24.5,41.625,6.7,28.1,16.3,-75.0,9.099999999999994,24.4,26.09999999999999,2380.9523809523807,Midwest
SD,2022,1,23.299999999999997,46.2,6.9,28.1,16.3,-73.0,9.900000000000006,25.0,26.09999999999999,2487.5621890547263,Midwest
SD,2023,1,23.5,46.2,7.1,23.1,16.3,-73.0,10.700000000000005,25.0,26.700000000000003,2421.3075060532688,Midwest
TN,2018,1,25.0,17.400000000000006,6.9,41.1,6.4,-72.0,11.700000000000005,38.3,24.700000000000003,2469.135802469136,South
TN,2019,1,25.5,25.875,6.7,41.1,6.4,-71.0,11.700000000000005,38.3,24.700000000000003,2469.135802469136,South
TN,2020,1,27.0,34.349999999999994,6.7,41.1,6.4,-70.0,11.299999999999995,41.0,27.799999999999997,2392.3444976076557,South
TN,2021,1,26.0,42.825,6.4,41.1,6.4,-71.0,11.299999999999995,34.6,27.0,2369.6682464454975,South
TN,2022,1,25.700000000000003,51.3,6.6,41.1,6.4,-72.0,9.349999999999994,34.6,26.799999999999997,2577.319587628866,South
TN,2023,1,26.299999999999997,51.3,6.6,42.1,6.4,-72.0,7.400000000000006,34.6,26.799999999999997,2475.2475247524753,South
TX,2018,1,29.59999999999999,22.700000000000003,5.5,28.2,3.7,-77.0,13.5,53.0,32.7,2518.8916876574303,South
TX,2019,1,29.299999999999997,30.299999999999997,5.5,28.2,3.7,-78.0,13.5,53.0,32.900000000000006,2518.8916876574303,South
TX,2020,1,29.799999999999997,37.9,5.4,28.2,3.7,-79.0,13.5,53.0,32.900000000000006,2463.054187192118,South
TX,2021,1,28.90000000000001,45.5,5.5,28.2,3.7,-79.5,13.5,53.0,34.599999999999994,2433.0900243309,South
TX,2022,1,30.299999999999997,53.1,5.8,28.2,3.7,-80.0,13.5,53.0,33.8,2624.6719160104985,South
TX,2023,1,31.200000000000003,53.1,5.8,29.3,3.7,-80.0,13.5,53.0,33.8,2583.9793281653747,South
UT,2018,1,15.299999999999995,27.59999999999999,5.4,15.5,0.7,-73.0,8.599999999999994,24.5,33.2,1956.9471624266143,West
UT,2019,1,15.5,33.44999999999999,5.4,15.5,0.7,-75.0,8.0,22.1,33.2,1956.9471624266143,West
UT,2020,1,17.400000000000006,39.3,5.4,15.5,0.7,-77.0,11.099999999999994,21.5,32.8,1851.851851851852,West
UT,2021,1,15.700000000000005,45.15,5.0,15.5,0.7,-77.0,9.299999999999995,22.3,33.900000000000006,1834.8623853211009,West
UT,2022,1,18.0,51.0,5.1,15.5,0.7,-77.0,9.0,21.0,32.8,1968.503937007874,West
UT,2023,1,19.200000000000003,51.0,5.1,16.1,0.7,-77.0,7.799999999999997,19.5,32.8,1919.3857965451057,West
VA,2018,0,20.799999999999997,16.200000000000003,5.7,32.7,6.9,-81.0,9.799999999999995,29.9,24.0,2237.1364653243845,South
VA,2019,0,20.299999999999997,24.40000000000001,5.8,32.7,6.9,-81.5,8.900000000000006,31.2,24.0,2237.1364653243845,South
VA,2020,0,21.90000000000001,32.599999999999994,5.8,32.7,6.9,-82.0,12.900000000000006,29.1,25.5,2169.1973969631235,South
VA,2021,0,20.700000000000003,40.8,5.9,32.7,6.9,-81.5,8.0,22.6,27.200000000000003,2123.1422505307855,South
VA,2022,0,20.200000000000003,49.0,6.0,32.7,6.9,-81.0,8.299999999999997,23.9,25.200000000000003,2257.336343115124,South
VA,2023,0,20.5,49.0,6.0,33.4,6.9,-81.0,8.700000000000003,39.2,25.200000000000003,2207.505518763797,South
WA,2018,0,25.299999999999997,23.799999999999997,4.5,18.0,1.1,-85.0,7.599999999999994,26.5,30.5,1901.1406844106464,West
WA,2019,0,27.0,29.77500000000001,4.5,17.3,1.1,-85.0,9.799999999999995,24.7,30.5,1901.1406844106464,West
WA,2020,0,29.700000000000003,35.75,4.4,17.3,1.1,-85.0,9.299999999999995,20.5,32.099999999999994,1814.8820326678765,West
WA,2021,0,28.700000000000003,41.725,4.4,17.3,1.1,-85.5,7.299999999999997,23.7,33.8,1763.668430335097,West
WA,2022,0,29.200000000000003,47.7,4.7,17.3,1.1,-86.0,9.0,22.0,31.59999999999999,1848.4288354898335,West
WA,2023,0,28.90000000000001,47.7,4.7,17.3,1.1,-86.0,9.0,20.2,31.59999999999999,1808.3182640144664,West
WI,2018,1,15.5,13.200000000000005,6.0,13.2,2.7,-80.0,9.099999999999994,28.7,24.0,2202.6431718061676,Midwest
WI,2019,1,16.299999999999997,19.59999999999999,5.9,13.2,2.7,-80.0,9.299999999999995,26.7,24.0,2202.6431718061676,Midwest
WI,2020,1,18.90000000000001,26.0,5.9,13.2,2.7,-80.0,11.400000000000006,24.4,27.40000000000001,2087.6826722338205,Midwest
WI,2021,1,18.200000000000003,32.400000000000006,5.7,13.2,2.7,-81.0,7.400000000000006,18.8,27.40000000000001,2074.688796680498,Midwest
WI,2022,1,18.0,38.8,5.8,13.2,2.7,-82.0,6.400000000000006,24.7,26.299999999999997,2212.389380530973,Midwest
WI,2023,1,17.799999999999997,38.8,5.8,16.4,2.7,-82.0,8.599999999999994,20.9,26.299999999999997,2145.9227467811156,Midwest
WV,2018,1,21.799999999999997,15.299999999999995,6.5,23.9,18.6,-76.0,12.799999999999995,28.8,23.59999999999999,2493.7655860349128,South
WV,2019,1,20.40000000000001,23.22499999999999,6.5,23.9,18.6,-78.0,11.949999999999989,25.4,23.59999999999999,2493.7655860349128,South
WV,2020,1,24.0,31.15000000000001,6.7,23.9,18.6,-80.0,11.099999999999994,22.0,23.09999999999999,2421.3075060532688,South
WV,2021,1,22.799999999999997,39.075,7.1,23.9,18.6,-80.5,6.200000000000003,17.7,24.0,2369.6682464454975,South
WV,2022,1,19.799999999999997,47.0,6.5,23.9,18.6,-81.0,8.099999999999994,17.7,23.90000000000001,2518.8916876574303,South
WV,2023,1,17.900000000000006,47.0,6.5,24.4,18.6,-81.0,10.0,17.7,23.90000000000001,2439.0243902439024,South
WY,2018,1,28.200000000000003,20.799999999999997,6.3,35.5,5.5,-76.0,7.0,31.4,35.3,2242.152466367713,West
WY,2019,1,27.0,27.5,6.2,35.5,5.5,-75.5,8.5,25.1,35.099999999999994,2242.152466367713,West
WY,2020,1,24.299999999999997,34.2,5.3,35.5,5.5,-75.0,9.900000000000006,29.8,35.099999999999994,2169.1973969631235,West
WY,2021,1,23.5,40.9,5.5,35.5,5.5,-75.0,6.700000000000003,26.4,34.2,2227.1714922049,West
WY,2022,1,25.200000000000003,47.6,5.5,35.5,5.5,-75.0,5.0,24.2,34.3,2127.659574468085,West
WY,2023,1,24.5,47.6,4.7,35.5,5.5,-75.0,7.400000000000006,24.2,34.3,2164.5021645021643,West
