row_index,abortion_restricted,inadequate_prenatal_care,no_cancer_screen,infant_mortality,maternal_mortality,maternity_care_desert,maternity_practices_score,no_postpartum_visit,unintended_pregnancy,no_preventative,patients_per_doctor,region_Northeast,region_South,region_West
239,1.0,31.200000000000003,53.1,5.8,29.3,3.7,-80.0,13.5,53.0,33.8,2583.9793281653747,False,True,False
147,1.0,19.59999999999999,36.1,4.1,21.6,16.3,-78.0,7.599999999999994,23.7,29.200000000000003,2364.066193853428,False,False,False
96,0.0,16.599999999999994,19.09999999999999,4.0,16.4,0.0,-86.0,6.700000000000003,21.7,23.0,1579.778830963665,True,False,False
109,1.0,19.299999999999997,22.200000000000003,6.3,18.7,1.2,-77.5,11.299999999999995,29.0,22.799999999999997,1814.8820326678765,False,False,False
220,1.0,22.5,49.5,7.0,32.3,2.5,-80.0,11.400000000000006,37.0,28.700000000000003,2463.054187192118,False,True,False
229,1.0,25.5,25.875,6.7,41.1,6.4,-71.0,11.700000000000005,38.3,24.700000000000003,2469.135802469136,False,True,False
131,1.0,19.09999999999999,52.9,9.0,39.7,20.7,-82.0,11.900000000000006,36.6,21.799999999999997,3154.5741324921137,False,True,False
181,0.0,23.0,29.950000000000003,4.2,22.4,0.2,-82.5,9.400000000000006,24.0,21.700000000000003,1730.1038062283735,True,False,False
121,1.0,22.59999999999999,26.59999999999999,6.2,25.4,8.7,-77.0,11.400000000000006,33.4,27.200000000000003,2277.904328018223,False,False,False
108,1.0,19.09999999999999,15.400000000000006,6.3,19.1,1.2,-77.0,10.900000000000006,30.9,22.799999999999997,1814.8820326678765,False,False,False
16,1.0,28.299999999999997,54.6,5.8,30.0,0.1,-77.0,11.599999999999994,28.0,33.400000000000006,2463.054187192118,False,False,True
126,1.0,19.09999999999999,13.099999999999994,8.6,39.1,20.7,-73.0,11.700000000000005,44.6,25.200000000000003,3115.264797507788,False,True,False
12,1.0,29.09999999999999,20.59999999999999,5.6,30.0,0.1,-77.0,14.799999999999995,29.1,30.0,2409.6385542168673,False,False,True
251,0.0,20.5,49.0,6.0,33.4,6.9,-81.0,8.700000000000003,39.2,25.200000000000003,2207.505518763797,False,True,False
201,0.0,22.40000000000001,40.375,4.1,16.6,0.1,-87.0,9.200000000000005,18.2,30.90000000000001,1398.6013986013986,False,False,True
34,0.0,16.900000000000006,46.3,4.4,15.6,0.0,-87.0,5.849999999999994,19.75,21.09999999999999,1600.0,True,False,False
166,0.0,27.09999999999999,49.6,3.6,26.0,0.0,-85.0,10.099999999999994,20.8,27.0,2197.802197802198,True,False,False
208,0.0,25.200000000000003,45.3,5.6,17.7,0.4,-82.0,10.599999999999994,22.4,21.200000000000003,2004.008016032064,True,False,False
154,1.0,20.09999999999999,45.8,5.7,23.7,7.2,-74.0,6.099999999999994,25.2,28.0,2463.054187192118,False,False,False
245,1.0,19.200000000000003,51.0,5.1,16.1,0.7,-77.0,7.799999999999997,19.5,32.8,1919.3857965451057,False,False,True
195,1.0,22.09999999999999,41.0,7.0,29.6,13.5,-82.0,12.0,34.0,29.799999999999997,2710.027100271003,False,True,False
5,1.0,33.400000000000006,46.2,6.9,23.4,6.8,-82.0,13.799999999999995,18.7,29.299999999999997,950.5703422053232,False,False,True
133,1.0,23.0,27.40000000000001,4.9,30.5,7.3,-83.5,9.700000000000005,29.7,28.59999999999999,1862.19739292365,False,False,True
188,1.0,22.09999999999999,32.599999999999994,6.9,24.5,2.9,-84.0,10.099999999999994,21.8,26.40000000000001,2173.913043478261,False,False,False
6,1.0,27.5,16.400000000000006,7.3,38.3,13.8,-69.0,11.200000000000005,35.4,24.5,3367.003367003367,False,True,False
274,1.0,25.200000000000003,47.6,5.5,35.5,5.5,-75.0,5.0,24.2,34.3,2127.659574468085,False,False,True
205,0.0,23.09999999999999,27.89999999999999,5.8,17.7,0.4,-79.0,10.599999999999994,31.6,23.59999999999999,1912.0458891013384,True,False,False
257,0.0,28.90000000000001,47.7,4.7,17.3,1.1,-86.0,9.0,20.2,31.59999999999999,1808.3182640144664,False,False,True
268,1.0,19.799999999999997,47.0,6.5,23.9,18.6,-81.0,8.099999999999994,17.7,23.90000000000001,2518.8916876574303,False,True,False
110,1.0,22.0,29.0,6.5,18.7,1.2,-78.0,13.599999999999994,28.5,23.700000000000003,1745.2006980802794,False,False,False
28,0.0,28.200000000000003,44.9,4.8,16.0,1.7,-86.0,8.400000000000006,24.0,31.200000000000003,1597.444089456869,False,False,True
62,1.0,15.900000000000006,32.19999999999999,4.7,19.7,10.1,-75.0,8.700000000000003,20.4,22.700000000000003,2590.6735751295337,False,False,False
266,1.0,24.0,31.15000000000001,6.7,23.9,18.6,-80.0,11.099999999999994,22.0,23.09999999999999,2421.3075060532688,False,True,False
29,0.0,30.09999999999999,44.9,4.5,17.0,1.7,-86.0,8.0,33.9,31.200000000000003,1577.2870662460568,False,False,True
118,0.0,19.799999999999997,48.9,4.7,12.3,2.3,-81.0,7.450000000000003,20.65,28.09999999999999,1776.1989342806396,False,False,False
138,1.0,22.40000000000001,17.299999999999997,6.8,26.7,2.7,-77.0,7.200000000000003,26.6,23.200000000000003,2197.802197802198,False,True,False
152,1.0,22.0,31.90000000000001,5.6,23.7,7.2,-73.0,11.700000000000005,23.1,29.5,2212.389380530973,False,False,False
128,1.0,20.09999999999999,33.0,8.8,39.7,20.7,-83.0,13.099999999999994,38.3,23.59999999999999,3095.9752321981427,False,True,False
247,0.0,20.299999999999997,24.40000000000001,5.8,32.7,6.9,-81.5,8.900000000000006,31.2,24.0,2237.1364653243845,False,True,False
88,1.0,20.700000000000003,47.8,6.0,34.6,15.6,-74.0,10.200000000000005,29.1,26.5,2538.0710659898477,False,True,False
73,1.0,21.5,26.05000000000001,6.7,30.9,5.6,-80.5,7.5,7.1,24.40000000000001,2450.9803921568628,False,False,False
249,0.0,20.700000000000003,40.8,5.9,32.7,6.9,-81.5,8.0,22.6,27.200000000000003,2123.1422505307855,False,True,False
149,1.0,20.799999999999997,40.9,4.6,24.1,16.3,-79.0,8.5,17.1,26.299999999999997,2409.6385542168673,False,False,False
67,0.0,21.200000000000003,29.200000000000003,6.1,18.1,2.8,-81.0,6.099999999999994,31.5,24.299999999999997,1956.9471624266143,False,False,False
271,1.0,27.0,27.5,6.2,35.5,5.5,-75.5,8.5,25.1,35.099999999999994,2242.152466367713,False,False,True
213,0.0,12.700000000000005,41.224999999999994,4.1,19.7,0.0,-96.0,4.333333333333314,26.7,20.5,1385.0415512465374,True,False,False
107,0.0,25.5,48.4,5.8,21.4,0.4,-82.0,7.099999999999994,27.9,23.299999999999997,1757.469244288225,False,True,False
233,1.0,26.299999999999997,51.3,6.6,42.1,6.4,-72.0,7.400000000000006,34.6,26.799999999999997,2475.2475247524753,False,True,False
224,1.0,26.200000000000003,37.05,6.7,28.1,16.3,-77.0,12.599999999999994,30.5,26.299999999999997,2392.3444976076557,False,False,False
31,0.0,15.099999999999994,24.924999999999997,4.3,15.6,0.0,-86.0,4.799999999999997,24.2,22.700000000000003,1499.2503748125937,True,False,False
7,1.0,26.200000000000003,25.625,7.3,38.3,13.8,-72.0,11.200000000000005,35.4,25.299999999999997,3367.003367003367,False,True,False
125,1.0,22.0,47.3,6.5,25.4,8.7,-80.0,10.900000000000006,22.4,26.0,2331.002331002331,False,False,False
263,1.0,17.799999999999997,38.8,5.8,16.4,2.7,-82.0,8.599999999999994,20.9,26.299999999999997,2145.9227467811156,False,False,False
26,0.0,32.900000000000006,33.400000000000006,4.8,16.0,1.7,-85.0,11.5,25.5,32.8,1592.3566878980891,False,False,True
129,1.0,21.59999999999999,42.95,8.8,39.7,20.7,-82.5,11.900000000000006,41.2,24.0,3115.264797507788,False,True,False
158,0.0,21.200000000000003,31.34999999999999,3.8,18.2,0.0,-90.0,9.700000000000005,21.7,26.59999999999999,1515.1515151515152,True,False,False
22,0.0,26.200000000000003,51.1,4.1,10.5,0.1,-87.0,12.5,31.2,28.700000000000003,2358.490566037736,False,False,True
169,0.0,34.599999999999994,27.950000000000003,5.5,28.0,3.0,-82.0,12.5,26.7,34.400000000000006,1483.6795252225518,False,False,True
33,0.0,15.200000000000005,39.175,4.5,15.6,0.0,-87.0,5.099999999999994,18.9,24.0,1416.43059490085,True,False,False
262,1.0,18.0,38.8,5.8,13.2,2.7,-82.0,6.400000000000006,24.7,26.299999999999997,2212.389380530973,False,False,False
223,1.0,24.0,32.47500000000001,6.4,28.1,16.3,-75.0,10.400000000000006,29.1,26.299999999999997,2403.846153846154,False,False,False
225,1.0,24.5,41.625,6.7,28.1,16.3,-75.0,9.099999999999994,24.4,26.09999999999999,2380.9523809523807,False,False,False
87,1.0,20.59999999999999,39.9,6.0,34.6,15.6,-73.5,12.099999999999994,31.45,26.5,2358.490566037736,False,True,False
183,0.0,23.59999999999999,47.25,4.2,22.4,0.2,-84.0,11.349999999999994,23.8,22.90000000000001,1628.6644951140065,True,False,False
13,1.0,30.59999999999999,29.09999999999999,5.6,30.0,0.1,-77.5,14.799999999999995,29.1,30.0,2409.6385542168673,False,False,True
190,1.0,20.5,45.6,7.1,24.5,2.9,-84.0,10.099999999999994,21.8,24.700000000000003,2257.336343115124,False,False,False
99,0.0,19.799999999999997,38.75,3.6,14.4,0.0,-86.5,7.400000000000006,19.5,23.799999999999997,1540.8320493066255,True,False,False
2,1.0,34.0,32.7,6.2,24.9,6.8,-82.0,15.0,24.8,31.09999999999999,980.3921568627452,False,False,True
216,1.0,22.799999999999997,17.5,7.0,32.3,2.5,-77.0,11.400000000000006,37.0,25.799999999999997,2433.0900243309,False,True,False
185,0.0,24.299999999999997,55.9,4.1,21.8,0.2,-85.0,8.700000000000003,25.4,23.200000000000003,1798.5611510791366,True,False,False
199,0.0,19.200000000000003,27.325000000000003,4.5,16.6,0.1,-86.0,6.799999999999997,23.2,28.59999999999999,1490.312965722802,False,False,True
215,0.0,16.099999999999994,49.3,4.3,19.7,0.0,-96.0,2.9000000000000057,19.6,21.40000000000001,1605.1364365971108,True,False,False
172,0.0,34.3,49.7,5.3,28.0,3.0,-88.0,12.799999999999995,25.9,37.5,1510.5740181268882,False,False,True
132,1.0,24.59999999999999,21.90000000000001,4.8,30.5,7.3,-86.0,9.700000000000005,29.7,28.59999999999999,1862.19739292365,False,False,True
260,1.0,18.90000000000001,26.0,5.9,13.2,2.7,-80.0,11.400000000000006,24.4,27.40000000000001,2087.6826722338205,False,False,False
238,1.0,30.299999999999997,53.1,5.8,28.2,3.7,-80.0,13.5,53.0,33.8,2624.6719160104985,False,True,False
156,0.0,15.299999999999995,16.700000000000003,3.4,18.2,0.0,-90.0,9.200000000000005,20.8,24.0,1564.945226917058,True,False,False
93,1.0,24.200000000000003,35.099999999999994,7.4,37.3,5.4,-81.5,10.900000000000006,36.8,23.40000000000001,2444.987775061125,False,True,False
267,1.0,22.799999999999997,39.075,7.1,23.9,18.6,-80.5,6.200000000000003,17.7,24.0,2369.6682464454975,False,True,False
256,0.0,29.200000000000003,47.7,4.7,17.3,1.1,-86.0,9.0,22.0,31.59999999999999,1848.4288354898335,False,False,True
55,1.0,36.3,27.200000000000003,6.0,16.1,0.0,-71.5,7.0,23.0,22.700000000000003,1792.1146953405018,False,False,True
192,1.0,23.5,20.90000000000001,7.0,29.6,13.5,-75.0,12.0,34.0,30.0,2770.083102493075,False,True,False
123,1.0,20.5,40.4,6.3,25.4,8.7,-79.5,10.599999999999994,29.5,27.59999999999999,2132.1961620469083,False,False,False
43,1.0,28.90000000000001,28.39999999999999,6.1,24.1,0.9,-81.0,10.700000000000005,42.1,27.59999999999999,2506.2656641604012,False,True,False
161,0.0,15.799999999999995,46.0,3.2,19.9,0.0,-91.0,5.299999999999997,19.6,27.40000000000001,1453.4883720930234,True,False,False
255,0.0,28.700000000000003,41.725,4.4,17.3,1.1,-85.5,7.299999999999997,23.7,33.8,1763.668430335097,False,False,True
174,0.0,25.799999999999997,19.90000000000001,5.9,20.4,3.4,-77.0,15.400000000000006,52.0,34.900000000000006,2770.083102493075,False,False,True
155,1.0,19.90000000000001,45.8,6.1,23.7,7.2,-74.0,7.0,19.8,28.0,2487.5621890547263,False,False,False
221,1.0,20.5,49.5,6.9,31.5,2.5,-80.0,11.400000000000006,37.0,28.799999999999997,2457.002457002457,False,True,False
170,0.0,34.2,35.2,5.5,28.0,3.0,-82.0,13.799999999999995,31.5,34.400000000000006,1453.4883720930234,False,False,True
3,1.0,33.400000000000006,39.45,6.2,24.9,6.8,-82.0,14.599999999999994,22.766666666666666,33.599999999999994,969.9321047526672,False,False,True
37,0.0,24.5,27.25,6.2,18.9,0.0,-83.5,9.799999999999995,34.6,23.09999999999999,1953.125,False,True,False
53,1.0,24.40000000000001,42.7,7.0,30.4,4.9,-78.0,10.700000000000005,10.0,29.799999999999997,2145.9227467811156,False,True,False
15,1.0,28.5,46.1,5.8,30.0,0.1,-77.5,13.199999999999989,28.55,34.0,2375.296912114014,False,False,True
61,1.0,14.099999999999994,25.39999999999999,5.0,19.7,10.1,-73.5,6.599999999999994,24.1,22.700000000000003,2659.574468085106,False,False,False
59,1.0,37.6,53.3,5.3,16.6,0.0,-75.0,8.0,24.2,27.700000000000003,1628.6644951140065,False,False,True
162,0.0,26.5,21.700000000000003,4.0,26.0,0.0,-80.0,10.5,25.4,26.299999999999997,2024.2914979757088,True,False,False
105,0.0,26.59999999999999,41.475,5.9,21.4,0.4,-82.5,8.833333333333314,27.9,26.5,1675.041876046901,False,True,False
69,0.0,19.799999999999997,46.0,5.6,18.1,2.8,-81.0,6.799999999999997,27.5,24.40000000000001,1862.19739292365,False,False,False
261,1.0,18.200000000000003,32.400000000000006,5.7,13.2,2.7,-81.0,7.400000000000006,18.8,27.40000000000001,2074.688796680498,False,False,False
17,1.0,27.700000000000003,54.6,5.9,30.4,0.1,-77.0,12.200000000000005,28.0,33.400000000000006,2493.7655860349128,False,False,True
63,1.0,15.099999999999994,39.0,4.6,19.7,10.1,-74.0,8.400000000000006,20.4,23.200000000000003,2564.102564102564,False,False,False
75,1.0,19.90000000000001,40.35,6.8,30.9,5.6,-83.0,7.5,7.1,25.299999999999997,2320.185614849188,False,False,False
197,1.0,21.40000000000001,47.7,7.0,27.3,13.5,-85.0,13.099999999999994,34.0,29.09999999999999,2923.9766081871344,False,True,False
35,0.0,15.799999999999995,46.3,4.4,16.2,0.0,-87.0,6.599999999999994,20.6,21.09999999999999,1584.7860538827258,True,False,False
145,1.0,21.299999999999997,26.5,6.5,21.6,16.3,-75.0,10.700000000000005,26.5,28.799999999999997,2500.0,False,False,False
193,1.0,21.90000000000001,27.60000000000001,7.0,29.6,13.5,-77.0,12.0,34.0,29.299999999999997,2770.083102493075,False,True,False
235,1.0,29.299999999999997,30.299999999999997,5.5,28.2,3.7,-78.0,13.5,53.0,32.900000000000006,2518.8916876574303,False,True,False
80,1.0,16.5,31.549999999999997,6.0,23.1,7.0,-83.0,10.400000000000006,32.7,27.799999999999997,2481.389578163772,False,False,False
139,1.0,22.799999999999997,22.924999999999997,6.8,26.7,2.7,-80.5,8.400000000000006,30.9,24.09999999999999,2197.802197802198,False,True,False
104,0.0,28.59999999999999,34.55,5.8,21.4,0.4,-83.0,9.700000000000005,27.9,24.700000000000003,1712.3287671232877,False,True,False
187,1.0,21.799999999999997,26.09999999999999,6.9,24.5,2.9,-81.0,10.099999999999994,21.8,26.0,2288.329519450801,False,False,False
45,1.0,35.3,43.0,5.9,24.1,0.9,-82.0,10.666666666666671,37.9,27.40000000000001,2336.448598130841,False,True,False
24,0.0,31.299999999999997,21.90000000000001,4.8,16.0,1.7,-85.0,8.5,28.2,32.400000000000006,1631.3213703099511,False,False,True
228,1.0,25.0,17.400000000000006,6.9,41.1,6.4,-72.0,11.700000000000005,38.3,24.700000000000003,2469.135802469136,False,True,False
44,1.0,32.3,35.69999999999999,6.0,24.1,0.9,-81.0,10.700000000000005,37.9,27.40000000000001,2409.6385542168673,False,True,False
36,0.0,28.299999999999997,18.799999999999997,6.2,18.9,0.0,-83.0,12.299999999999995,32.8,23.09999999999999,1953.125,False,True,False
54,1.0,35.400000000000006,18.5,6.0,16.1,0.0,-68.0,7.0,23.0,22.700000000000003,1792.1146953405018,False,False,True
111,1.0,20.799999999999997,35.80000000000001,6.3,18.7,1.2,-79.0,12.5,23.9,24.200000000000003,1736.111111111111,False,False,False
254,0.0,29.700000000000003,35.75,4.4,17.3,1.1,-85.0,9.299999999999995,20.5,32.099999999999994,1814.8820326678765,False,False,True
200,0.0,23.299999999999997,33.849999999999994,4.5,16.6,0.1,-87.0,8.099999999999994,25.0,27.5,1424.5014245014245,False,False,True
177,0.0,25.200000000000003,46.825,5.2,20.4,3.4,-75.5,15.400000000000006,52.0,35.8,2673.7967914438505,False,False,True
194,1.0,24.09999999999999,34.30000000000001,6.5,29.6,13.5,-79.0,12.0,34.0,29.299999999999997,2762.430939226519,False,True,False
196,1.0,22.5,47.7,7.0,29.6,13.5,-85.0,12.549999999999995,34.0,29.799999999999997,3021.1480362537764,False,True,False
204,0.0,24.0,22.09999999999999,5.9,17.5,0.4,-78.0,12.400000000000006,30.5,23.59999999999999,1912.0458891013384,True,False,False
114,0.0,19.09999999999999,17.400000000000006,4.8,12.3,2.3,-82.0,7.799999999999997,25.5,25.299999999999997,1821.4936247723133,False,False,False
198,0.0,19.799999999999997,20.799999999999997,4.5,16.6,0.1,-85.0,6.799999999999997,23.2,28.59999999999999,1490.312965722802,False,False,True
253,0.0,27.0,29.77500000000001,4.5,17.3,1.1,-85.0,9.799999999999995,24.7,30.5,1901.1406844106464,False,False,True
176,0.0,23.700000000000003,37.85,5.2,20.4,3.4,-72.0,15.400000000000006,52.0,35.8,2666.6666666666665,False,False,True
66,0.0,22.09999999999999,20.799999999999997,6.1,18.1,2.8,-80.0,7.0,30.8,24.299999999999997,1956.9471624266143,False,False,False
18,0.0,21.200000000000003,22.40000000000001,4.2,10.5,0.1,-86.0,12.5,31.2,30.40000000000001,2341.9203747072597,False,False,True
173,0.0,32.7,49.7,5.2,28.5,3.0,-88.0,11.900000000000006,25.9,37.5,1510.5740181268882,False,False,True
231,1.0,26.0,42.825,6.4,41.1,6.4,-71.0,11.299999999999995,34.6,27.0,2369.6682464454975,False,True,False
97,0.0,15.299999999999995,25.64999999999999,3.8,14.4,0.0,-85.5,7.099999999999994,23.8,22.200000000000003,1579.778830963665,True,False,False
23,0.0,25.5,51.1,4.1,10.1,0.1,-87.0,12.5,31.2,28.700000000000003,2298.8505747126437,False,False,True
101,0.0,18.40000000000001,45.3,3.3,14.4,0.0,-88.0,6.900000000000006,17.7,20.799999999999997,1675.041876046901,True,False,False
134,1.0,23.09999999999999,32.900000000000006,4.9,30.5,7.3,-81.0,10.200000000000005,23.4,30.59999999999999,1779.3594306049822,False,False,True
264,1.0,21.799999999999997,15.299999999999995,6.5,23.9,18.6,-76.0,12.799999999999995,28.8,23.59999999999999,2493.7655860349128,False,True,False
85,1.0,19.0,24.09999999999999,5.7,34.6,15.6,-70.5,10.799999999999995,33.0,27.09999999999999,2398.0815347721823,False,True,False
49,1.0,24.299999999999997,23.65000000000001,7.0,32.1,4.9,-74.0,8.5,32.6,29.700000000000003,2136.7521367521367,False,True,False
76,1.0,20.799999999999997,47.5,6.8,30.9,5.6,-83.0,7.5,7.1,22.90000000000001,2444.987775061125,False,False,False
167,0.0,26.5,49.6,3.6,23.9,0.0,-85.0,7.599999999999994,23.9,27.0,2164.5021645021643,True,False,False
209,0.0,25.5,45.3,5.6,17.7,0.4,-82.0,8.799999999999997,20.1,21.200000000000003,1996.007984031936,True,False,False
72,1.0,22.0,18.90000000000001,6.6,30.9,5.6,-78.0,7.5,7.1,24.40000000000001,2450.9803921568628,False,False,False
82,1.0,16.799999999999997,42.4,5.6,23.1,7.0,-82.0,7.900000000000006,29.0,26.90000000000001,2564.102564102564,False,False,False
112,1.0,22.200000000000003,42.6,6.3,18.7,1.2,-80.0,9.799999999999995,24.8,21.200000000000003,1811.5942028985503,False,False,False
243,1.0,15.700000000000005,45.15,5.0,15.5,0.7,-77.0,9.299999999999995,22.3,33.900000000000006,1834.8623853211009,False,False,True
157,0.0,13.400000000000006,24.02500000000001,3.4,18.2,0.0,-90.0,9.200000000000005,20.8,24.700000000000003,1564.945226917058,True,False,False
217,1.0,21.200000000000003,25.5,7.0,32.3,2.5,-79.5,11.400000000000006,37.0,26.40000000000001,2433.0900243309,False,True,False
40,0.0,23.200000000000003,52.6,6.2,18.9,0.0,-93.0,11.0,27.2,24.0,2169.1973969631235,False,True,False
184,0.0,24.299999999999997,55.9,4.2,22.4,0.2,-85.0,8.799999999999997,25.4,23.200000000000003,1841.620626151013,True,False,False
124,1.0,21.799999999999997,47.3,6.3,25.4,8.7,-80.0,10.700000000000005,31.9,26.0,2364.066193853428,False,False,False
178,0.0,26.700000000000003,55.8,5.2,20.4,3.4,-79.0,15.400000000000006,52.0,36.5,2873.5632183908046,False,False,True
236,1.0,29.799999999999997,37.9,5.4,28.2,3.7,-79.0,13.5,53.0,32.900000000000006,2463.054187192118,False,True,False
186,1.0,22.700000000000003,19.59999999999999,6.9,24.5,2.9,-78.0,10.099999999999994,21.8,26.0,2288.329519450801,False,False,False
78,1.0,16.200000000000003,20.700000000000003,5.9,22.8,7.0,-79.0,9.400000000000006,27.8,28.5,2557.544757033248,False,False,False
130,1.0,19.09999999999999,52.9,9.0,39.7,20.7,-82.0,11.900000000000006,38.900000000000006,24.0,3164.5569620253164,False,True,False
74,1.0,22.299999999999997,33.2,6.7,30.9,5.6,-83.0,7.5,7.1,26.200000000000003,2409.6385542168673,False,False,False
68,0.0,21.59999999999999,37.599999999999994,5.6,18.1,2.8,-82.0,8.599999999999994,27.6,24.5,1904.7619047619048,False,False,False
70,0.0,21.700000000000003,54.4,5.8,18.1,2.8,-80.0,7.099999999999994,27.5,23.5,2028.397565922921,False,False,False
120,1.0,22.200000000000003,19.700000000000003,6.2,23.8,8.7,-75.0,12.5,40.8,27.200000000000003,2277.904328018223,False,False,False
95,1.0,24.90000000000001,42.3,7.3,40.7,5.4,-82.0,4.299999999999997,36.8,19.700000000000003,2421.3075060532688,False,True,False
175,0.0,26.40000000000001,28.875,5.9,20.4,3.4,-74.5,15.400000000000006,52.0,36.5,2770.083102493075,False,False,True
46,1.0,35.599999999999994,50.3,6.0,24.1,0.9,-83.0,10.633333333333326,37.9,27.299999999999997,2463.054187192118,False,True,False
100,0.0,21.200000000000003,45.3,3.3,14.4,0.0,-88.0,7.200000000000003,17.7,20.799999999999997,1706.4846416382252,True,False,False
8,1.0,28.5,34.849999999999994,8.0,38.3,13.8,-75.0,11.700000000000005,33.7,25.59999999999999,3289.4736842105262,False,True,False
164,0.0,27.5,35.650000000000006,3.8,26.0,0.0,-82.0,15.099999999999994,23.5,26.299999999999997,1953.125,True,False,False
115,0.0,18.799999999999997,25.27500000000001,4.8,12.3,2.3,-81.5,6.599999999999994,22.5,27.200000000000003,1821.4936247723133,False,False,False
163,0.0,25.90000000000001,28.674999999999997,4.0,26.0,0.0,-81.0,10.5,25.6,26.299999999999997,2024.2914979757088,True,False,False
203,0.0,21.200000000000003,46.9,4.6,18.5,0.1,-87.0,9.099999999999994,16.3,29.200000000000003,1412.4293785310736,False,False,True
244,1.0,18.0,51.0,5.1,15.5,0.7,-77.0,9.0,21.0,32.8,1968.503937007874,False,False,True
242,1.0,17.400000000000006,39.3,5.4,15.5,0.7,-77.0,11.099999999999994,21.5,32.8,1851.851851851852,False,False,True
21,0.0,25.799999999999997,43.925,4.1,10.5,0.1,-87.0,12.5,31.2,33.900000000000006,2197.802197802198,False,False,True
259,1.0,16.299999999999997,19.59999999999999,5.9,13.2,2.7,-80.0,9.299999999999995,26.7,24.0,2202.6431718061676,False,False,False
250,0.0,20.200000000000003,49.0,6.0,32.7,6.9,-81.0,8.299999999999997,23.9,25.200000000000003,2257.336343115124,False,True,False
127,1.0,19.200000000000003,23.049999999999997,8.6,39.7,20.7,-78.0,11.0,47.1,23.59999999999999,3115.264797507788,False,True,False
116,0.0,24.299999999999997,33.150000000000006,4.5,12.3,2.3,-81.0,14.099999999999994,19.4,27.200000000000003,1724.1379310344828,False,False,False
136,1.0,20.700000000000003,43.9,4.8,30.5,7.3,-86.0,8.5,23.5,29.90000000000001,1805.0541516245487,False,False,True
47,1.0,34.0,50.3,6.0,24.5,0.9,-83.0,10.599999999999994,37.9,29.09999999999999,2444.987775061125,False,True,False
119,0.0,19.59999999999999,48.9,4.6,14.1,2.3,-81.0,7.099999999999994,21.0,28.09999999999999,1721.170395869191,False,False,False
117,0.0,20.09999999999999,41.025,4.7,12.3,2.3,-81.0,7.799999999999997,20.3,30.0,1694.915254237288,False,False,False
180,0.0,23.700000000000003,21.299999999999997,4.3,22.4,0.2,-82.0,11.700000000000005,25.4,21.0,1730.1038062283735,True,False,False
94,1.0,25.40000000000001,42.3,7.3,37.3,5.4,-82.0,7.599999999999994,36.8,19.700000000000003,2557.544757033248,False,True,False
106,0.0,27.0,48.4,5.8,21.4,0.4,-82.0,7.966666666666683,27.9,23.299999999999997,1785.7142857142858,False,True,False
142,1.0,24.0,39.8,6.8,26.7,2.7,-82.0,8.400000000000006,30.9,25.09999999999999,2141.327623126338,False,True,False
102,0.0,27.40000000000001,20.700000000000003,5.9,21.3,0.4,-79.0,7.700000000000003,31.2,22.700000000000003,1754.3859649122808,False,True,False
48,1.0,25.5,17.299999999999997,7.0,32.1,4.9,-73.0,10.200000000000005,38.5,27.09999999999999,2136.7521367521367,False,True,False
9,1.0,28.09999999999999,44.075,8.0,38.3,13.8,-75.5,12.900000000000006,32.3,25.59999999999999,3267.97385620915,False,True,False
269,1.0,17.900000000000006,47.0,6.5,24.4,18.6,-81.0,10.0,17.7,23.90000000000001,2439.0243902439024,False,True,False
135,1.0,20.90000000000001,38.4,5.0,30.5,7.3,-83.5,8.900000000000006,26.0,28.200000000000003,1766.7844522968198,False,False,True
122,1.0,23.5,33.5,6.0,25.4,8.7,-79.0,14.900000000000006,28.2,27.5,2164.5021645021643,False,False,False
144,1.0,19.59999999999999,21.700000000000003,6.5,21.6,16.3,-73.0,9.0,29.2,28.799999999999997,2500.0,False,False,False
57,1.0,37.6,44.599999999999994,5.2,16.1,0.0,-75.0,11.299999999999995,23.0,24.90000000000001,1557.632398753894,False,False,True
270,1.0,28.200000000000003,20.799999999999997,6.3,35.5,5.5,-76.0,7.0,31.4,35.3,2242.152466367713,False,False,True
153,1.0,19.90000000000001,38.849999999999994,5.7,23.7,7.2,-73.5,9.0,28.1,30.0,2136.7521367521367,False,False,False
86,1.0,21.09999999999999,32.0,5.7,34.6,15.6,-73.0,14.0,33.8,27.200000000000003,2375.296912114014,False,True,False
141,1.0,23.0,34.175,6.8,26.7,2.7,-83.0,8.400000000000006,30.9,24.09999999999999,2074.688796680498,False,True,False
25,0.0,30.40000000000001,27.65000000000001,4.8,16.0,1.7,-85.0,9.200000000000005,24.3,32.400000000000006,1631.3213703099511,False,False,True
30,0.0,16.299999999999997,17.799999999999997,4.3,15.6,0.0,-85.0,5.599999999999994,24.4,22.700000000000003,1499.2503748125937,True,False,False
10,1.0,26.700000000000003,53.3,8.0,38.3,13.8,-76.0,14.300000000000011,32.3,25.299999999999997,3355.7046979865772,False,True,False
27,0.0,29.59999999999999,39.15,4.8,16.0,1.7,-85.5,7.799999999999997,22.6,32.5,1555.2099533437015,False,False,True
214,0.0,13.5,49.3,4.3,19.7,0.0,-96.0,3.5999999999999943,25.7,21.09999999999999,1655.6291390728477,True,False,False
42,1.0,28.90000000000001,21.09999999999999,6.1,24.1,0.9,-81.0,10.700000000000005,42.1,25.700000000000003,2506.2656641604012,False,True,False
1,1.0,31.299999999999997,25.950000000000003,5.6,24.9,6.8,-82.5,11.700000000000005,28.1,29.0,1020.408163265306,False,False,True
189,1.0,20.09999999999999,39.1,6.9,24.5,2.9,-84.0,10.099999999999994,21.8,26.200000000000003,2100.8403361344535,False,False,False
83,1.0,16.700000000000003,42.4,5.5,23.1,7.0,-82.0,9.0,29.0,25.799999999999997,2439.0243902439024,False,False,False
210,0.0,22.09999999999999,17.0,5.4,19.7,0.0,-96.0,4.5,25.4,18.90000000000001,1564.945226917058,True,False,False
241,1.0,15.5,33.44999999999999,5.4,15.5,0.7,-75.0,8.0,22.1,33.2,1956.9471624266143,False,False,True
165,0.0,26.09999999999999,42.625,3.8,26.0,0.0,-83.5,9.599999999999994,20.7,26.799999999999997,1915.708812260536,True,False,False
272,1.0,24.299999999999997,34.2,5.3,35.5,5.5,-75.0,9.900000000000006,29.8,35.099999999999994,2169.1973969631235,False,False,True
222,1.0,24.09999999999999,27.90000000000001,6.4,28.1,16.3,-73.0,10.599999999999994,27.6,25.90000000000001,2403.846153846154,False,False,False
265,1.0,20.40000000000001,23.22499999999999,6.5,23.9,18.6,-78.0,11.949999999999989,25.4,23.59999999999999,2493.7655860349128,False,True,False
240,1.0,15.299999999999995,27.59999999999999,5.4,15.5,0.7,-73.0,8.599999999999994,24.5,33.2,1956.9471624266143,False,False,True
84,1.0,19.299999999999997,16.200000000000003,5.5,34.6,15.6,-68.0,11.5,30.9,27.09999999999999,2398.0815347721823,False,True,False
89,1.0,21.0,47.8,6.2,31.4,15.6,-74.0,10.900000000000006,29.1,26.09999999999999,2518.8916876574303,False,True,False
79,1.0,15.799999999999995,26.125,5.9,23.1,7.0,-81.0,7.5,30.8,28.0,2557.544757033248,False,False,False
98,0.0,22.0,32.19999999999999,3.6,14.4,0.0,-85.0,9.700000000000005,19.5,22.200000000000003,1547.9876160990714,True,False,False
90,1.0,22.0,13.5,7.8,37.3,5.4,-75.0,11.099999999999994,41.3,22.799999999999997,2500.0,False,True,False
191,1.0,20.5,45.6,7.1,25.4,2.9,-84.0,10.099999999999994,21.8,24.700000000000003,2178.649237472767,False,False,False
140,1.0,24.0,28.549999999999997,6.8,26.7,2.7,-84.0,8.400000000000006,30.9,24.09999999999999,2127.659574468085,False,True,False
