State,Year,Inadequate Prenatal Care,Avoided Care Due to Cost,No Cancer Screen,Concentrated Disadvantage,Food Insecurity,Gender Pay Gap,Infant Child Care Affordability,Infant Mortality,Low Birth Weight,Maternal Mortality,Maternity Care Desert,Maternity Practices Score,Neonatal Mortality,Postpartum Depression,No Postpartum Visit,Poverty,Severe Maternal Morbidity,Smoking During Pregnancy,Unemployment,Uninsured Women,Unintended Pregnancy,Voter Abstainment,WIC Shortfall,No Preventative,Patients Per Doctor
AK,2018,31.599999999999994,13.6,19.200000000000003,15.4,10.6,20.700000000000003,11.9,5.6,5.9,24.9,6.8,-83.0,3.0,14.8,11.0,9.7,91.3,10.1,7.0,14.5,25.5,41.7,45.9,29.0,1020.4081632653061
AK,2019,31.299999999999997,13.5,25.950000000000003,15.4,10.6,16.900000000000006,11.7,5.6,6.3,24.9,6.8,-82.5,3.0,12.2,11.700000000000003,9.1,99.7,9.6,5.8,16.0,28.1,41.7,49.8,29.0,1020.4081632653061
AK,2020,34.0,12.15,32.7,15.4,10.6,16.5,11.3,6.2,6.6,24.9,6.8,-82.0,3.0,13.8,15.0,9.9,83.6,8.8,6.4,15.5,24.8,41.7,53.7,31.099999999999994,980.3921568627451
AK,2021,33.400000000000006,10.8,39.45,15.4,10.4,16.099999999999994,11.4,6.2,6.9,24.9,6.8,-82.0,3.8,14.5,14.599999999999994,10.7,131.1,7.6,7.0,15.0,22.766666666666666,40.8,49.2,33.599999999999994,969.9321047526673
AK,2022,34.7,10.3,46.2,15.4,10.4,17.900000000000006,10.9,6.9,6.9,24.9,6.8,-82.0,3.5,15.2,14.200000000000003,9.9,114.5,6.8,4.6,13.6,20.73333333333333,41.6,46.9,29.299999999999997,963.3911368015415
AK,2023,33.400000000000006,11.1,46.2,16.9,10.4,17.099999999999994,10.3,6.9,6.7,23.4,6.8,-82.0,3.5,15.9,13.799999999999997,10.4,114.5,5.9,4.8,13.8,18.7,41.6,46.9,29.299999999999997,950.5703422053232
AR,2018,27.5,14.9,16.400000000000006,28.2,12.6,15.0,9.7,7.3,9.4,38.3,13.8,-69.0,4.5,19.1,11.200000000000003,16.7,69.8,13.5,4.7,11.7,35.4,51.7,51.4,24.5,3367.003367003367
AR,2019,26.200000000000003,15.7,25.625,26.9,15.0,21.0,8.9,7.3,9.2,38.3,13.8,-72.0,4.5,19.1,11.200000000000003,16.3,58.6,12.1,4.8,13.1,35.4,51.7,58.95,25.299999999999997,3367.003367003367
AR,2020,28.5,13.7,34.849999999999994,26.9,15.0,18.849999999999994,9.8,8.0,9.6,38.3,13.8,-75.0,4.5,23.2,11.700000000000003,16.35,67.8,11.6,5.15,12.8,33.7,51.7,66.5,25.599999999999994,3289.4736842105262
AR,2021,28.099999999999994,11.7,44.075,26.9,15.0,16.700000000000003,9.4,8.0,9.5,38.3,13.8,-75.5,4.8,19.7,12.900000000000006,16.4,81.1,9.5,5.5,12.5,32.3,51.0,67.9,25.599999999999994,3267.97385620915
AR,2022,26.700000000000003,13.8,53.3,26.9,16.6,19.799999999999997,9.0,8.0,9.3,38.3,13.8,-76.0,4.8,16.75,14.300000000000011,17.2,70.1,7.9,4.5,12.0,32.3,51.6,61.7,25.299999999999997,3355.7046979865772
AR,2023,25.799999999999997,13.9,53.3,26.9,18.9,18.400000000000006,9.2,8.0,9.6,35.3,13.8,-76.0,4.9,13.8,15.700000000000003,16.3,70.1,6.4,4.2,12.1,32.3,51.6,61.7,26.799999999999997,3289.4736842105262
AZ,2018,29.099999999999994,13.3,20.599999999999994,32.2,11.0,16.5,13.9,5.6,7.6,30.0,0.1,-77.0,3.7,13.7,14.799999999999997,12.5,67.5,4.6,5.4,15.0,29.1,34.599999999999994,50.2,30.0,2409.6385542168673
AZ,2019,30.599999999999994,13.9,29.099999999999994,32.2,11.0,16.900000000000006,13.4,5.6,7.4,30.0,0.1,-77.5,3.7,13.7,14.799999999999997,12.4,77.8,4.4,5.1,15.3,29.1,34.599999999999994,49.55,30.0,2409.6385542168673
AZ,2020,31.0,12.2,37.599999999999994,32.2,11.0,16.849999999999994,13.1,5.3,7.4,30.0,0.1,-78.0,3.6,13.7,14.799999999999997,12.25,81.4,3.7,5.449999999999999,14.45,29.1,36.1,48.9,30.0,2398.0815347721823
AZ,2021,28.5,10.5,46.1,32.2,11.8,16.799999999999997,13.4,5.8,7.9,30.0,0.1,-77.5,3.9,12.7,13.199999999999989,12.1,105.6,3.3,5.8,13.6,28.55,36.1,48.0,34.0,2375.296912114014
AZ,2022,28.299999999999997,11.9,54.6,32.2,11.8,13.599999999999994,13.3,5.8,7.8,30.0,0.1,-77.0,3.9,11.7,11.599999999999994,12.2,80.5,2.6,4.3,14.3,28.0,36.1,44.8,33.400000000000006,2463.054187192118
AZ,2023,27.700000000000003,12.1,54.6,30.4,11.8,16.5,14.0,5.9,8.1,30.4,0.1,-77.0,3.9,12.2,12.200000000000003,12.6,80.5,2.2,4.3,13.3,28.0,41.2,44.8,33.400000000000006,2493.7655860349128
CA,2018,21.200000000000003,11.9,22.400000000000006,31.4,9.8,12.200000000000003,18.6,4.2,7.0,10.5,0.1,-86.0,3.0,13.0,12.5,12.2,94.3,1.3,5.6,9.5,31.2,41.5,34.3,30.400000000000006,2341.9203747072597
CA,2019,21.299999999999997,11.9,29.575000000000003,31.4,9.8,12.5,17.5,4.2,7.1,10.5,0.1,-86.5,3.0,13.0,12.5,11.4,99.4,1.1,5.1,10.0,31.2,41.5,35.0,30.400000000000006,2341.9203747072597
CA,2020,25.5,10.55,36.75,31.4,10.3,12.599999999999994,17.5,4.1,6.9,10.5,0.1,-87.0,2.8,13.0,12.5,11.85,105.5,1.0,6.7,9.45,31.2,41.7,35.7,33.7,2252.252252252252
CA,2021,25.799999999999997,9.2,43.925,31.4,10.3,12.700000000000003,16.7,4.1,7.3,10.5,0.1,-87.0,2.9,13.0,12.5,12.3,111.8,0.8,8.3,8.9,31.2,41.7,33.599999999999994,33.900000000000006,2197.802197802198
CA,2022,26.200000000000003,10.1,51.1,31.4,10.3,11.799999999999997,16.6,4.1,7.4,10.5,0.1,-87.0,2.9,13.0,12.5,12.1,110.2,0.7,5.3,8.0,31.2,41.7,30.099999999999994,28.700000000000003,2358.490566037736
CA,2023,25.5,10.7,51.1,32.3,11.4,12.900000000000006,16.6,4.1,7.5,10.1,0.1,-87.0,2.9,13.0,12.5,12.0,110.2,0.6,5.5,8.0,31.2,41.9,30.099999999999994,28.700000000000003,2298.8505747126437
CO,2018,31.299999999999997,12.2,21.900000000000006,13.2,10.1,17.799999999999997,16.1,4.8,9.4,16.0,1.7,-85.0,3.2,11.1,8.5,9.7,80.0,5.9,4.0,9.4,28.2,37.1,52.0,32.400000000000006,1631.3213703099511
CO,2019,30.400000000000006,12.1,27.650000000000006,13.2,10.1,20.099999999999994,16.0,4.8,9.4,16.0,1.7,-85.0,3.2,11.9,9.200000000000003,9.5,90.7,5.1,3.7,11.2,24.3,37.1,53.6,32.400000000000006,1631.3213703099511
CO,2020,32.900000000000006,10.8,33.400000000000006,13.2,10.1,18.549999999999997,15.5,4.8,9.3,16.0,1.7,-85.0,3.2,11.6,11.5,9.75,103.1,4.7,4.5,10.75,25.5,35.5,55.2,32.8,1592.3566878980891
CO,2021,29.599999999999994,9.5,39.15,13.2,9.9,17.0,14.9,4.8,9.5,16.0,1.7,-85.5,3.3,11.4,7.799999999999997,10.0,106.1,3.7,5.3,10.3,22.6,35.5,55.5,32.5,1555.2099533437015
CO,2022,28.200000000000003,10.7,44.9,13.2,9.9,20.099999999999994,15.65,4.8,9.9,16.0,1.7,-86.0,3.1,12.5,8.400000000000006,9.4,106.9,3.1,3.5,9.0,24.0,35.5,54.4,31.200000000000003,1597.444089456869
CO,2023,30.099999999999994,12.1,44.9,12.4,9.9,17.400000000000006,16.4,4.5,9.7,17.0,1.7,-86.0,3.1,9.2,8.0,9.7,106.9,3.0,3.8,8.0,33.9,34.3,54.4,31.200000000000003,1577.2870662460568
CT,2018,16.299999999999997,9.2,17.799999999999997,23.3,11.8,16.5,12.6,4.3,7.6,15.6,0.0,-85.0,3.0,11.7,5.599999999999994,10.6,87.6,4.0,5.6,7.5,24.4,39.7,51.7,22.700000000000003,1499.2503748125937
CT,2019,15.099999999999994,9.9,24.924999999999997,23.3,11.8,16.799999999999997,12.7,4.3,7.8,15.6,0.0,-86.0,3.0,11.1,4.799999999999997,10.4,91.8,3.6,5.3,7.7,24.2,39.7,53.5,22.700000000000003,1499.2503748125937
CT,2020,15.599999999999994,8.65,32.05,23.3,11.8,17.099999999999994,12.7,4.4,7.8,15.6,0.0,-87.0,3.0,10.4,7.799999999999997,10.45,86.0,3.3,6.0,7.4,23.9,41.9,55.3,22.900000000000006,1457.725947521866
CT,2021,15.200000000000003,7.4,39.175,23.3,10.4,17.400000000000006,12.0,4.5,8.1,15.6,0.0,-87.0,3.0,11.9,5.099999999999994,10.5,103.9,2.4,6.7,7.1,18.9,41.9,55.3,24.0,1416.4305949008499
CT,2022,16.900000000000006,9.2,46.3,23.3,10.4,15.200000000000003,12.1,4.4,8.0,15.6,0.0,-87.0,3.0,10.25,5.849999999999994,10.5,107.2,2.0,4.7,6.8,19.75,41.9,53.1,21.099999999999994,1600.0
CT,2023,15.799999999999997,8.9,46.3,23.3,10.4,15.799999999999997,11.8,4.4,7.9,16.2,0.0,-87.0,3.0,8.6,6.599999999999994,11.1,107.2,1.8,4.6,7.9,20.6,42.0,53.1,21.099999999999994,1584.7860538827258
DE,2018,28.299999999999997,10.6,18.799999999999997,23.7,9.9,15.799999999999997,10.9,6.2,8.9,18.9,0.0,-83.0,4.2,13.1,12.299999999999997,12.6,68.8,8.7,5.8,7.9,32.8,40.2,53.9,23.099999999999994,1953.125
DE,2019,24.5,10.6,27.25,23.7,11.2,17.400000000000006,11.2,6.2,9.4,18.9,0.0,-83.5,4.2,10.4,9.799999999999997,11.1,67.0,8.9,4.6,8.7,34.6,40.2,56.75,23.099999999999994,1953.125
DE,2020,22.0,9.0,35.7,23.7,11.2,16.25,10.9,5.8,8.9,18.9,0.0,-84.0,3.8,10.6,12.0,11.3,82.8,7.0,5.1,7.899999999999999,33.7,39.0,59.6,25.599999999999994,1953.125
DE,2021,22.0,7.4,44.15,23.7,11.2,15.099999999999994,11.1,6.2,9.1,18.9,0.0,-88.5,4.6,9.7,12.299999999999997,11.5,84.2,5.2,5.6,7.1,31.0,39.0,53.2,25.599999999999994,1912.0458891013386
DE,2022,23.200000000000003,8.1,52.6,23.7,11.3,17.599999999999994,12.0,6.2,9.0,18.9,0.0,-93.0,4.6,10.4,11.0,9.1,111.1,3.2,4.3,8.2,27.2,39.0,44.4,24.0,2169.1973969631235
DE,2023,21.400000000000006,8.7,52.6,24.2,11.3,13.400000000000006,12.4,6.8,9.2,18.9,0.0,-93.0,4.9,10.6,11.099999999999994,10.5,111.1,2.9,3.5,9.4,27.2,38.0,44.4,24.0,2159.8272138228945
FL,2018,28.900000000000006,16.2,21.099999999999994,26.9,10.1,15.099999999999994,11.8,6.1,8.7,24.1,0.9,-81.0,4.2,13.0,10.700000000000003,13.0,73.4,4.5,5.3,19.6,42.1,42.6,46.2,25.700000000000003,2506.2656641604012
FL,2019,28.900000000000006,16.0,28.39999999999999,26.9,10.1,17.099999999999994,11.7,6.1,8.7,24.1,0.9,-81.0,4.0,13.0,10.700000000000003,12.3,81.8,4.1,4.5,19.6,42.1,42.6,49.3,27.599999999999994,2506.2656641604012
FL,2020,32.3,15.1,35.69999999999999,26.9,11.4,17.25,11.6,6.0,8.7,24.1,0.9,-81.0,4.0,15.7,10.700000000000003,12.7,94.1,3.7,5.05,18.700000000000003,37.9,44.4,52.4,27.400000000000006,2409.6385542168673
FL,2021,35.3,14.2,43.0,26.9,11.4,17.400000000000006,11.1,5.9,9.0,24.1,0.9,-82.0,3.9,14.1,10.666666666666671,13.1,114.7,2.9,5.6,17.8,37.9,44.4,52.5,27.400000000000006,2336.448598130841
FL,2022,35.599999999999994,13.3,50.3,26.9,11.4,15.200000000000003,12.1,6.0,9.1,24.1,0.9,-83.0,3.9,12.5,10.633333333333326,12.8,102.7,2.3,4.0,15.7,37.9,44.4,49.3,27.299999999999997,2463.054187192118
FL,2023,34.0,12.9,50.3,26.8,12.0,14.900000000000006,12.1,6.0,9.0,24.5,0.9,-83.0,3.9,10.9,10.599999999999994,12.6,102.7,1.8,4.1,15.9,37.9,45.3,49.3,29.099999999999994,2444.987775061125
GA,2018,25.5,18.2,17.299999999999997,33.0,10.0,19.799999999999997,10.3,7.0,10.1,32.1,4.9,-73.0,4.7,13.6,10.200000000000003,13.7,80.7,4.4,4.9,20.2,38.5,39.0,54.5,27.099999999999994,2136.7521367521367
GA,2019,24.299999999999997,17.8,23.650000000000006,33.0,10.0,19.799999999999997,10.4,7.0,10.0,32.1,4.9,-74.0,4.3,14.5,8.5,12.9,87.2,4.2,4.8,19.7,32.6,39.0,59.15,29.700000000000003,2136.7521367521367
GA,2020,25.200000000000003,16.65,30.0,33.0,11.3,18.650000000000006,9.1,6.7,9.9,32.1,4.9,-75.0,4.3,8.6,10.799999999999997,13.2,93.0,4.2,5.15,19.0,27.1,39.0,63.8,28.400000000000006,2096.4360587002097
GA,2021,24.0,15.5,36.35,33.0,11.3,17.5,9.5,6.7,10.6,32.1,4.9,-76.5,3.9,10.5,9.299999999999997,13.5,109.4,3.5,5.5,18.3,27.9,38.5,60.8,28.400000000000006,2074.688796680498
GA,2022,25.200000000000003,14.8,42.7,33.0,11.3,18.900000000000006,9.5,7.0,10.6,32.1,4.9,-78.0,4.1,10.75,10.0,12.9,99.9,2.8,4.2,17.5,18.95,39.3,60.4,28.599999999999994,2197.802197802198
GA,2023,24.400000000000006,15.6,42.7,33.2,12.8,17.599999999999994,8.8,7.0,10.2,30.4,4.9,-78.0,4.1,11.0,10.700000000000003,13.7,99.9,2.2,4.4,16.4,10.0,39.3,60.4,29.799999999999997,2145.9227467811156
HI,2018,35.400000000000006,7.3,18.5,19.0,8.9,18.299999999999997,14.3,6.0,8.3,16.1,0.0,-68.0,3.6,11.1,7.0,9.0,104.3,3.0,3.9,5.3,23.0,45.8,45.5,22.700000000000003,1792.1146953405018
HI,2019,36.3,8.2,27.200000000000003,19.0,9.1,13.200000000000003,14.3,6.0,8.4,16.1,0.0,-71.5,3.6,11.1,7.0,9.2,104.8,2.2,3.9,6.6,23.0,45.8,45.5,22.700000000000003,1792.1146953405018
HI,2020,39.7,6.75,35.900000000000006,19.0,9.1,17.25,14.1,5.0,8.1,16.1,0.0,-75.0,3.1,13.7,9.5,10.45,98.6,1.9,5.8,5.65,25.8,45.8,45.5,24.900000000000006,1715.2658662092624
HI,2021,37.6,5.3,44.599999999999994,19.0,9.1,21.299999999999997,15.6,5.2,8.8,16.1,0.0,-75.0,3.7,14.4,11.299999999999997,11.7,105.8,1.7,7.7,4.7,23.0,42.8,44.6,24.900000000000006,1557.632398753894
HI,2022,37.0,5.7,53.3,19.0,9.1,17.799999999999997,16.4,5.3,8.5,16.1,0.0,-75.0,3.7,13.0,7.599999999999994,10.6,112.2,1.3,3.6,4.8,21.4,45.7,39.1,27.700000000000003,1650.1650165016501
HI,2023,37.6,6.7,53.3,20.4,9.6,13.0,17.8,5.3,8.7,16.6,0.0,-75.0,3.7,11.5,8.0,10.3,112.2,1.0,3.5,4.2,24.2,45.7,39.1,27.700000000000003,1628.6644951140065
IA,2018,14.5,7.7,18.599999999999994,13.3,6.9,21.599999999999994,11.7,5.0,6.9,19.5,10.1,-72.0,3.0,10.2,6.599999999999994,11.3,54.3,11.6,3.8,7.0,24.1,34.900000000000006,44.0,22.0,2659.574468085106
IA,2019,14.099999999999994,8.5,25.39999999999999,12.6,7.0,21.900000000000006,11.8,5.0,6.8,19.7,10.1,-73.5,3.0,10.2,6.599999999999994,11.5,56.0,11.0,3.7,6.3,24.1,34.900000000000006,46.9,22.700000000000003,2659.574468085106
IA,2020,15.900000000000006,7.25,32.19999999999999,12.6,8.9,21.200000000000003,11.9,4.7,6.9,19.7,10.1,-75.0,2.9,7.9,8.700000000000003,11.45,69.1,10.3,3.65,6.15,20.4,34.900000000000006,49.8,22.700000000000003,2590.6735751295337
IA,2021,15.099999999999994,6.0,39.0,12.6,8.9,20.5,11.7,4.6,6.8,19.7,10.1,-74.0,2.9,8.733333333333334,8.400000000000006,11.4,77.9,8.7,3.6,6.0,20.4,38.8,46.0,23.200000000000003,2564.102564102564
IA,2022,15.099999999999994,7.3,45.8,12.6,8.9,19.599999999999994,11.4,5.2,7.2,19.7,10.1,-73.0,3.2,9.566666666666666,8.099999999999994,11.4,69.1,6.7,2.9,5.5,20.4,38.2,46.4,23.200000000000003,2710.027100271003
IA,2023,15.900000000000006,7.3,45.8,12.6,9.8,18.900000000000006,10.4,5.2,7.6,19.7,10.1,-73.0,3.2,10.4,7.799999999999997,11.6,69.1,5.7,2.8,7.2,20.4,38.2,46.4,23.5,2652.519893899204
IL,2018,22.099999999999994,11.5,20.799999999999997,24.1,9.2,19.299999999999997,14.3,6.1,8.5,18.1,2.8,-80.0,4.2,9.7,7.0,12.1,85.2,6.0,5.7,10.0,30.8,39.3,55.2,24.299999999999997,1956.9471624266143
IL,2019,21.200000000000003,13.3,29.200000000000003,24.1,9.4,22.0,14.0,6.1,8.4,18.1,2.8,-81.0,4.2,10.8,6.099999999999994,11.8,89.5,5.3,4.8,10.0,31.5,39.3,60.1,24.299999999999997,1956.9471624266143
IL,2020,21.599999999999994,11.55,37.599999999999994,24.1,10.6,21.049999999999997,13.3,5.6,8.3,18.1,2.8,-82.0,3.9,10.3,8.599999999999994,12.15,86.0,5.1,6.1,9.75,27.6,39.7,65.0,24.5,1904.7619047619048
IL,2021,19.799999999999997,9.8,46.0,24.1,10.6,20.099999999999994,14.3,5.6,8.5,18.1,2.8,-81.0,3.8,11.9,6.799999999999997,12.5,93.1,4.4,7.4,9.5,27.5,39.7,65.6,24.400000000000006,1862.1973929236499
IL,2022,21.700000000000003,10.8,54.4,24.1,10.6,19.299999999999997,14.1,5.8,8.7,18.1,2.8,-80.0,4.0,11.9,7.099999999999994,12.4,92.6,3.6,4.8,8.7,27.5,39.7,62.1,23.5,2028.397565922921
IL,2023,21.900000000000006,10.6,54.4,24.4,12.4,19.0,12.3,5.8,8.9,20.0,2.8,-80.0,4.0,11.9,7.400000000000006,12.3,92.6,3.0,4.7,8.1,27.5,41.0,62.1,23.5,1996.007984031936
IN,2018,22.0,12.2,18.900000000000006,19.5,11.6,25.0,15.2,6.6,8.1,30.9,5.6,-78.0,4.2,13.1,7.5,12.6,68.5,12.6,4.5,11.6,7.1,44.8,43.2,24.400000000000006,2450.9803921568628
IN,2019,21.5,12.6,26.05000000000001,19.5,11.6,24.200000000000003,14.8,6.7,8.2,30.9,5.6,-80.5,4.2,13.1,7.5,11.9,67.5,11.7,4.2,11.9,7.1,44.8,44.65,24.400000000000006,2450.9803921568628
IN,2020,22.299999999999997,10.6,33.2,19.5,11.6,23.0,12.7,6.7,8.1,30.9,5.6,-83.0,4.2,13.1,7.5,12.0,77.0,10.9,4.45,10.95,7.1,48.5,46.1,26.200000000000003,2409.6385542168673
IN,2021,19.900000000000006,8.6,40.35,19.5,12.2,21.799999999999997,14.5,6.8,8.4,30.9,5.6,-83.0,4.2,13.1,7.5,12.1,100.2,9.0,4.7,10.0,7.1,48.5,39.4,25.299999999999997,2320.185614849188
IN,2022,20.799999999999997,9.8,47.5,19.5,12.2,22.900000000000006,12.3,6.8,8.7,30.9,5.6,-83.0,4.4,13.1,7.5,12.9,86.3,6.6,3.6,9.1,7.1,48.5,40.7,22.900000000000006,2444.987775061125
IN,2023,20.799999999999997,10.4,47.5,19.2,12.2,21.5,11.9,6.8,8.6,31.4,5.6,-83.0,4.4,13.1,7.5,12.6,86.3,5.3,3.6,8.3,7.1,48.7,40.7,22.900000000000006,2415.458937198068
KS,2018,16.200000000000003,12.1,20.700000000000003,14.3,11.3,21.599999999999994,13.1,5.9,7.4,22.8,7.0,-79.0,3.9,14.7,9.400000000000006,12.1,62.1,9.5,3.9,13.4,27.8,38.7,54.8,28.5,2557.544757033248
KS,2019,15.799999999999997,13.1,26.125,14.9,11.3,20.799999999999997,14.6,5.9,7.6,23.1,7.0,-81.0,3.9,13.5,7.5,11.6,66.2,8.5,3.8,14.4,30.8,38.7,55.9,28.0,2557.544757033248
KS,2020,16.5,11.5,31.549999999999997,14.9,11.3,20.349999999999994,14.3,6.0,7.2,23.1,7.0,-83.0,3.8,14.3,10.400000000000006,11.9,71.8,8.2,4.1,13.7,32.7,37.4,57.0,27.799999999999997,2481.389578163772
KS,2021,15.700000000000003,9.9,36.975,14.9,10.6,19.900000000000006,13.5,5.6,7.4,23.1,7.0,-82.5,3.8,15.1,8.299999999999997,12.2,70.7,6.9,4.4,13.0,25.6,37.4,55.7,26.900000000000006,2415.458937198068
KS,2022,16.799999999999997,10.8,42.4,14.9,10.6,23.200000000000003,15.8,5.6,7.8,23.1,7.0,-82.0,3.5,11.9,7.900000000000006,12.6,68.9,5.5,3.6,11.9,29.0,37.4,54.4,26.900000000000006,2564.102564102564
KS,2023,16.700000000000003,10.9,42.4,14.9,10.6,21.200000000000003,14.0,5.5,7.6,23.1,7.0,-82.0,3.5,16.3,9.0,11.7,68.9,4.9,3.3,11.0,29.0,34.900000000000006,54.4,25.799999999999997,2439.0243902439024
KY,2018,19.299999999999997,12.6,16.200000000000003,29.9,13.8,21.700000000000003,8.2,5.5,8.9,34.6,15.6,-68.0,3.5,14.0,11.5,16.4,75.2,17.1,5.4,7.6,30.9,38.8,45.0,27.099999999999994,2398.0815347721823
KY,2019,19.0,12.1,24.099999999999994,29.9,13.8,21.400000000000006,9.4,5.7,8.7,34.6,15.6,-70.5,3.5,13.9,10.799999999999997,16.2,70.0,15.3,4.8,9.1,33.0,38.8,46.75,27.099999999999994,2398.0815347721823
KY,2020,21.099999999999994,10.45,32.0,29.9,13.8,21.25,9.2,5.7,8.5,34.6,15.6,-73.0,3.7,13.9,14.0,16.45,79.0,14.8,5.1,8.0,33.8,39.6,48.5,27.200000000000003,2375.296912114014
KY,2021,20.599999999999994,8.8,39.9,29.9,14.5,21.099999999999994,8.8,6.0,9.1,34.6,15.6,-73.5,3.4,15.75,12.099999999999994,16.7,97.6,12.7,5.4,6.9,31.45,39.6,40.8,26.5,2358.490566037736
KY,2022,20.700000000000003,10.0,47.8,29.9,14.5,20.799999999999997,10.9,6.0,8.9,34.6,15.6,-74.0,3.6,17.6,10.200000000000003,17.0,86.1,10.5,4.3,7.3,29.1,39.6,36.9,26.5,2538.0710659898477
KY,2023,21.0,10.0,47.8,29.3,14.5,18.400000000000006,10.3,6.2,8.8,31.4,15.6,-74.0,3.6,15.0,10.900000000000006,16.9,86.1,8.7,4.1,7.0,29.1,40.0,36.9,26.099999999999994,2518.8916876574303
LA,2018,22.0,14.8,13.5,43.5,14.8,30.799999999999997,8.6,7.8,10.8,37.3,5.4,-75.0,4.7,15.9,11.099999999999994,18.1,71.7,6.2,6.6,10.5,41.3,44.1,54.3,22.799999999999997,2500.0
LA,2019,21.400000000000006,14.8,20.700000000000003,43.5,14.8,28.700000000000003,9.5,7.8,10.8,37.3,5.4,-78.0,4.6,19.3,11.099999999999994,19.0,74.9,5.1,5.5,11.6,40.5,44.1,59.9,22.0,2500.0
LA,2020,23.099999999999994,13.2,27.900000000000006,43.5,15.2,28.30000000000001,9.4,7.4,10.9,37.3,5.4,-81.0,4.6,16.8,13.700000000000003,19.2,81.5,5.0,6.55,10.35,40.4,44.9,65.5,22.0,2487.5621890547263
LA,2021,24.200000000000003,11.6,35.099999999999994,43.5,15.2,27.900000000000006,9.0,7.4,11.3,37.3,5.4,-81.5,4.0,12.1,10.900000000000006,19.4,85.2,4.4,7.6,9.1,36.8,44.9,66.0,23.400000000000006,2444.987775061125
LA,2022,25.400000000000006,12.1,42.3,43.5,15.2,25.200000000000003,8.8,7.3,11.5,37.3,5.4,-82.0,3.9,9.65,7.599999999999994,19.0,81.1,3.3,5.4,8.0,36.8,44.9,66.5,19.700000000000003,2557.544757033248
LA,2023,24.900000000000006,11.5,42.3,43.8,16.2,28.799999999999997,8.4,7.3,11.3,40.7,5.4,-82.0,3.9,7.2,4.299999999999997,19.4,81.1,2.9,4.9,8.6,36.8,46.9,66.5,19.700000000000003,2421.3075060532688
MA,2018,16.599999999999994,8.8,19.099999999999994,19.2,8.4,16.700000000000003,16.8,4.0,7.6,16.4,0.0,-86.0,3.0,10.3,6.700000000000003,10.7,105.2,4.3,4.9,3.5,21.7,39.1,37.8,23.0,1579.778830963665
MA,2019,15.299999999999997,8.7,25.64999999999999,19.2,8.4,18.700000000000003,16.4,3.8,7.6,14.4,0.0,-85.5,2.8,10.2,7.099999999999994,10.3,100.1,3.9,3.9,3.6,23.8,39.1,38.7,22.200000000000003,1579.778830963665
MA,2020,22.0,7.949999999999999,32.19999999999999,19.2,8.5,16.599999999999994,16.0,3.6,7.4,14.4,0.0,-85.0,2.6,10.0,9.700000000000003,10.9,107.2,3.5,5.25,3.25,19.5,38.5,39.6,22.200000000000003,1547.9876160990714
MA,2021,19.799999999999997,7.2,38.75,19.2,8.5,14.5,16.2,3.6,7.5,14.4,0.0,-86.5,2.6,10.4,7.400000000000006,11.5,117.5,2.8,6.6,2.9,19.5,38.5,37.4,23.799999999999997,1540.8320493066255
MA,2022,21.200000000000003,7.1,45.3,19.2,8.5,15.900000000000006,14.6,3.3,7.8,14.4,0.0,-88.0,2.3,10.0,7.200000000000003,11.7,111.0,2.2,4.1,2.7,17.7,38.5,32.8,20.799999999999997,1706.4846416382252
MA,2023,18.400000000000006,7.1,45.3,21.1,9.3,14.099999999999994,15.9,3.3,7.6,14.4,0.0,-88.0,2.3,10.4,6.900000000000006,11.3,111.0,1.7,3.9,3.3,17.7,37.2,32.8,20.799999999999997,1675.041876046901
MD,2018,27.400000000000006,11.2,20.700000000000003,21.9,9.2,14.0,12.7,5.9,8.8,21.3,0.4,-79.0,4.0,15.6,7.700000000000003,8.9,82.9,5.3,5.1,8.3,31.2,36.1,37.7,22.700000000000003,1754.3859649122808
MD,2019,25.700000000000003,10.9,27.625,21.9,9.2,11.799999999999997,12.6,5.8,8.7,21.4,0.4,-81.0,4.0,15.6,7.700000000000003,9.0,79.3,4.7,4.5,8.7,31.2,36.1,40.15,22.700000000000003,1754.3859649122808
MD,2020,28.599999999999994,9.8,34.55,21.9,9.5,13.099999999999994,12.4,5.8,8.5,21.4,0.4,-83.0,4.0,14.3,9.700000000000003,9.7,90.8,4.2,5.2,8.2,27.9,36.1,42.6,24.700000000000003,1712.3287671232877
MD,2021,26.599999999999994,8.7,41.475,21.9,9.5,14.400000000000006,12.3,5.9,8.9,21.4,0.4,-82.5,4.1,14.233333333333334,8.833333333333314,10.4,100.3,3.3,5.9,7.7,27.9,34.2,46.3,26.5,1675.041876046901
MD,2022,27.0,8.8,48.4,21.9,9.5,14.900000000000006,13.2,5.8,8.7,21.4,0.4,-82.0,3.9,14.166666666666666,7.966666666666683,10.0,103.2,2.7,4.0,7.9,27.9,35.5,43.4,23.299999999999997,1785.7142857142858
MD,2023,25.5,9.6,48.4,21.6,10.4,14.0,12.6,5.8,8.6,21.4,0.4,-82.0,3.9,14.1,7.099999999999994,10.0,103.2,2.3,4.0,8.7,27.9,35.5,43.4,23.299999999999997,1757.469244288225
MI,2018,19.099999999999994,11.8,15.400000000000006,23.5,11.8,21.299999999999997,12.3,6.3,8.5,19.1,1.2,-77.0,4.2,16.4,10.900000000000006,13.4,76.2,10.6,5.4,7.2,30.9,36.8,38.6,22.799999999999997,1814.8820326678765
MI,2019,19.299999999999997,11.7,22.200000000000003,23.5,11.8,22.200000000000003,11.5,6.3,8.7,18.7,1.2,-77.5,4.2,14.8,11.299999999999997,12.6,78.3,10.4,5.0,7.8,29.0,36.8,40.65,22.799999999999997,1814.8820326678765
MI,2020,22.0,9.8,29.0,23.5,11.9,22.200000000000003,11.6,6.5,8.9,18.7,1.2,-78.0,4.3,16.1,13.599999999999994,12.85,89.9,9.8,5.95,6.9,28.5,34.900000000000006,42.7,23.700000000000003,1745.2006980802794
MI,2021,20.799999999999997,7.9,35.80000000000001,23.5,11.9,22.200000000000003,13.4,6.3,9.2,18.7,1.2,-79.0,4.0,16.5,12.5,13.1,102.2,8.3,6.9,6.0,23.9,34.900000000000006,40.9,24.200000000000003,1736.111111111111
MI,2022,22.200000000000003,7.9,42.6,23.5,11.9,19.099999999999994,13.5,6.3,9.2,18.7,1.2,-80.0,4.0,14.3,9.799999999999997,13.3,94.9,6.6,4.6,6.0,24.8,34.900000000000006,38.4,21.200000000000003,1811.5942028985505
MI,2023,22.400000000000006,9.2,42.6,23.5,13.0,18.200000000000003,11.5,6.3,8.9,18.7,1.2,-80.0,3.9,11.6,10.5,13.8,94.9,5.3,4.5,5.7,21.4,32.2,38.4,21.200000000000003,1769.9115044247787
MN,2018,19.099999999999994,10.0,17.400000000000006,10.2,7.0,17.599999999999994,15.5,4.8,6.9,12.3,2.3,-82.0,3.2,10.6,7.799999999999997,9.5,84.1,7.5,3.5,5.2,25.5,29.5,36.1,25.299999999999997,1821.4936247723133
MN,2019,18.799999999999997,10.0,25.275000000000006,10.2,7.4,18.5,15.3,4.8,6.9,12.3,2.3,-81.5,3.0,10.9,6.599999999999994,9.0,87.5,7.1,3.2,6.8,22.5,29.5,38.15,27.200000000000003,1821.4936247723133
MN,2020,24.299999999999997,8.3,33.150000000000006,10.2,7.4,18.650000000000006,14.6,4.5,6.7,12.3,2.3,-81.0,3.0,13.8,14.099999999999994,9.3,95.1,6.7,4.050000000000001,6.4,19.4,29.5,40.2,27.200000000000003,1724.1379310344828
MN,2021,20.099999999999994,6.6,41.025,10.2,7.4,18.799999999999997,14.8,4.7,7.2,12.3,2.3,-81.0,3.1,11.3,7.799999999999997,9.6,110.3,5.6,4.9,6.0,20.3,29.200000000000003,39.3,30.0,1694.915254237288
MN,2022,19.799999999999997,7.6,48.9,10.2,7.1,16.900000000000006,14.3,4.7,7.2,12.3,2.3,-81.0,3.1,10.75,7.450000000000003,10.2,112.9,4.5,3.2,5.9,20.65,29.200000000000003,35.5,28.099999999999994,1776.1989342806396
MN,2023,19.599999999999994,8.6,48.9,10.0,9.1,14.799999999999997,13.7,4.6,7.2,14.1,2.3,-81.0,2.9,10.2,7.099999999999994,9.8,112.9,3.5,3.0,5.5,21.0,30.200000000000003,35.5,28.099999999999994,1721.170395869191
MO,2018,22.200000000000003,13.3,19.700000000000003,18.4,11.5,22.200000000000003,12.0,6.2,8.7,23.8,8.7,-75.0,3.9,13.7,12.5,13.0,80.1,13.7,4.3,13.4,40.8,39.1,50.9,27.200000000000003,2277.904328018223
MO,2019,22.599999999999994,14.3,26.599999999999994,17.2,12.0,20.0,11.6,6.2,8.8,25.4,8.7,-77.0,3.9,14.6,11.400000000000006,13.2,83.2,12.8,3.8,14.8,33.4,39.1,56.45,27.200000000000003,2277.904328018223
MO,2020,23.5,12.65,33.5,17.2,12.0,20.25,11.0,6.0,8.7,25.4,8.7,-79.0,3.8,13.3,14.900000000000006,13.1,89.4,12.0,4.199999999999999,14.25,28.2,39.1,62.0,27.5,2164.5021645021643
MO,2021,20.5,11.0,40.4,17.2,12.0,20.5,10.8,6.3,8.9,25.4,8.7,-79.5,3.7,11.9,10.599999999999994,13.0,102.5,10.1,4.6,13.7,29.5,40.1,62.4,27.599999999999994,2132.1961620469083
MO,2022,21.799999999999997,11.3,47.3,17.2,12.2,21.0,11.1,6.3,9.1,25.4,8.7,-80.0,3.9,15.6,10.700000000000003,13.6,95.1,8.0,3.7,11.6,31.9,38.8,61.6,26.0,2364.066193853428
MO,2023,22.0,11.5,47.3,17.2,12.7,20.0,10.8,6.5,8.9,25.4,8.7,-80.0,3.9,13.9,10.900000000000006,12.5,95.1,6.7,3.4,10.4,22.4,38.8,61.6,26.0,2331.002331002331
MS,2018,19.099999999999994,17.6,13.099999999999994,43.9,15.3,25.200000000000003,7.3,8.6,12.1,39.1,20.7,-73.0,5.2,23.5,11.700000000000003,19.5,74.7,8.9,7.4,19.2,44.6,37.7,41.3,25.200000000000003,3115.264797507788
MS,2019,19.200000000000003,17.2,23.049999999999997,43.9,15.3,22.599999999999994,7.6,8.6,12.3,39.7,20.7,-78.0,5.2,22.1,11.0,18.9,72.4,8.5,6.6,20.9,47.1,37.7,47.15,23.599999999999994,3115.264797507788
MS,2020,20.099999999999994,15.15,33.0,43.9,15.3,22.44999999999999,7.4,8.8,11.8,39.7,20.7,-83.0,5.0,21.7,13.099999999999994,19.05,69.9,7.8,6.5,19.65,38.3,41.6,53.0,23.599999999999994,3095.9752321981427
MS,2021,21.599999999999994,13.1,42.95,43.9,15.3,22.299999999999997,7.3,8.8,12.3,39.7,20.7,-82.5,5.2,20.8,11.900000000000006,19.2,94.2,6.8,6.4,18.4,41.2,41.6,53.3,24.0,3115.264797507788
MS,2022,19.099999999999994,14.2,52.9,43.9,15.3,22.900000000000006,8.6,9.0,12.7,39.7,20.7,-82.0,5.2,18.950000000000003,11.900000000000006,19.6,73.7,5.1,4.9,16.4,38.900000000000006,41.6,54.0,24.0,3164.5569620253164
MS,2023,19.099999999999994,14.1,52.9,44.2,16.2,22.400000000000006,8.2,9.0,12.5,39.7,20.7,-82.0,5.3,17.1,11.900000000000006,19.5,73.7,3.7,4.8,15.7,36.6,42.3,54.0,21.799999999999997,3154.5741324921137
MT,2018,24.599999999999994,10.1,21.900000000000006,10.3,10.4,23.900000000000006,12.0,4.8,7.4,30.5,7.3,-86.0,2.8,15.6,9.700000000000003,13.5,38.6,14.3,3.5,10.0,29.7,31.299999999999997,57.1,28.599999999999994,1862.1973929236499
MT,2019,23.0,10.3,27.400000000000006,10.3,10.4,22.700000000000003,11.866666666666667,4.9,7.3,30.5,7.3,-83.5,2.8,15.6,9.700000000000003,12.7,52.8,13.2,4.1,10.4,29.7,31.299999999999997,60.7,28.599999999999994,1862.1973929236499
MT,2020,23.099999999999994,9.05,32.900000000000006,10.3,10.4,24.05000000000001,11.733333333333333,4.9,7.7,30.5,7.3,-81.0,2.8,14.9,10.200000000000003,12.25,73.8,11.8,4.05,10.45,23.4,35.0,64.3,30.599999999999994,1779.3594306049822
MT,2021,20.900000000000006,7.8,38.4,10.3,10.4,25.400000000000006,11.6,5.0,7.6,30.5,7.3,-83.5,2.9,13.2,8.900000000000006,11.8,77.7,10.7,4.0,10.5,26.0,35.0,56.4,28.200000000000003,1766.7844522968198
MT,2022,20.700000000000003,9.3,43.9,10.3,10.6,19.0,12.8,4.8,7.6,30.5,7.3,-86.0,2.9,12.5,8.5,12.4,79.8,8.6,3.0,11.1,23.5,35.0,52.7,29.900000000000006,1805.0541516245487
MT,2023,21.200000000000003,9.7,43.9,8.8,10.6,23.599999999999994,11.9,5.1,7.7,32.5,7.3,-86.0,3.3,11.3,7.400000000000006,12.2,79.8,7.7,2.7,11.0,23.5,37.1,52.7,29.900000000000006,1811.5942028985505
NC,2018,22.400000000000006,15.1,17.299999999999997,27.2,12.1,17.700000000000003,11.6,6.8,9.2,26.7,2.7,-77.0,4.4,11.7,7.200000000000003,13.3,74.0,8.4,5.1,16.0,26.6,41.4,47.3,23.200000000000003,2197.802197802198
NC,2019,22.799999999999997,15.9,22.924999999999997,27.2,12.1,16.900000000000006,11.2,6.8,9.3,26.7,2.7,-80.5,4.4,10.7,8.400000000000006,13.3,76.9,7.6,4.6,16.6,30.9,41.4,46.349999999999994,24.099999999999994,2197.802197802198
NC,2020,24.0,13.25,28.549999999999997,27.2,12.1,17.349999999999994,11.1,6.8,9.5,26.7,2.7,-84.0,4.4,10.7,8.400000000000006,13.35,85.7,6.8,5.199999999999999,15.65,30.9,41.4,45.4,24.099999999999994,2127.659574468085
NC,2021,23.0,10.6,34.175,27.2,10.9,17.799999999999997,12.1,6.8,9.4,26.7,2.7,-83.0,4.4,10.7,8.400000000000006,13.4,101.0,5.6,5.8,14.7,30.9,44.8,38.3,24.099999999999994,2074.688796680498
NC,2022,24.0,11.9,39.8,27.2,10.9,16.099999999999994,11.8,6.8,9.4,26.7,2.7,-82.0,4.5,10.7,8.400000000000006,12.9,90.4,4.5,3.8,12.9,30.9,44.8,36.2,25.099999999999994,2141.327623126338
NC,2023,22.5,10.7,39.8,27.4,10.9,15.700000000000003,11.6,6.9,9.4,29.8,2.7,-82.0,4.5,10.7,8.400000000000006,12.8,90.4,3.6,4.0,12.2,30.9,44.8,36.2,25.099999999999994,2114.1649048625795
ND,2018,19.599999999999994,9.3,21.700000000000003,5.9,7.9,27.700000000000003,9.4,6.5,6.6,21.6,16.3,-73.0,4.0,11.7,9.0,11.5,47.2,11.4,2.9,9.4,29.2,35.5,48.5,28.799999999999997,2500.0
ND,2019,21.299999999999997,9.2,26.5,5.9,7.9,25.0,9.3,6.5,6.8,21.6,16.3,-75.0,4.0,16.1,10.700000000000003,11.4,57.1,10.6,2.6,8.1,26.5,35.5,52.7,28.799999999999997,2500.0
ND,2020,22.200000000000003,7.899999999999999,31.299999999999997,5.9,7.9,23.549999999999997,9.0,6.5,6.9,21.6,16.3,-77.0,4.1,14.5,10.700000000000003,11.55,61.6,9.7,2.75,7.65,20.4,35.5,56.9,30.400000000000006,2398.0815347721823
ND,2021,19.599999999999994,6.6,36.1,5.9,8.6,22.099999999999994,9.1,4.1,6.6,21.6,16.3,-78.0,2.8,13.2,7.599999999999994,11.7,63.7,8.5,2.9,7.2,23.7,40.4,47.6,29.200000000000003,2364.066193853428
ND,2022,21.099999999999994,8.7,40.9,5.9,8.6,22.700000000000003,9.3,4.6,7.1,21.6,16.3,-79.0,3.0,10.5,6.799999999999997,11.7,62.8,7.4,2.2,7.7,20.7,38.4,45.3,26.299999999999997,2463.054187192118
ND,2023,20.799999999999997,8.3,40.9,7.4,8.6,24.599999999999994,8.7,4.6,7.1,24.1,16.3,-79.0,3.0,15.6,8.5,11.1,62.8,5.9,2.9,5.4,17.1,38.4,45.3,26.299999999999997,2409.6385542168673
NE,2018,21.5,11.8,18.0,11.6,10.5,20.200000000000003,14.4,5.4,7.6,25.1,7.2,-71.0,3.5,12.1,8.700000000000003,10.9,52.6,8.7,3.6,13.1,31.3,42.0,46.0,28.0,2314.814814814815
NE,2019,20.0,12.6,24.950000000000003,12.0,10.6,19.900000000000006,13.8,5.4,7.6,23.7,7.2,-72.0,3.5,12.3,7.599999999999994,10.5,65.2,8.4,3.3,11.3,25.9,42.0,46.5,28.0,2314.814814814815
NE,2020,22.0,10.85,31.900000000000006,12.0,12.1,20.700000000000003,12.9,5.6,7.4,23.7,7.2,-73.0,3.3,12.1,11.700000000000003,10.9,63.0,7.5,3.0,10.4,23.1,42.0,47.0,29.5,2212.389380530973
NE,2021,19.900000000000006,9.1,38.849999999999994,12.0,12.1,21.5,12.4,5.7,7.6,23.7,7.2,-73.5,3.7,12.0,9.0,11.3,60.1,6.5,2.7,9.5,28.1,43.0,42.1,30.0,2136.7521367521367
NE,2022,20.099999999999994,10.2,45.8,12.0,12.1,18.299999999999997,16.8,5.7,7.9,23.7,7.2,-74.0,3.7,12.8,6.099999999999994,11.7,61.3,5.1,2.3,9.4,25.2,41.9,37.1,28.0,2463.054187192118
NE,2023,19.900000000000006,8.8,45.8,12.0,12.9,17.299999999999997,11.5,6.1,8.0,23.7,7.2,-74.0,4.0,11.3,7.0,11.5,61.3,4.1,2.7,8.2,19.8,41.9,37.1,28.0,2487.5621890547263
NH,2018,15.299999999999997,10.6,16.700000000000003,3.0,5.7,25.900000000000006,12.0,3.4,6.8,18.2,0.0,-90.0,2.3,11.2,9.200000000000003,8.0,67.9,10.1,3.7,7.5,20.8,34.900000000000006,55.9,24.0,1564.9452269170579
NH,2019,13.400000000000006,11.4,24.025000000000006,3.9,5.7,18.400000000000006,12.0,3.4,6.4,18.2,0.0,-90.0,2.3,11.2,9.200000000000003,8.1,67.9,8.8,3.0,9.4,20.8,34.900000000000006,55.45,24.700000000000003,1564.9452269170579
NH,2020,21.200000000000003,9.15,31.349999999999994,3.9,6.2,21.400000000000006,11.7,3.8,6.8,18.2,0.0,-90.0,2.8,12.2,9.700000000000003,7.85,67.9,7.6,3.3,8.45,21.7,34.900000000000006,55.0,26.599999999999994,1515.1515151515152
NH,2021,19.700000000000003,6.9,38.675,3.9,6.2,24.400000000000006,11.4,3.7,7.0,18.2,0.0,-90.5,2.5,11.966666666666669,8.23333333333332,7.6,92.4,6.0,3.6,7.5,21.0,33.400000000000006,47.0,26.599999999999994,1499.2503748125937
NH,2022,17.700000000000003,7.7,46.0,3.9,6.2,24.700000000000003,11.5,3.2,6.7,18.2,0.0,-91.0,2.0,11.733333333333333,6.76666666666668,8.0,79.6,4.6,2.5,6.2,20.3,34.5,49.7,26.599999999999994,1540.8320493066255
NH,2023,15.799999999999997,7.7,46.0,3.9,7.4,24.299999999999997,11.6,3.2,6.8,19.9,0.0,-91.0,2.0,11.5,5.299999999999997,8.3,79.6,3.5,2.6,7.0,19.6,34.5,49.7,27.400000000000006,1453.4883720930234
NJ,2018,26.5,13.1,21.700000000000003,22.6,8.4,21.400000000000006,10.7,4.0,7.9,26.0,0.0,-80.0,2.7,11.2,10.5,9.6,81.3,3.2,5.0,10.9,25.4,33.8,44.8,26.299999999999997,2024.2914979757086
NJ,2019,25.900000000000006,11.766666666666666,28.674999999999997,22.6,8.4,19.900000000000006,12.6,4.0,7.9,26.0,0.0,-81.0,2.7,10.4,10.5,9.4,80.7,2.8,4.7,11.4,25.6,33.8,48.349999999999994,26.299999999999997,2024.2914979757086
NJ,2020,27.5,10.433333333333334,35.650000000000006,22.6,8.8,19.150000000000006,12.7,3.8,7.7,26.0,0.0,-82.0,2.7,12.3,15.099999999999994,9.95,88.4,2.5,6.4,10.9,23.5,35.599999999999994,51.9,26.299999999999997,1953.125
NJ,2021,26.099999999999994,9.1,42.625,22.6,8.8,18.400000000000006,12.3,3.8,7.7,26.0,0.0,-83.5,2.5,10.6,9.599999999999994,10.5,91.5,1.9,8.1,10.4,20.7,35.599999999999994,50.6,26.799999999999997,1915.7088122605362
NJ,2022,27.099999999999994,10.7,49.6,22.6,8.8,17.0,12.7,3.6,7.8,26.0,0.0,-85.0,2.5,9.0,10.099999999999994,10.4,84.6,1.4,5.0,10.0,20.8,35.599999999999994,48.3,27.0,2197.802197802198
NJ,2023,26.5,10.8,49.6,22.9,9.8,17.400000000000006,12.1,3.6,7.8,23.9,0.0,-85.0,2.5,8.3,7.599999999999994,10.2,84.6,1.1,4.7,9.7,23.9,38.5,48.3,27.0,2164.5021645021643
NM,2018,31.0,13.0,20.700000000000003,47.0,13.4,16.599999999999994,12.0,5.7,9.0,28.0,3.0,-82.0,4.0,15.3,12.5,19.0,74.0,5.8,6.3,13.5,31.1,44.6,58.6,31.799999999999997,1483.6795252225518
NM,2019,34.599999999999994,13.9,27.950000000000003,46.6,13.4,22.599999999999994,12.5,5.5,9.3,28.0,3.0,-82.0,3.7,14.1,12.5,17.1,80.0,5.3,5.5,13.8,26.7,44.6,59.85,34.400000000000006,1483.6795252225518
NM,2020,34.2,11.2,35.2,46.6,13.4,19.099999999999994,12.3,5.5,8.9,28.0,3.0,-82.0,3.7,14.4,13.799999999999997,17.450000000000003,96.1,5.0,6.65,13.65,31.5,41.6,61.1,34.400000000000006,1453.4883720930234
NM,2021,32.2,8.5,42.45,46.6,12.9,15.599999999999994,12.2,5.3,9.4,28.0,3.0,-85.0,3.1,12.4,12.200000000000003,17.8,100.8,4.3,7.8,13.5,26.5,41.6,66.9,38.5,1434.7202295552368
NM,2022,34.3,10.1,49.7,46.6,12.9,14.5,14.7,5.3,9.9,28.0,3.0,-88.0,3.1,12.4,12.799999999999997,17.2,112.8,3.7,4.8,10.9,25.9,41.6,63.0,37.5,1510.5740181268882
NM,2023,32.7,10.7,49.7,46.6,12.9,17.599999999999994,13.8,5.2,9.7,28.5,3.0,-88.0,3.1,13.7,11.900000000000006,17.2,112.8,3.2,4.8,12.2,25.9,39.9,63.0,37.5,1510.5740181268882
NV,2018,25.799999999999997,14.5,19.900000000000006,33.8,11.9,14.400000000000006,15.0,5.9,8.7,20.4,3.4,-77.0,3.5,11.6,15.400000000000006,12.9,65.2,4.2,5.6,15.9,52.0,44.9,48.9,34.900000000000006,2770.083102493075
NV,2019,26.400000000000006,15.1,28.875,33.8,11.9,12.799999999999997,14.2,5.9,8.8,20.4,3.4,-74.5,3.1,11.6,15.400000000000006,12.6,84.4,3.5,5.1,15.9,52.0,44.9,50.75,36.5,2770.083102493075
NV,2020,23.700000000000003,13.9,37.85,33.8,11.9,13.699999999999989,13.5,5.2,9.0,20.4,3.4,-72.0,3.1,11.6,15.400000000000006,13.2,89.1,3.6,7.399999999999999,15.85,52.0,43.8,52.6,35.8,2666.6666666666665
NV,2021,25.200000000000003,12.7,46.825,33.8,12.5,14.599999999999994,13.1,5.2,9.7,20.4,3.4,-75.5,3.1,11.6,15.400000000000006,13.8,89.1,3.3,9.7,15.8,52.0,43.8,52.7,35.8,2673.7967914438505
NV,2022,26.700000000000003,15.0,55.8,33.8,12.5,13.400000000000006,15.0,5.2,9.3,20.4,3.4,-79.0,3.0,11.6,15.400000000000006,12.4,89.1,2.7,5.5,14.6,52.0,43.8,54.3,36.5,2873.5632183908046
NV,2023,26.700000000000003,15.2,55.8,33.6,12.5,14.700000000000003,14.0,5.2,9.5,22.7,3.4,-79.0,3.0,11.6,15.400000000000006,11.9,89.1,2.3,4.6,15.2,52.0,41.1,54.3,36.8,2840.9090909090905
NY,2018,23.700000000000003,11.0,21.299999999999997,30.6,10.5,13.0,15.3,4.3,8.1,22.4,0.2,-82.0,2.9,15.5,11.700000000000003,13.6,88.5,4.3,5.1,7.2,25.4,42.9,42.2,21.0,1730.1038062283737
NY,2019,23.0,11.5,29.950000000000003,30.6,10.5,14.5,14.7,4.2,8.1,22.4,0.2,-82.5,2.8,12.9,9.400000000000006,13.3,92.2,4.0,4.4,6.8,24.0,42.9,45.95,21.700000000000003,1730.1038062283737
NY,2020,24.799999999999997,9.75,38.599999999999994,30.6,11.3,13.150000000000006,12.6,4.2,8.2,22.4,0.2,-83.0,2.8,10.1,13.900000000000006,13.75,112.1,3.7,6.55,6.6,22.2,43.1,49.7,21.700000000000003,1663.8935108153078
NY,2021,23.599999999999994,8.0,47.25,30.6,11.3,11.799999999999997,15.0,4.2,8.4,22.4,0.2,-84.0,2.6,11.05,11.349999999999994,14.2,118.7,3.0,8.7,6.4,23.8,43.1,48.0,22.900000000000006,1628.6644951140065
NY,2022,24.299999999999997,9.8,55.9,30.6,11.3,12.5,16.2,4.2,8.6,22.4,0.2,-85.0,2.6,12.0,8.799999999999997,14.6,123.9,2.4,5.1,6.1,25.4,43.1,41.9,23.200000000000003,1841.620626151013
NY,2023,24.299999999999997,9.7,55.9,31.2,12.3,12.700000000000003,17.9,4.1,8.6,21.8,0.2,-85.0,2.6,11.0,8.700000000000003,14.5,123.9,2.0,5.0,6.1,25.4,45.8,41.9,23.200000000000003,1798.5611510791366
OH,2018,22.700000000000003,10.2,19.599999999999994,24.4,11.6,20.700000000000003,10.9,6.9,8.5,24.5,2.9,-78.0,4.6,9.7,10.099999999999994,13.7,77.8,13.2,5.0,8.5,21.8,38.7,49.9,26.0,2288.329519450801
OH,2019,21.799999999999997,12.1,26.099999999999994,24.4,11.6,20.900000000000006,11.0,6.9,8.6,24.5,2.9,-81.0,4.6,9.7,10.099999999999994,12.9,78.4,11.8,4.6,8.9,21.8,38.7,55.15,26.0,2288.329519450801
OH,2020,22.099999999999994,10.15,32.599999999999994,24.4,11.6,20.150000000000006,10.4,6.9,8.5,24.5,2.9,-84.0,4.6,9.7,10.099999999999994,13.2,84.9,11.5,5.0,8.65,21.8,41.0,60.4,26.400000000000006,2173.913043478261
OH,2021,20.099999999999994,8.2,39.1,24.4,12.8,19.400000000000006,10.3,6.9,8.7,24.5,2.9,-84.0,4.7,9.7,10.099999999999994,13.5,95.7,9.4,5.4,8.4,21.8,41.0,62.8,26.200000000000003,2100.8403361344535
OH,2022,20.5,9.8,45.6,24.4,12.8,19.099999999999994,10.0,7.1,8.7,24.5,2.9,-84.0,4.7,9.7,10.099999999999994,13.7,95.2,7.8,3.7,7.0,21.8,41.0,60.5,24.700000000000003,2257.3363431151242
OH,2023,20.5,9.5,45.6,23.9,12.8,17.200000000000003,10.6,7.1,8.7,25.4,2.9,-84.0,4.7,9.7,10.099999999999994,13.6,95.2,6.5,4.0,7.9,21.8,42.4,60.5,24.700000000000003,2178.649237472767
OK,2018,23.5,14.9,20.900000000000006,27.0,14.6,24.799999999999997,11.4,7.0,8.3,29.6,13.5,-75.0,4.3,16.1,12.0,15.0,73.0,10.6,4.5,21.7,34.0,46.1,45.2,30.0,2770.083102493075
OK,2019,21.900000000000006,16.2,27.60000000000001,27.7,14.6,26.700000000000003,11.7,7.0,8.2,29.6,13.5,-77.0,4.3,16.1,12.0,14.8,68.8,9.7,4.4,21.6,34.0,46.1,49.25,29.299999999999997,2770.083102493075
OK,2020,24.099999999999994,15.25,34.30000000000001,27.7,14.6,24.599999999999994,11.4,6.5,8.4,29.6,13.5,-79.0,4.0,16.1,12.0,15.05,77.2,9.3,5.15,21.05,34.0,46.1,53.3,29.299999999999997,2762.430939226519
OK,2021,22.099999999999994,14.3,41.0,27.7,15.4,22.5,11.0,7.0,8.8,29.6,13.5,-82.0,4.5,16.1,12.0,15.3,86.6,7.7,5.9,20.5,34.0,47.3,50.3,29.799999999999997,2710.027100271003
OK,2022,22.5,14.7,47.7,27.7,15.4,20.799999999999997,13.7,7.0,8.5,29.6,13.5,-85.0,4.4,14.0,12.549999999999997,15.8,75.8,6.6,4.2,16.3,34.0,46.6,50.1,29.799999999999997,3021.1480362537764
OK,2023,21.400000000000006,13.3,47.7,27.7,15.4,22.0,10.3,7.0,8.6,27.3,13.5,-85.0,4.4,11.9,13.099999999999994,16.1,75.8,5.5,4.6,16.1,34.0,46.6,50.1,29.099999999999994,2923.9766081871344
OR,2018,19.799999999999997,12.6,20.799999999999997,17.0,9.2,15.599999999999994,16.4,4.5,6.7,16.6,0.1,-85.0,2.9,12.7,6.799999999999997,11.9,67.0,8.4,5.1,10.1,23.2,32.400000000000006,39.8,28.599999999999994,1490.312965722802
OR,2019,19.200000000000003,13.5,27.325000000000003,18.2,10.3,20.099999999999994,15.7,4.5,6.7,16.6,0.1,-86.0,3.0,12.7,6.799999999999997,11.4,72.2,7.5,5.0,9.3,23.2,32.400000000000006,42.05,28.599999999999994,1490.312965722802
OR,2020,23.299999999999997,10.95,33.849999999999994,18.2,11.2,18.150000000000006,15.6,4.5,6.5,16.6,0.1,-87.0,3.0,15.7,8.099999999999994,11.7,63.9,6.8,5.7,8.55,25.0,27.900000000000006,44.3,27.5,1424.5014245014245
OR,2021,22.400000000000006,8.4,40.375,18.2,11.2,16.200000000000003,11.4,4.1,6.9,16.6,0.1,-87.0,2.9,12.5,9.200000000000003,12.0,89.9,5.6,6.4,7.8,18.2,27.900000000000006,39.2,30.900000000000006,1398.6013986013986
OR,2022,22.200000000000003,9.1,46.9,18.2,11.2,14.200000000000003,15.6,4.6,7.1,16.6,0.1,-87.0,2.9,13.25,9.150000000000006,12.0,79.6,4.4,4.3,7.4,17.25,27.900000000000006,38.5,29.200000000000003,1451.3788098693758
OR,2023,21.200000000000003,10.2,46.9,18.2,12.8,14.900000000000006,14.6,4.6,7.2,18.5,0.1,-87.0,3.1,14.0,9.099999999999994,12.2,79.6,3.4,4.1,6.6,16.3,27.299999999999997,38.5,29.200000000000003,1412.4293785310736
PA,2018,24.0,9.4,22.099999999999994,23.1,9.9,18.900000000000006,12.3,5.9,8.3,17.5,0.4,-78.0,4.2,14.7,12.400000000000006,12.1,77.0,10.4,5.0,7.6,30.5,37.6,47.4,23.599999999999994,1912.0458891013386
PA,2019,23.099999999999994,10.0,27.89999999999999,23.1,9.9,20.599999999999994,11.9,5.8,8.4,17.7,0.4,-79.0,4.0,11.6,10.599999999999994,11.9,87.8,9.5,4.5,7.6,31.6,37.6,53.2,23.599999999999994,1912.0458891013386
PA,2020,25.700000000000003,8.35,33.69999999999999,23.1,10.1,19.849999999999994,12.1,5.8,8.3,17.7,0.4,-80.0,4.0,12.9,12.799999999999997,12.05,89.5,8.7,5.45,7.199999999999999,25.9,37.6,59.0,25.200000000000003,1855.287569573284
PA,2021,25.0,6.7,39.5,23.1,10.1,19.099999999999994,11.6,5.5,8.3,17.7,0.4,-81.0,3.8,11.6,9.299999999999997,12.2,108.3,7.3,6.4,6.8,26.0,34.900000000000006,60.4,24.900000000000006,1818.1818181818182
PA,2022,25.200000000000003,8.6,45.3,23.1,10.1,18.0,11.3,5.6,8.5,17.7,0.4,-82.0,3.8,12.4,10.599999999999994,12.5,104.5,6.0,4.3,6.8,22.4,35.099999999999994,60.1,21.200000000000003,2004.0080160320642
PA,2023,25.5,8.6,45.3,22.8,10.8,19.400000000000006,10.5,5.6,8.4,17.7,0.4,-82.0,3.8,10.7,8.799999999999997,12.5,104.5,5.1,4.2,7.2,20.1,35.099999999999994,60.1,21.200000000000003,1996.007984031936
RI,2018,22.099999999999994,10.5,17.0,26.0,8.2,17.5,13.3,5.4,7.6,19.7,0.0,-96.0,4.1,12.3,4.5,13.6,85.3,5.5,5.7,5.7,25.4,41.0,41.6,18.900000000000006,1564.9452269170579
RI,2019,9.0,8.6,25.075000000000003,26.0,8.4,14.799999999999997,10.7,4.9,7.8,19.7,0.0,-96.0,3.5,11.5,5.799999999999997,11.9,111.3,4.8,4.2,6.1,28.7,41.0,43.3,18.900000000000006,1564.9452269170579
RI,2020,11.400000000000006,7.75,33.150000000000006,26.0,8.6,14.449999999999989,10.6,4.9,7.7,19.7,0.0,-96.0,3.5,10.333333333333334,5.066666666666663,12.0,86.6,4.2,5.95,5.949999999999999,27.7,39.6,45.0,20.5,1430.6151645207437
RI,2021,12.700000000000003,6.9,41.224999999999994,26.0,8.6,14.099999999999994,12.6,4.1,7.9,19.7,0.0,-96.0,3.2,9.166666666666666,4.333333333333314,12.1,114.8,3.4,7.7,5.8,26.7,39.6,47.1,20.5,1385.0415512465374
RI,2022,13.5,7.8,49.3,26.0,8.6,16.900000000000006,12.4,4.3,7.9,19.7,0.0,-96.0,3.2,8.0,3.5999999999999943,12.1,107.8,2.5,4.5,4.4,25.7,39.6,45.3,21.099999999999994,1655.6291390728477
RI,2023,16.099999999999994,8.3,49.3,27.8,9.7,10.700000000000003,12.9,4.3,7.7,19.7,0.0,-96.0,2.8,11.8,2.9000000000000057,12.2,107.8,1.6,4.8,5.1,19.6,37.8,45.3,21.400000000000006,1605.1364365971108
SC,2018,22.799999999999997,15.8,17.5,28.5,11.2,20.400000000000006,8.7,7.0,9.6,32.3,2.5,-77.0,4.7,10.5,11.400000000000006,14.9,79.6,8.2,5.4,14.6,37.0,43.9,57.2,25.799999999999997,2433.0900243309
SC,2019,21.200000000000003,14.9,25.5,28.5,12.6,23.5,11.2,7.0,9.8,32.3,2.5,-79.5,4.5,10.5,11.400000000000006,14.0,72.5,7.4,4.7,15.8,37.0,43.9,61.1,26.400000000000006,2433.0900243309
SC,2020,21.599999999999994,13.3,33.5,28.5,12.6,22.849999999999994,11.1,7.0,9.8,32.3,2.5,-82.0,4.6,10.5,11.400000000000006,14.2,75.3,6.5,5.15,15.0,37.0,45.8,65.0,27.5,2352.9411764705883
SC,2021,23.299999999999997,11.7,41.5,28.5,12.6,22.200000000000003,12.6,7.0,10.0,32.3,2.5,-81.0,4.6,10.5,11.400000000000006,14.4,99.3,5.3,5.6,14.2,37.0,45.8,59.8,27.5,2304.147465437788
SC,2022,22.5,12.8,49.5,28.5,14.4,21.700000000000003,11.5,7.0,10.0,32.3,2.5,-80.0,4.6,10.5,11.400000000000006,14.1,87.1,4.3,4.4,12.8,37.0,45.8,58.3,28.700000000000003,2463.054187192118
SC,2023,20.5,12.8,49.5,27.0,14.4,19.5,9.2,6.9,10.0,31.5,2.5,-80.0,4.4,10.5,11.400000000000006,14.3,87.1,3.2,4.3,12.9,37.0,46.2,58.3,28.799999999999997,2457.002457002457
SD,2018,24.099999999999994,10.5,27.900000000000006,12.9,9.1,22.0,7.5,6.4,6.6,28.1,16.3,-73.0,3.5,13.0,10.599999999999994,11.3,57.1,11.8,3.1,13.8,27.6,44.8,42.5,25.900000000000006,2403.846153846154
SD,2019,24.0,9.8,32.47500000000001,12.9,9.1,24.799999999999997,7.85,6.4,7.0,28.1,16.3,-75.0,4.0,12.6,10.400000000000006,10.6,52.5,10.8,3.0,15.4,29.1,44.8,46.75,26.299999999999997,2403.846153846154
SD,2020,26.200000000000003,8.8,37.05,12.9,9.1,22.599999999999994,8.2,6.7,6.9,28.1,16.3,-77.0,4.0,12.6,12.599999999999994,10.95,44.5,10.2,2.9,15.05,30.5,44.0,51.0,26.299999999999997,2392.3444976076557
SD,2021,24.5,7.8,41.625,12.9,9.0,20.400000000000006,8.0,6.7,7.1,28.1,16.3,-75.0,3.7,11.1,9.099999999999994,11.3,66.3,9.2,2.8,14.7,24.4,44.0,44.7,26.099999999999994,2380.9523809523807
SD,2022,23.299999999999997,7.6,46.2,12.9,9.0,19.900000000000006,7.8,6.9,7.1,28.1,16.3,-73.0,3.7,11.0,9.900000000000006,12.0,43.6,7.4,2.8,10.3,25.0,44.0,40.6,26.099999999999994,2487.5621890547263
SD,2023,23.5,10.3,46.2,10.6,9.0,19.5,7.8,7.1,7.2,23.1,16.3,-73.0,4.1,13.0,10.700000000000003,11.6,43.6,6.3,2.6,11.3,25.0,43.8,40.6,26.700000000000003,2421.3075060532688
TN,2018,25.0,15.8,17.400000000000006,25.3,12.5,19.900000000000006,11.3,6.9,9.3,41.1,6.4,-72.0,4.5,15.5,11.700000000000003,14.7,79.4,12.2,5.6,13.4,38.3,42.0,58.9,24.700000000000003,2469.135802469136
TN,2019,25.5,14.9,25.875,25.3,12.5,19.400000000000006,11.5,6.7,9.2,41.1,6.4,-71.0,4.2,15.5,11.700000000000003,13.6,73.1,11.5,4.5,13.8,38.3,42.0,62.25,24.700000000000003,2469.135802469136
TN,2020,27.0,13.2,34.349999999999994,25.3,12.5,19.05000000000001,13.1,6.7,8.9,41.1,6.4,-70.0,4.2,15.3,11.299999999999997,13.7,88.6,10.9,4.9,13.55,41.0,44.5,65.6,27.799999999999997,2392.3444976076557
TN,2021,26.0,11.5,42.825,25.3,11.7,18.700000000000003,12.5,6.4,9.3,41.1,6.4,-71.0,3.5,13.0,11.299999999999997,13.8,96.8,9.1,5.3,13.3,34.6,44.5,61.0,27.0,2369.6682464454975
TN,2022,25.700000000000003,12.6,51.3,25.3,11.7,18.599999999999994,12.0,6.6,9.0,41.1,6.4,-72.0,3.6,12.75,9.349999999999994,13.5,88.0,7.3,3.4,12.5,34.6,44.5,58.4,26.799999999999997,2577.319587628866
TN,2023,26.299999999999997,14.9,51.3,24.3,11.7,17.700000000000003,12.0,6.6,9.1,42.1,6.4,-72.0,3.6,12.5,7.400000000000006,14.2,88.0,6.0,4.0,12.6,34.6,45.3,58.4,26.799999999999997,2475.2475247524753
TX,2018,29.599999999999994,16.8,22.700000000000003,36.1,13.3,19.700000000000003,11.2,5.5,8.5,28.2,3.7,-77.0,3.6,12.8,13.5,14.0,66.2,2.7,5.0,26.2,53.0,43.8,50.1,32.7,2518.8916876574303
TX,2019,29.299999999999997,18.8,30.299999999999997,36.1,13.7,20.599999999999994,11.6,5.5,8.4,28.2,3.7,-78.0,3.6,12.8,13.5,13.1,72.4,2.4,4.4,26.3,53.0,43.8,52.0,32.900000000000006,2518.8916876574303
TX,2020,29.799999999999997,17.35,37.9,36.1,15.5,20.0,11.6,5.4,8.2,28.2,3.7,-79.0,3.6,12.8,13.5,13.4,79.5,2.1,5.300000000000001,25.950000000000003,53.0,44.5,53.9,32.900000000000006,2463.054187192118
TX,2021,28.900000000000006,15.9,45.5,36.1,15.5,19.400000000000006,11.7,5.5,8.6,28.2,3.7,-79.5,3.6,12.8,13.5,13.7,92.5,1.7,6.2,25.6,53.0,44.5,55.1,34.599999999999994,2433.0900243309
TX,2022,30.299999999999997,16.8,53.1,36.1,15.5,19.900000000000006,12.0,5.8,8.7,28.2,3.7,-80.0,3.8,12.8,13.5,13.7,79.8,1.3,4.4,23.0,53.0,44.5,51.6,33.8,2624.6719160104985
TX,2023,31.200000000000003,18.3,53.1,35.6,16.9,18.200000000000003,10.1,5.8,8.6,29.3,3.7,-80.0,3.8,12.8,13.5,13.3,79.8,1.0,4.4,22.6,53.0,47.5,51.6,33.8,2583.9793281653747
UT,2018,15.299999999999997,13.0,27.599999999999994,7.2,10.0,26.700000000000003,12.3,5.4,7.2,15.5,0.7,-73.0,4.1,14.7,8.599999999999994,9.1,47.3,2.8,3.2,12.2,24.5,39.4,56.5,33.2,1956.9471624266143
UT,2019,15.5,14.3,33.44999999999999,7.2,11.2,30.200000000000003,12.0,5.4,7.4,15.5,0.7,-75.0,4.0,15.2,8.0,9.1,53.7,2.6,3.2,12.4,22.1,39.4,60.9,33.2,1956.9471624266143
UT,2020,17.400000000000006,12.4,39.3,7.2,10.7,28.599999999999994,10.4,5.4,7.0,15.5,0.7,-77.0,4.0,15.1,11.099999999999994,9.3,59.0,2.2,3.35,11.6,21.5,39.4,65.3,32.8,1851.851851851852
UT,2021,15.700000000000003,10.5,45.15,7.2,10.7,27.0,12.1,5.0,7.4,15.5,0.7,-77.0,3.5,16.5,9.299999999999997,9.5,72.0,1.9,3.5,10.8,22.3,41.8,63.6,33.900000000000006,1834.8623853211009
UT,2022,18.0,11.8,51.0,7.2,10.7,26.900000000000006,11.7,5.1,7.6,15.5,0.7,-77.0,3.7,15.3,9.0,8.5,60.1,1.6,2.7,9.7,21.0,40.1,60.0,32.8,1968.5039370078741
UT,2023,19.200000000000003,11.6,51.0,6.6,11.8,27.400000000000006,10.9,5.1,7.4,16.1,0.7,-77.0,3.7,15.7,7.799999999999997,9.2,60.1,1.3,3.3,9.1,19.5,40.1,60.0,32.8,1919.3857965451054
VA,2018,20.799999999999997,13.0,16.200000000000003,14.8,8.5,21.700000000000003,13.4,5.7,8.2,32.7,6.9,-81.0,3.8,13.5,9.799999999999997,10.5,69.2,5.5,4.3,11.9,29.9,35.5,55.0,24.0,2237.1364653243845
VA,2019,20.299999999999997,12.0,24.400000000000006,14.8,8.5,20.400000000000006,13.7,5.8,8.4,32.7,6.9,-81.5,3.9,14.6,8.900000000000006,9.8,66.9,5.2,4.0,10.6,31.2,35.5,56.0,24.0,2237.1364653243845
VA,2020,21.900000000000006,9.95,32.599999999999994,14.8,9.3,20.400000000000006,13.3,5.8,8.3,32.7,6.9,-82.0,3.9,11.8,12.900000000000006,10.1,73.8,5.0,4.4,9.8,29.1,35.5,57.0,25.5,2169.1973969631235
VA,2021,20.700000000000003,7.9,40.8,14.8,9.3,20.400000000000006,11.9,5.9,8.3,32.7,6.9,-81.5,3.9,11.4,8.0,10.4,82.1,4.1,4.8,9.0,22.6,37.6,51.7,27.200000000000003,2123.1422505307855
VA,2022,20.200000000000003,9.6,49.0,14.8,9.3,20.400000000000006,12.8,6.0,8.4,32.7,6.9,-81.0,4.0,14.0,8.299999999999997,11.2,83.8,3.3,3.6,8.6,23.9,36.9,51.1,25.200000000000003,2257.3363431151242
VA,2023,20.5,9.2,49.0,15.3,10.0,19.599999999999994,12.2,6.0,8.4,33.4,6.9,-81.0,4.0,13.1,8.700000000000003,10.7,83.8,2.7,3.7,8.7,39.2,36.9,51.1,25.200000000000003,2207.505518763797
WA,2018,25.299999999999997,11.0,23.799999999999997,16.2,8.8,21.200000000000003,15.4,4.5,6.6,18.0,1.1,-85.0,3.0,11.4,7.599999999999994,9.8,66.8,6.0,4.4,9.1,26.5,33.3,45.1,30.5,1901.1406844106464
WA,2019,27.0,11.5,29.775000000000006,16.2,8.8,22.299999999999997,15.3,4.5,6.4,17.3,1.1,-85.0,3.0,12.9,9.799999999999997,9.5,68.2,5.4,4.6,9.5,24.7,33.3,48.75,30.5,1901.1406844106464
WA,2020,29.700000000000003,9.9,35.75,16.2,8.8,22.5,15.0,4.4,6.7,17.3,1.1,-85.0,2.9,12.2,9.299999999999997,9.7,77.9,4.9,5.25,9.15,20.5,34.400000000000006,52.4,32.099999999999994,1814.8820326678765
WA,2021,28.700000000000003,8.3,41.725,16.2,9.5,22.700000000000003,16.1,4.4,7.0,17.3,1.1,-85.5,2.9,11.6,7.299999999999997,9.9,102.8,4.0,5.9,8.8,23.7,34.400000000000006,50.7,33.8,1763.668430335097
WA,2022,29.200000000000003,9.7,47.7,16.2,9.5,19.299999999999997,17.0,4.7,7.0,17.3,1.1,-86.0,3.0,11.8,9.0,10.1,100.5,3.2,4.1,8.1,22.0,34.400000000000006,47.6,31.599999999999994,1848.4288354898335
WA,2023,28.900000000000006,9.7,47.7,16.2,9.5,21.099999999999994,13.4,4.7,7.0,17.3,1.1,-86.0,3.0,9.5,9.0,10.4,100.5,2.7,4.5,8.2,20.2,35.099999999999994,47.6,31.599999999999994,1808.3182640144666
WI,2018,15.5,9.9,13.200000000000003,12.8,9.7,20.299999999999997,13.6,6.0,7.7,13.2,2.7,-80.0,3.9,10.5,9.099999999999994,11.0,62.3,10.1,3.2,7.9,28.7,30.900000000000006,44.8,24.0,2202.6431718061676
WI,2019,16.299999999999997,10.6,19.599999999999994,12.6,9.9,19.0,13.4,5.9,7.6,13.2,2.7,-80.0,3.9,13.8,9.299999999999997,10.2,65.4,8.9,3.2,7.8,26.7,30.900000000000006,47.849999999999994,24.0,2202.6431718061676
WI,2020,18.900000000000006,8.75,26.0,12.6,9.9,19.299999999999997,13.1,5.9,7.7,13.2,2.7,-80.0,3.9,13.8,11.400000000000006,10.6,79.3,8.3,3.35,7.449999999999999,24.4,32.7,50.9,27.400000000000006,2087.6826722338205
WI,2021,18.200000000000003,6.9,32.400000000000006,12.6,9.9,19.599999999999994,12.7,5.7,7.7,13.2,2.7,-81.0,3.9,12.0,7.400000000000006,11.0,77.4,6.9,3.5,7.1,18.8,32.7,48.5,27.400000000000006,2074.688796680498
WI,2022,18.0,7.9,38.8,12.6,10.7,19.0,12.8,5.8,8.0,13.2,2.7,-82.0,3.6,9.2,6.400000000000006,11.2,76.0,5.3,2.8,6.5,24.7,32.7,46.3,26.299999999999997,2212.389380530973
WI,2023,17.799999999999997,8.4,38.8,12.6,10.7,17.099999999999994,12.1,5.8,7.8,16.4,2.7,-82.0,3.6,12.9,8.599999999999994,11.1,76.0,4.2,2.8,6.2,20.9,33.400000000000006,46.3,26.299999999999997,2145.9227467811156
WV,2018,21.799999999999997,14.9,15.299999999999997,30.1,15.1,29.400000000000006,11.6,6.5,9.4,23.9,18.6,-76.0,4.1,19.4,12.799999999999997,17.4,85.5,23.9,6.1,9.4,28.8,49.9,50.5,23.599999999999994,2493.7655860349128
WV,2019,20.400000000000006,13.4,23.224999999999994,30.1,14.0,23.799999999999997,10.6,6.5,9.8,23.9,18.6,-78.0,4.1,17.7,11.949999999999989,16.7,83.7,23.0,6.0,8.5,25.4,49.9,52.25,23.599999999999994,2493.7655860349128
WV,2020,24.0,11.8,31.150000000000006,30.1,14.2,23.349999999999994,11.9,6.7,9.3,23.9,18.6,-80.0,4.3,16.0,11.099999999999994,17.15,98.8,21.4,6.1,8.55,22.0,49.9,54.0,23.099999999999994,2421.3075060532688
WV,2021,22.799999999999997,10.2,39.075,30.1,14.2,22.900000000000006,10.2,7.1,9.8,23.9,18.6,-80.5,4.5,11.5,6.200000000000003,17.6,95.3,18.2,6.2,8.6,17.7,52.7,47.9,24.0,2369.6682464454975
WV,2022,19.799999999999997,10.3,47.0,30.1,14.2,22.599999999999994,12.3,6.5,10.0,23.9,18.6,-81.0,4.2,12.1,8.099999999999994,18.0,87.8,15.3,4.7,7.1,17.7,51.0,41.2,23.900000000000006,2518.8916876574303
WV,2023,17.900000000000006,12.5,47.0,28.1,13.7,21.900000000000006,8.8,6.5,9.8,24.4,18.6,-81.0,4.2,12.7,10.0,17.2,87.8,12.3,4.5,8.6,17.7,51.0,41.2,23.900000000000006,2439.0243902439024
WY,2018,28.200000000000003,13.2,20.799999999999997,6.2,11.5,30.900000000000006,12.0,6.3,9.4,35.5,5.5,-76.0,3.8,15.7,7.0,11.0,52.4,13.4,4.0,15.5,31.4,41.2,48.5,35.3,2242.152466367713
WY,2019,27.0,13.5,27.5,6.2,11.5,36.6,10.1,6.2,9.8,35.5,5.5,-75.5,3.8,15.3,8.5,10.7,84.5,13.6,3.6,19.2,25.1,41.2,52.35,35.099999999999994,2242.152466367713
WY,2020,24.299999999999997,12.0,34.2,6.2,11.5,34.400000000000006,10.2,5.3,9.7,35.5,5.5,-75.0,3.6,14.8,9.900000000000006,11.25,40.3,12.5,3.65,17.55,29.8,42.7,56.2,35.099999999999994,2169.1973969631235
WY,2021,23.5,10.5,40.9,6.2,13.1,32.2,10.2,5.5,9.4,35.5,5.5,-75.0,3.6,17.4,6.700000000000003,11.8,74.1,9.8,3.7,15.9,26.4,42.7,57.3,34.2,2227.1714922049
WY,2022,25.200000000000003,11.8,47.6,6.2,13.1,22.099999999999994,10.2,5.5,9.5,35.5,5.5,-75.0,3.2,14.4,5.0,11.9,61.2,9.3,3.8,15.9,24.2,42.7,54.8,34.3,2127.659574468085
WY,2023,24.5,12.0,47.6,7.3,13.1,26.0,10.3,4.7,9.0,35.5,5.5,-75.0,3.2,11.4,7.400000000000006,11.6,61.2,7.3,3.2,14.6,24.2,43.6,54.8,34.3,2164.5021645021643
