,State,Start,End,LegalProtection,ConstProtection,LifeException,HealthException,FetalAnomalyException,LegalRestriction,TotalBan,BanException,GestLimit6,GestLimit7_14,GestLimit15_20,HeartbeatBan,MedBan,TeleBan,CriminalPenalty,CivilPenalty,LicensePenalty,ProviderPenalty,PatientPenalty,FundRestriction,FundLifeException,FundFetalAnomalyException,FundHealthException
0,Alabama,2018-12-01,2022-06-01,0,0,0,0,0,0,0,0,0,0,0,0,0,0,0,0,0,0,0,1,0,0,0
1,Alabama,2022-06-01,2022-06-23,0,0,0,0,0,1,0,1,0,0,0,0,1,0,1,1,1,1,0,1,0,0,0
2,Alabama,2022-06-23,2022-06-24,0,0,0,0,0,0,0,0,0,0,0,0,0,0,0,0,0,0,0,1,0,0,0
3,Alabama,2022-06-24,2022-11-01,0,0,0,0,0,1,0,1,0,0,0,0,1,0,1,1,1,1,0,1,0,0,0
4,Alabama,2022-11-01,2023-06-01,0,0,0,0,0,1,0,1,0,0,0,0,1,0,1,1,1,1,0,0,0,0,0
5,Alaska,2018-12-01,2019-02-14,0,1,0,0,0,0,0,0,0,0,0,0,0,0,0,0,0,0,0,1,1,0,1
6,Alaska,2019-02-14,2019-02-15,0,1,0,0,0,0,0,0,0,0,0,0,0,0,0,0,0,0,0,0,0,0,0
7,Alaska,2019-02-15,2021-02-13,0,1,0,0,0,0,0,0,0,0,0,0,0,0,0,0,0,0,0,1,1,0,1
8,Alaska,2021-02-13,2021-02-14,0,1,0,0,0,0,0,0,0,0,0,0,0,0,0,0,0,0,0,0,0,0,0
9,Alaska,2021-02-14,2022-06-01,0,1,0,0,0,0,0,0,0,0,0,0,0,0,0,0,0,0,0,1,1,0,1
10,Alaska,2022-06-01,2022-06-30,0,1,0,0,0,1,0,0,0,0,0,0,1,0,1,0,0,0,0,1,1,0,1
11,Alaska,2022-06-30,2022-07-01,0,1,0,0,0,0,0,0,0,0,0,0,0,0,0,0,0,0,0,1,1,0,1
12,Alaska,2022-07-01,2022-07-13,0,1,0,0,0,1,0,0,0,0,0,0,1,0,1,0,0,0,0,1,1,0,1
13,Alaska,2022-07-13,2022-07-14,0,1,0,0,0,0,0,0,0,0,0,0,0,0,0,0,0,0,0,1,1,0,1
14,Alaska,2022-07-14,2022-11-01,0,1,0,0,0,1,0,0,0,0,0,0,1,0,1,0,0,0,0,1,1,0,1
15,Alaska,2022-11-01,2023-06-01,0,0,0,0,0,1,0,0,0,0,0,0,1,0,1,0,0,0,0,0,0,0,0
16,Arizona,2018-12-01,2022-06-01,0,0,0,0,0,0,0,0,0,0,0,0,0,0,0,0,0,0,0,1,1,0,0
17,Arizona,2022-06-01,2022-06-29,0,0,0,0,0,1,0,1,0,0,1,0,1,1,1,1,1,1,0,1,1,0,0
18,Arizona,2022-06-29,2022-06-30,0,0,0,0,0,0,0,0,0,0,0,0,0,0,0,0,0,0,0,1,1,0,0
19,Arizona,2022-06-30,2022-07-10,0,0,0,0,0,1,0,1,0,0,1,0,1,1,1,1,1,1,0,1,1,0,0
20,Arizona,2022-07-10,2022-07-11,0,0,0,0,0,0,0,0,0,0,0,0,0,0,0,0,0,0,0,1,1,0,0
21,Arizona,2022-07-11,2022-07-12,0,0,0,0,0,1,0,1,0,0,1,0,1,1,1,1,1,1,0,1,1,0,0
22,Arizona,2022-07-12,2022-07-13,0,0,0,0,0,0,0,0,0,0,0,0,0,0,0,0,0,0,0,1,1,0,0
23,Arizona,2022-07-13,2022-09-21,0,0,0,0,0,1,0,1,0,0,1,0,1,1,1,1,1,1,0,1,1,0,0
24,Arizona,2022-09-21,2022-09-22,0,0,0,0,0,0,0,0,0,0,0,0,0,0,0,0,0,0,0,1,1,0,0
25,Arizona,2022-09-22,2022-09-23,0,0,0,0,0,1,0,1,0,0,1,0,1,1,1,1,1,1,0,1,1,0,0
26,Arizona,2022-09-23,2022-09-24,0,0,0,0,0,0,0,0,0,0,0,0,0,0,0,0,0,0,0,1,1,0,0
27,Arizona,2022-09-24,2022-10-06,0,0,0,0,0,1,0,1,0,0,1,0,1,1,1,1,1,1,0,1,1,0,0
28,Arizona,2022-10-06,2022-10-07,0,0,0,0,0,0,0,0,0,0,0,0,0,0,0,0,0,0,0,1,1,0,0
29,Arizona,2022-10-07,2022-11-01,0,0,0,0,0,1,0,1,0,0,1,0,1,1,1,1,1,1,0,1,1,0,0
30,Arizona,2022-11-01,2022-12-29,0,0,0,0,0,1,0,1,0,0,1,0,1,1,1,1,1,1,0,0,0,0,0
31,Arizona,2022-12-29,2022-12-30,0,0,0,0,0,0,0,0,0,0,0,0,0,0,0,0,0,0,0,0,0,0,0
32,Arizona,2022-12-30,2023-01-18,0,0,0,0,0,1,0,1,0,0,1,0,1,1,1,1,1,1,0,0,0,0,0
33,Arizona,2023-01-18,2023-01-19,0,0,0,0,0,0,0,0,0,0,0,0,0,0,0,0,0,0,0,0,0,0,0
34,Arizona,2023-01-19,2023-06-01,0,0,0,0,0,1,0,1,0,0,1,0,1,1,1,1,1,1,0,0,0,0,0
35,Arkansas,2018-12-01,2021-07-27,0,0,0,0,0,0,0,0,0,0,0,0,0,0,0,0,0,0,0,1,1,0,0
36,Arkansas,2021-07-27,2021-07-28,0,0,0,0,0,0,0,0,0,0,0,0,0,0,0,0,0,0,0,0,0,0,0
37,Arkansas,2021-07-28,2021-07-31,0,0,0,0,0,0,0,0,0,0,0,0,0,0,0,0,0,0,0,1,1,0,0
38,Arkansas,2021-07-31,2021-08-01,0,0,0,0,0,0,0,0,0,0,0,0,0,0,0,0,0,0,0,0,0,0,0
39,Arkansas,2021-08-01,2022-01-31,0,0,0,0,0,0,0,0,0,0,0,0,0,0,0,0,0,0,0,1,1,0,0
40,Arkansas,2022-01-31,2022-02-01,0,0,0,0,0,0,0,0,0,0,0,0,0,0,0,0,0,0,0,0,0,0,0
41,Arkansas,2022-02-01,2022-06-01,0,0,0,0,0,0,0,0,0,0,0,0,0,0,0,0,0,0,0,1,1,0,0
42,Arkansas,2022-06-01,2022-06-23,0,0,0,0,0,1,1,1,0,0,1,1,1,1,1,1,1,1,0,1,1,0,0
43,Arkansas,2022-06-23,2022-06-24,0,0,0,0,0,0,0,0,0,0,0,0,0,0,0,0,0,0,0,1,1,0,0
44,Arkansas,2022-06-24,2022-06-29,0,0,0,0,0,1,1,1,0,0,1,1,1,1,1,1,1,1,0,1,1,0,0
45,Arkansas,2022-06-29,2022-06-30,0,0,0,0,0,0,0,0,0,0,0,0,0,0,0,0,0,0,0,1,1,0,0
46,Arkansas,2022-06-30,2022-07-01,0,0,0,0,0,0,0,0,0,0,0,0,0,0,0,0,0,0,0,1,1,0,0
47,Arkansas,2022-07-01,2022-07-02,0,0,0,0,0,1,1,1,0,0,1,1,1,1,1,1,1,1,0,1,1,0,0
48,Arkansas,2022-07-02,2022-07-03,0,0,0,0,0,0,0,0,0,0,0,0,0,0,0,0,0,0,0,1,1,0,0
49,Arkansas,2022-07-03,2022-07-11,0,0,0,0,0,1,1,1,0,0,1,1,1,1,1,1,1,1,0,1,1,0,0
50,Arkansas,2022-07-11,2022-07-12,0,0,0,0,0,0,0,0,0,0,0,0,0,0,0,0,0,0,0,1,1,0,0
51,Arkansas,2022-07-12,2022-07-25,0,0,0,0,0,1,1,1,0,0,1,1,1,1,1,1,1,1,0,1,1,0,0
52,Arkansas,2022-07-25,2022-07-26,0,0,0,0,0,0,0,0,0,0,0,0,0,0,0,0,0,0,0,1,1,0,0
53,Arkansas,2022-07-26,2022-08-07,0,0,0,0,0,1,1,1,0,0,1,1,1,1,1,1,1,1,0,1,1,0,0
54,Arkansas,2022-08-07,2022-08-08,0,0,0,0,0,0,0,0,0,0,0,0,0,0,0,0,0,0,0,1,1,0,0
55,Arkansas,2022-08-08,2022-09-18,0,0,0,0,0,1,1,1,0,0,1,1,1,1,1,1,1,1,0,1,1,0,0
56,Arkansas,2022-09-18,2022-09-19,0,0,0,0,0,0,0,0,0,0,0,0,0,0,0,0,0,0,0,1,1,0,0
57,Arkansas,2022-09-19,2022-11-01,0,0,0,0,0,1,1,1,0,0,1,1,1,1,1,1,1,1,0,1,1,0,0
58,Arkansas,2022-11-01,2023-02-02,0,0,0,0,0,1,1,1,0,0,1,1,1,1,1,1,1,1,0,0,0,0,0
59,Arkansas,2023-02-02,2023-02-03,0,0,0,0,0,0,0,0,0,0,0,0,0,0,0,0,0,0,0,0,0,0,0
60,Arkansas,2023-02-03,2023-06-01,0,0,0,0,0,1,1,1,0,0,1,1,1,1,1,1,1,1,0,0,0,0,0
61,California,2018-12-01,2020-12-31,0,1,1,1,0,0,0,0,0,0,0,0,0,0,0,0,0,0,0,1,0,0,0
62,California,2020-12-31,2021-01-01,0,0,0,0,0,0,0,0,0,0,0,0,0,0,0,0,0,0,0,1,0,0,0
63,California,2021-01-01,2022-06-01,0,1,1,1,0,0,0,0,0,0,0,0,0,0,0,0,0,0,0,1,0,0,0
64,California,2022-06-01,2022-06-23,1,1,1,1,0,0,0,0,0,0,0,0,0,0,0,0,0,0,0,1,0,0,0
65,California,2022-06-23,2022-06-24,0,1,1,1,0,0,0,0,0,0,0,0,0,0,0,0,0,0,0,1,0,0,0
66,California,2022-06-24,2022-06-26,1,1,1,1,0,0,0,0,0,0,0,0,0,0,0,0,0,0,0,1,0,0,0
67,California,2022-06-26,2022-06-27,0,1,1,1,0,0,0,0,0,0,0,0,0,0,0,0,0,0,0,1,0,0,0
68,California,2022-06-27,2022-06-29,1,1,1,1,0,0,0,0,0,0,0,0,0,0,0,0,0,0,0,1,0,0,0
69,California,2022-06-29,2022-06-30,0,1,1,1,0,0,0,0,0,0,0,0,0,0,0,0,0,0,0,1,0,0,0
70,California,2022-06-30,2022-09-25,1,1,1,1,0,0,0,0,0,0,0,0,0,0,0,0,0,0,0,1,0,0,0
71,California,2022-09-25,2022-09-26,0,1,1,1,0,0,0,0,0,0,0,0,0,0,0,0,0,0,0,1,0,0,0
72,California,2022-09-26,2022-09-27,0,0,0,0,0,0,0,0,0,0,0,0,0,0,0,0,0,0,0,1,0,0,0
73,California,2022-09-27,2022-09-28,1,1,1,1,0,0,0,0,0,0,0,0,0,0,0,0,0,0,0,1,0,0,0
74,California,2022-09-28,2022-09-29,0,1,1,1,0,0,0,0,0,0,0,0,0,0,0,0,0,0,0,1,0,0,0
75,California,2022-09-29,2022-11-01,1,1,1,1,0,0,0,0,0,0,0,0,0,0,0,0,0,0,0,1,0,0,0
76,California,2022-11-01,2022-11-07,1,0,0,0,0,0,0,0,0,0,0,0,0,0,0,0,0,0,0,0,0,0,0
77,California,2022-11-07,2022-11-08,0,0,0,0,0,0,0,0,0,0,0,0,0,0,0,0,0,0,0,0,0,0,0
78,California,2022-11-08,2022-12-20,1,0,0,0,0,0,0,0,0,0,0,0,0,0,0,0,0,0,0,0,0,0,0
79,California,2022-12-20,2022-12-21,0,0,0,0,0,0,0,0,0,0,0,0,0,0,0,0,0,0,0,0,0,0,0
80,California,2022-12-21,2022-12-31,1,0,0,0,0,0,0,0,0,0,0,0,0,0,0,0,0,0,0,0,0,0,0
81,California,2022-12-31,2023-01-01,0,0,0,0,0,0,0,0,0,0,0,0,0,0,0,0,0,0,0,0,0,0,0
82,California,2023-01-01,2023-06-01,1,0,0,0,0,0,0,0,0,0,0,0,0,0,0,0,0,0,0,0,0,0,0
83,Colorado,2018-12-01,2021-05-20,0,0,0,0,0,0,0,0,0,0,0,0,0,0,0,0,0,0,0,1,1,0,0
84,Colorado,2021-05-20,2021-05-21,0,0,0,0,0,0,0,0,0,0,0,0,0,0,0,0,0,0,0,0,0,0,0
85,Colorado,2021-05-21,2022-02-10,0,0,0,0,0,0,0,0,0,0,0,0,0,0,0,0,0,0,0,1,1,0,0
86,Colorado,2022-02-10,2022-02-11,0,0,0,0,0,0,0,0,0,0,0,0,0,0,0,0,0,0,0,0,0,0,0
87,Colorado,2022-02-11,2022-04-03,0,0,0,0,0,0,0,0,0,0,0,0,0,0,0,0,0,0,0,1,1,0,0
88,Colorado,2022-04-03,2022-04-04,0,0,0,0,0,0,0,0,0,0,0,0,0,0,0,0,0,0,0,1,1,0,0
89,Colorado,2022-04-04,2022-05-29,0,0,0,0,0,0,0,0,0,0,0,0,0,0,0,0,0,0,0,1,1,0,0
90,Colorado,2022-05-29,2022-05-30,0,0,0,0,0,0,0,0,0,0,0,0,0,0,0,0,0,0,0,0,0,0,0
91,Colorado,2022-05-30,2022-06-01,0,0,0,0,0,0,0,0,0,0,0,0,0,0,0,0,0,0,0,1,1,0,0
92,Colorado,2022-06-01,2022-07-05,1,0,0,0,0,0,0,0,0,0,0,0,0,0,0,0,0,0,0,1,1,0,0
93,Colorado,2022-07-05,2022-07-06,0,0,0,0,0,0,0,0,0,0,0,0,0,0,0,0,0,0,0,1,1,0,0
94,Colorado,2022-07-06,2022-11-01,1,0,0,0,0,0,0,0,0,0,0,0,0,0,0,0,0,0,0,1,1,0,0
95,Colorado,2022-11-01,2023-04-13,1,0,0,0,0,0,0,0,0,0,0,0,0,0,0,0,0,0,0,0,0,0,0
96,Colorado,2023-04-13,2023-04-14,0,0,0,0,0,0,0,0,0,0,0,0,0,0,0,0,0,0,0,0,0,0,0
97,Colorado,2023-04-14,2023-06-01,1,0,0,0,0,0,0,0,0,0,0,0,0,0,0,0,0,0,0,0,0,0,0
98,Connecticut,2018-12-01,2022-06-01,0,0,1,1,0,0,0,0,0,0,0,0,0,0,0,0,0,0,0,0,0,0,0
99,Connecticut,2022-06-01,2022-06-30,1,0,1,1,0,0,0,0,0,0,0,0,0,0,0,0,0,0,0,0,0,0,0
100,Connecticut,2022-06-30,2022-07-01,0,0,0,0,0,0,0,0,0,0,0,0,0,0,0,0,0,0,0,0,0,0,0
101,Connecticut,2022-07-01,2022-11-01,1,0,1,1,0,0,0,0,0,0,0,0,0,0,0,0,0,0,0,0,0,0,0
102,Connecticut,2022-11-01,2023-06-01,1,0,0,0,0,0,0,0,0,0,0,0,0,0,0,0,0,0,0,0,0,0,0
103,Delaware,2018-12-01,2020-08-31,0,0,1,1,1,0,0,0,0,0,0,0,0,0,0,0,0,0,0,0,0,0,0
104,Delaware,2020-08-31,2020-09-01,0,0,1,1,1,0,0,0,0,0,0,0,0,0,0,0,0,0,0,0,0,0,0
105,Delaware,2020-09-01,2021-05-19,0,0,1,1,1,0,0,0,0,0,0,0,0,0,0,0,0,0,0,0,0,0,0
106,Delaware,2021-05-19,2021-05-20,0,0,1,1,1,0,0,0,0,0,0,0,0,0,0,0,0,0,0,0,0,0,0
107,Delaware,2021-05-20,2022-04-27,0,0,1,1,1,0,0,0,0,0,0,0,0,0,0,0,0,0,0,0,0,0,0
108,Delaware,2022-04-27,2022-04-28,0,0,0,0,0,0,0,0,0,0,0,0,0,0,0,0,0,0,0,0,0,0,0
109,Delaware,2022-04-28,2022-06-01,0,0,1,1,1,0,0,0,0,0,0,0,0,0,0,0,0,0,0,0,0,0,0
110,Delaware,2022-06-01,2022-06-28,1,0,1,1,1,0,0,0,0,0,0,0,0,0,0,0,0,0,0,0,0,0,0
111,Delaware,2022-06-28,2022-06-29,0,0,0,0,0,0,0,0,0,0,0,0,0,0,0,0,0,0,0,0,0,0,0
112,Delaware,2022-06-29,2022-07-28,1,0,1,1,1,0,0,0,0,0,0,0,0,0,0,0,0,0,0,0,0,0,0
113,Delaware,2022-07-28,2022-07-29,0,0,1,1,1,0,0,0,0,0,0,0,0,0,0,0,0,0,0,0,0,0,0
114,Delaware,2022-07-29,2022-11-01,1,0,1,1,1,0,0,0,0,0,0,0,0,0,0,0,0,0,0,0,0,0,0
115,Delaware,2022-11-01,2022-11-10,1,0,0,0,0,0,0,0,0,0,0,0,0,0,0,0,0,0,0,0,0,0,0
116,Delaware,2022-11-10,2022-11-11,0,0,0,0,0,0,0,0,0,0,0,0,0,0,0,0,0,0,0,0,0,0,0
117,Delaware,2022-11-11,2023-06-01,1,0,0,0,0,0,0,0,0,0,0,0,0,0,0,0,0,0,0,0,0,0,0
118,District of Columbia,2018-12-01,2020-05-05,0,0,0,0,0,0,0,0,0,0,0,0,0,0,0,0,0,0,0,0,0,0,0
119,District of Columbia,2020-05-05,2020-05-06,0,0,0,0,0,0,0,0,0,0,0,0,0,0,0,0,0,0,0,0,0,0,0
120,District of Columbia,2020-05-06,2022-06-01,0,0,0,0,0,0,0,0,0,0,0,0,0,0,0,0,0,0,0,0,0,0,0
121,District of Columbia,2022-06-01,2022-07-11,1,0,0,0,0,0,0,0,0,0,0,0,0,0,0,0,0,0,0,0,0,0,0
122,District of Columbia,2022-07-11,2022-07-12,0,0,0,0,0,0,0,0,0,0,0,0,0,0,0,0,0,0,0,0,0,0,0
123,District of Columbia,2022-07-12,2022-11-01,1,0,0,0,0,0,0,0,0,0,0,0,0,0,0,0,0,0,0,0,0,0,0
124,District of Columbia,2022-11-01,2023-02-22,1,0,0,0,0,0,0,0,0,0,0,0,0,0,0,0,0,0,0,0,0,0,0
125,District of Columbia,2023-02-22,2023-02-23,0,0,0,0,0,0,0,0,0,0,0,0,0,0,0,0,0,0,0,0,0,0,0
126,District of Columbia,2023-02-23,2023-03-09,1,0,0,0,0,0,0,0,0,0,0,0,0,0,0,0,0,0,0,0,0,0,0
127,District of Columbia,2023-03-09,2023-03-10,0,0,0,0,0,0,0,0,0,0,0,0,0,0,0,0,0,0,0,0,0,0,0
128,District of Columbia,2023-03-10,2023-06-01,1,0,0,0,0,0,0,0,0,0,0,0,0,0,0,0,0,0,0,0,0,0,0
129,Florida,2018-12-01,2020-06-30,0,1,0,0,0,0,0,0,0,0,0,0,0,0,0,0,0,0,0,1,0,0,0
130,Florida,2020-06-30,2020-07-01,0,1,0,0,0,0,0,0,0,0,0,0,0,0,0,0,0,0,0,0,0,0,0
131,Florida,2020-07-01,2022-06-01,0,1,0,0,0,0,0,0,0,0,0,0,0,0,0,0,0,0,0,1,0,0,0
132,Florida,2022-06-01,2022-06-30,0,1,0,0,0,1,0,0,0,0,0,0,0,0,1,0,0,0,0,1,0,0,0
133,Florida,2022-06-30,2022-07-01,0,1,0,0,0,0,0,0,0,0,0,0,0,0,0,0,0,0,0,0,0,0,0
134,Florida,2022-07-01,2022-07-04,0,1,0,0,0,1,0,0,0,0,1,0,0,0,1,0,0,0,0,1,0,0,0
135,Florida,2022-07-04,2022-07-05,0,1,0,0,0,0,0,0,0,0,0,0,0,0,0,0,0,0,0,1,0,0,0
136,Florida,2022-07-05,2022-07-06,0,1,0,0,0,0,0,0,0,0,0,0,0,0,0,0,0,0,0,1,0,0,0
137,Florida,2022-07-06,2022-07-11,0,1,0,0,0,1,0,0,0,0,1,0,0,0,1,0,0,0,0,1,0,0,0
138,Florida,2022-07-11,2022-07-12,0,1,0,0,0,0,0,0,0,0,0,0,0,0,0,0,0,0,0,1,0,0,0
139,Florida,2022-07-12,2022-07-20,0,1,0,0,0,1,0,0,0,0,1,0,0,0,1,0,0,0,0,1,0,0,0
140,Florida,2022-07-20,2022-07-21,0,1,0,0,0,0,0,0,0,0,0,0,0,0,0,0,0,0,0,1,0,0,0
141,Florida,2022-07-21,2022-08-23,0,1,0,0,0,1,0,0,0,0,1,0,0,0,1,0,0,0,0,1,0,0,0
142,Florida,2022-08-23,2022-08-24,0,1,0,0,0,0,0,0,0,0,0,0,0,0,0,0,0,0,0,1,0,0,0
143,Florida,2022-08-24,2022-11-01,0,1,0,0,0,1,0,0,0,0,1,0,0,0,1,0,0,0,0,1,0,0,0
144,Florida,2022-11-01,2023-01-22,0,0,0,0,0,1,0,0,0,0,1,0,0,0,1,0,0,0,0,0,0,0,0
145,Florida,2023-01-22,2023-01-23,0,0,0,0,0,0,0,0,0,0,0,0,0,0,0,0,0,0,0,0,0,0,0
146,Florida,2023-01-23,2023-06-01,0,0,0,0,0,1,0,0,0,0,1,0,0,0,1,0,0,0,0,0,0,0,0
147,Georgia,2018-12-01,2022-06-01,0,0,0,0,0,0,0,0,0,0,0,0,0,0,0,0,0,0,0,1,0,0,0
148,Georgia,2022-06-01,2022-07-19,0,0,0,0,0,1,0,0,0,0,0,1,0,0,1,1,1,1,0,1,0,0,0
149,Georgia,2022-07-19,2022-07-20,0,0,0,0,0,0,0,0,0,0,0,0,0,0,0,0,0,0,0,1,0,0,0
150,Georgia,2022-07-20,2022-11-01,0,0,0,0,0,1,0,0,0,0,0,1,0,0,1,1,1,1,0,1,0,0,0
151,Georgia,2022-11-01,2022-11-14,0,0,0,0,0,1,0,0,0,0,0,1,0,0,1,1,1,1,0,0,0,0,0
152,Georgia,2022-11-14,2022-11-15,0,0,0,0,0,0,0,0,0,0,0,0,0,0,0,0,0,0,0,0,0,0,0
153,Georgia,2022-11-15,2022-11-22,0,0,0,0,0,1,0,0,0,0,0,1,0,0,1,1,1,1,0,0,0,0,0
154,Georgia,2022-11-22,2022-11-23,0,0,0,0,0,0,0,0,0,0,0,0,0,0,0,0,0,0,0,0,0,0,0
155,Georgia,2022-11-23,2023-06-01,0,0,0,0,0,1,0,0,0,0,0,1,0,0,1,1,1,1,0,0,0,0,0
156,Hawaii,2018-12-01,2021-04-11,0,0,1,1,0,0,0,0,0,0,0,0,0,0,0,0,0,0,0,0,0,0,0
157,Hawaii,2021-04-11,2021-04-12,0,0,0,0,0,0,0,0,0,0,0,0,0,0,0,0,0,0,0,0,0,0,0
158,Hawaii,2021-04-12,2022-06-01,0,0,1,1,0,0,0,0,0,0,0,0,0,0,0,0,0,0,0,0,0,0,0
159,Hawaii,2022-06-01,2022-10-10,1,0,1,1,0,0,0,0,0,0,0,0,0,0,0,0,0,0,0,0,0,0,0
160,Hawaii,2022-10-10,2022-10-11,0,0,1,1,0,0,0,0,0,0,0,0,0,0,0,0,0,0,0,0,0,0,0
161,Hawaii,2022-10-11,2022-11-01,1,0,1,1,0,0,0,0,0,0,0,0,0,0,0,0,0,0,0,0,0,0,0
162,Hawaii,2022-11-01,2023-03-21,1,0,0,0,0,0,0,0,0,0,0,0,0,0,0,0,0,0,0,0,0,0,0
163,Hawaii,2023-03-21,2023-03-22,0,0,0,0,0,0,0,0,0,0,0,0,0,0,0,0,0,0,0,0,0,0,0
164,Hawaii,2023-03-22,2023-06-01,1,0,0,0,0,0,0,0,0,0,0,0,0,0,0,0,0,0,0,0,0,0,0
165,Idaho,2018-12-01,2021-05-09,0,0,0,0,0,0,0,0,0,0,0,0,0,0,0,0,0,0,0,1,1,0,0
166,Idaho,2021-05-09,2021-05-10,0,0,0,0,0,0,0,0,0,0,0,0,0,0,0,0,0,0,0,0,0,0,0
167,Idaho,2021-05-10,2022-03-16,0,0,0,0,0,0,0,0,0,0,0,0,0,0,0,0,0,0,0,1,1,0,0
168,Idaho,2022-03-16,2022-03-17,0,0,0,0,0,0,0,0,0,0,0,0,0,0,0,0,0,0,0,0,0,0,0
169,Idaho,2022-03-17,2022-06-01,0,0,0,0,0,0,0,0,0,0,0,0,0,0,0,0,0,0,0,1,1,0,0
170,Idaho,2022-06-01,2022-06-30,0,0,0,0,0,1,0,0,0,0,0,1,1,0,1,1,1,1,1,1,1,0,0
171,Idaho,2022-06-30,2022-07-01,0,0,0,0,0,0,0,0,0,0,0,0,0,0,0,0,0,0,0,1,1,0,0
172,Idaho,2022-07-01,2022-08-11,0,0,0,0,0,1,0,0,0,0,0,1,1,0,1,1,1,1,1,1,1,0,0
173,Idaho,2022-08-11,2022-08-12,0,0,0,0,0,0,0,0,0,0,0,0,0,0,0,0,0,0,0,1,1,0,0
174,Idaho,2022-08-12,2022-08-18,0,0,0,0,0,1,0,0,0,0,0,1,1,0,1,1,1,1,1,1,1,0,0
175,Idaho,2022-08-18,2022-08-19,0,0,0,0,0,0,0,0,0,0,0,0,0,0,0,0,0,0,0,1,1,0,0
176,Idaho,2022-08-19,2022-08-23,0,0,0,0,0,1,0,0,0,0,0,1,1,0,1,1,1,1,1,1,1,0,0
177,Idaho,2022-08-23,2022-08-24,0,0,0,0,0,0,0,0,0,0,0,0,0,0,0,0,0,0,0,1,1,0,0
178,Idaho,2022-08-24,2022-08-25,0,0,0,0,0,0,0,0,0,0,0,0,0,0,0,0,0,0,0,1,1,0,0
179,Idaho,2022-08-25,2022-11-01,0,0,0,0,0,1,0,1,0,0,0,1,1,0,1,1,1,1,1,1,1,0,0
180,Idaho,2022-11-01,2023-01-04,0,0,0,0,0,1,0,1,0,0,0,1,1,0,1,1,1,1,1,0,0,0,0
181,Idaho,2023-01-04,2023-01-05,0,0,0,0,0,0,0,0,0,0,0,0,0,0,0,0,0,0,0,0,0,0,0
182,Idaho,2023-01-05,2023-05-04,0,0,0,0,0,1,0,1,0,0,0,1,1,0,1,1,1,1,1,0,0,0,0
183,Idaho,2023-05-04,2023-05-05,0,0,0,0,0,0,0,0,0,0,0,0,0,0,0,0,0,0,0,0,0,0,0
184,Idaho,2023-05-05,2023-06-01,0,0,0,0,0,1,0,1,0,0,0,1,1,0,1,1,1,1,1,0,0,0,0
185,Illinois,2018-12-01,2019-03-24,0,0,0,0,0,0,0,0,0,0,0,0,0,0,0,0,0,0,0,1,0,0,0
186,Illinois,2019-03-24,2019-03-25,0,0,0,0,0,0,0,0,0,0,0,0,0,0,0,0,0,0,0,0,0,0,0
187,Illinois,2019-03-25,2019-06-11,0,0,0,0,0,0,0,0,0,0,0,0,0,0,0,0,0,0,0,0,0,0,0
188,Illinois,2019-06-11,2019-06-12,0,0,0,0,0,0,0,0,0,0,0,0,0,0,0,0,0,0,0,0,0,0,0
189,Illinois,2019-06-12,2019-12-22,0,0,0,0,0,0,0,0,0,0,0,0,0,0,0,0,0,0,0,0,0,0,0
190,Illinois,2019-12-22,2019-12-23,0,0,0,0,0,0,0,0,0,0,0,0,0,0,0,0,0,0,0,0,0,0,0
191,Illinois,2019-12-23,2022-06-01,0,0,0,0,0,0,0,0,0,0,0,0,0,0,0,0,0,0,0,0,0,0,0
192,Illinois,2022-06-01,2022-10-26,1,0,0,0,0,0,0,0,0,0,0,0,0,0,0,0,0,0,0,0,0,0,0
193,Illinois,2022-10-26,2022-10-27,1,0,0,0,0,0,0,0,0,0,0,0,0,0,0,0,0,0,0,0,0,0,0
194,Illinois,2022-10-27,2022-11-01,1,0,0,0,0,0,0,0,0,0,0,0,0,0,0,0,0,0,0,0,0,0,0
195,Illinois,2022-11-01,2023-01-12,1,0,0,0,0,0,0,0,0,0,0,0,0,0,0,0,0,0,0,0,0,0,0
196,Illinois,2023-01-12,2023-01-13,0,0,0,0,0,0,0,0,0,0,0,0,0,0,0,0,0,0,0,0,0,0,0
197,Illinois,2023-01-13,2023-06-01,1,0,0,0,0,0,0,0,0,0,0,0,0,0,0,0,0,0,0,0,0,0,0
198,Indiana,2018-12-01,2019-06-30,0,0,0,0,0,0,0,0,0,0,0,0,0,0,0,0,0,0,0,1,1,0,0
199,Indiana,2019-06-30,2019-07-01,0,0,0,0,0,0,0,0,0,0,0,0,0,0,0,0,0,0,0,0,0,0,0
200,Indiana,2019-07-01,2022-03-13,0,0,0,0,0,0,0,0,0,0,0,0,0,0,0,0,0,0,0,1,1,0,0
201,Indiana,2022-03-13,2022-03-14,0,0,0,0,0,0,0,0,0,0,0,0,0,0,0,0,0,0,0,0,0,0,0
202,Indiana,2022-03-14,2022-06-01,0,0,0,0,0,0,0,0,0,0,0,0,0,0,0,0,0,0,0,1,1,0,0
203,Indiana,2022-06-01,2022-07-06,0,0,0,0,0,1,0,0,0,0,0,0,1,1,1,1,1,1,0,1,1,0,0
204,Indiana,2022-07-06,2022-07-07,0,0,0,0,0,0,0,0,0,0,0,0,0,0,0,0,0,0,0,1,1,0,0
205,Indiana,2022-07-07,2022-07-10,0,0,0,0,0,1,0,0,0,0,0,0,1,1,1,1,1,1,0,1,1,0,0
206,Indiana,2022-07-10,2022-07-11,0,0,0,0,0,0,0,0,0,0,0,0,0,0,0,0,0,0,0,1,1,0,0
207,Indiana,2022-07-11,2022-07-17,0,0,0,0,0,1,0,0,0,0,0,0,1,1,1,1,1,1,0,1,1,0,0
208,Indiana,2022-07-17,2022-07-18,0,0,0,0,0,0,0,0,0,0,0,0,0,0,0,0,0,0,0,1,1,0,0
209,Indiana,2022-07-18,2022-08-04,0,0,0,0,0,1,0,0,0,0,0,0,1,1,1,1,1,1,0,1,1,0,0
210,Indiana,2022-08-04,2022-08-05,0,0,0,0,0,1,0,0,0,0,0,0,1,1,1,1,1,1,0,0,0,0,0
211,Indiana,2022-08-05,2022-09-14,0,0,0,0,0,1,0,0,0,0,0,0,1,1,1,1,1,1,0,1,1,0,0
212,Indiana,2022-09-14,2022-09-15,0,0,0,0,0,0,0,0,0,0,0,0,0,0,0,0,0,0,0,0,0,0,0
213,Indiana,2022-09-15,2022-09-21,0,0,0,0,0,1,0,1,0,0,0,0,1,1,1,1,1,1,0,1,1,0,0
214,Indiana,2022-09-21,2022-09-22,0,0,0,0,0,0,0,0,0,0,0,0,0,0,0,0,0,0,0,1,1,0,0
215,Indiana,2022-09-22,2022-10-20,0,0,0,0,0,1,0,1,0,0,0,0,1,1,1,1,1,1,0,1,1,0,0
216,Indiana,2022-10-20,2022-10-21,0,0,0,0,0,0,0,0,0,0,0,0,0,0,0,0,0,0,0,1,1,0,0
217,Indiana,2022-10-21,2022-11-01,0,0,0,0,0,1,0,1,0,0,0,0,1,1,1,1,1,1,0,1,1,0,0
218,Indiana,2022-11-01,2022-12-01,0,0,0,0,0,1,0,1,0,0,0,0,1,1,1,1,1,1,0,0,0,0,0
219,Indiana,2022-12-01,2022-12-02,0,0,0,0,0,0,0,0,0,0,0,0,0,0,0,0,0,0,0,0,0,0,0
220,Indiana,2022-12-02,2023-06-01,0,0,0,0,0,1,0,1,0,0,0,0,1,1,1,1,1,1,0,0,0,0,0
221,Iowa,2018-12-01,2022-06-01,0,0,0,0,0,0,0,0,0,0,0,0,0,0,0,0,0,0,0,1,0,0,0
222,Iowa,2022-06-01,2022-08-10,0,0,0,0,0,1,0,0,0,0,0,1,1,0,1,1,0,1,0,1,0,0,0
223,Iowa,2022-08-10,2022-08-11,0,0,0,0,0,0,0,0,0,0,0,0,0,0,0,0,0,0,0,1,0,0,0
224,Iowa,2022-08-11,2022-11-01,0,0,0,0,0,1,0,0,0,0,0,1,1,0,1,1,0,1,0,1,0,0,0
225,Iowa,2022-11-01,2022-12-11,0,0,0,0,0,1,0,0,0,0,0,1,1,0,1,1,0,1,0,0,0,0,0
226,Iowa,2022-12-11,2022-12-12,0,0,0,0,0,0,0,0,0,0,0,0,0,0,0,0,0,0,0,0,0,0,0
227,Iowa,2022-12-12,2023-06-01,0,0,0,0,0,1,0,0,0,0,0,1,1,0,1,1,0,1,0,0,0,0,0
228,Kansas,2018-12-01,2019-04-25,0,1,0,0,0,0,0,0,0,0,0,0,0,0,0,0,0,0,0,1,0,0,0
229,Kansas,2019-04-25,2019-04-26,0,0,0,0,0,0,0,0,0,0,0,0,0,0,0,0,0,0,0,1,0,0,0
230,Kansas,2019-04-26,2021-12-02,0,1,0,0,0,0,0,0,0,0,0,0,0,0,0,0,0,0,0,1,0,0,0
231,Kansas,2021-12-02,2021-12-03,0,0,0,0,0,0,0,0,0,0,0,0,0,0,0,0,0,0,0,1,0,0,0
232,Kansas,2021-12-03,2022-06-01,0,1,0,0,0,0,0,0,0,0,0,0,0,0,0,0,0,0,0,1,0,0,0
233,Kansas,2022-06-01,2022-08-01,1,1,0,0,0,1,0,0,0,0,0,0,1,0,1,1,1,1,0,1,0,0,0
234,Kansas,2022-08-01,2022-08-02,0,1,0,0,0,0,0,0,0,0,0,0,0,0,0,0,0,0,0,1,0,0,0
235,Kansas,2022-08-02,2022-11-01,1,1,0,0,0,1,0,0,0,0,0,0,1,0,1,1,1,1,0,1,0,0,0
236,Kansas,2022-11-01,2022-11-22,1,0,0,0,0,1,0,0,0,0,0,0,1,0,1,1,1,1,0,0,0,0,0
237,Kansas,2022-11-22,2022-11-23,0,0,0,0,0,0,0,0,0,0,0,0,0,0,0,0,0,0,0,0,0,0,0
238,Kansas,2022-11-23,2023-06-01,1,0,0,0,0,1,0,0,0,0,0,0,1,0,1,1,1,1,0,0,0,0,0
239,Kentucky,2018-12-01,2019-06-26,0,0,0,0,0,0,0,0,0,0,0,0,0,0,0,0,0,0,0,1,1,0,0
240,Kentucky,2019-06-26,2019-06-27,0,0,0,0,0,0,0,0,0,0,0,0,0,0,0,0,0,0,0,0,0,0,0
241,Kentucky,2019-06-27,2019-06-30,0,0,0,0,0,0,0,0,0,0,0,0,0,0,0,0,0,0,0,1,1,0,0
242,Kentucky,2019-06-30,2019-07-01,0,0,0,0,0,0,0,0,0,0,0,0,0,0,0,0,0,0,0,0,0,0,0
243,Kentucky,2019-07-01,2019-07-23,0,0,0,0,0,0,0,0,0,0,0,0,0,0,0,0,0,0,0,1,1,0,0
244,Kentucky,2019-07-23,2019-07-24,0,0,0,0,0,0,0,0,0,0,0,0,0,0,0,0,0,0,0,0,0,0,0
245,Kentucky,2019-07-24,2021-03-31,0,0,0,0,0,0,0,0,0,0,0,0,0,0,0,0,0,0,0,1,1,0,0
246,Kentucky,2021-03-31,2021-04-01,0,0,0,0,0,0,0,0,0,0,0,0,0,0,0,0,0,0,0,0,0,0,0
247,Kentucky,2021-04-01,2021-06-28,0,0,0,0,0,0,0,0,0,0,0,0,0,0,0,0,0,0,0,1,1,0,0
248,Kentucky,2021-06-28,2021-06-29,0,0,0,0,0,0,0,0,0,0,0,0,0,0,0,0,0,0,0,0,0,0,0
249,Kentucky,2021-06-29,2022-04-13,0,0,0,0,0,0,0,0,0,0,0,0,0,0,0,0,0,0,0,1,1,0,0
250,Kentucky,2022-04-13,2022-04-14,0,0,0,0,0,0,0,0,0,0,0,0,0,0,0,0,0,0,0,0,0,0,0
251,Kentucky,2022-04-14,2022-06-01,0,0,0,0,0,0,0,0,0,0,0,0,0,0,0,0,0,0,0,1,1,0,0
252,Kentucky,2022-06-01,2022-06-23,0,0,0,0,0,1,0,0,0,0,1,1,1,1,1,1,1,1,0,1,1,0,0
253,Kentucky,2022-06-23,2022-06-24,0,0,0,0,0,0,0,0,0,0,0,0,0,0,0,0,0,0,0,1,1,0,0
254,Kentucky,2022-06-24,2022-06-28,0,0,0,0,0,1,0,1,0,0,1,1,1,1,1,1,1,1,0,1,1,0,0
255,Kentucky,2022-06-28,2022-06-29,0,0,0,0,0,0,0,0,0,0,0,0,0,0,0,0,0,0,0,1,1,0,0
256,Kentucky,2022-06-29,2022-06-30,0,0,0,0,0,0,0,0,0,0,0,0,0,0,0,0,0,0,0,1,1,0,0
257,Kentucky,2022-06-30,2022-07-13,0,0,0,0,0,1,0,1,0,0,1,1,1,1,1,1,1,1,0,1,1,0,0
258,Kentucky,2022-07-13,2022-07-14,0,0,0,0,0,0,0,0,0,0,0,0,0,0,0,0,0,0,0,1,1,0,0
259,Kentucky,2022-07-14,2022-07-20,0,0,0,0,0,1,0,1,0,0,1,1,1,1,1,1,1,1,0,1,1,0,0
260,Kentucky,2022-07-20,2022-07-21,0,0,0,0,0,0,0,0,0,0,0,0,0,0,0,0,0,0,0,1,1,0,0
261,Kentucky,2022-07-21,2022-07-22,0,0,0,0,0,0,0,0,0,0,0,0,0,0,0,0,0,0,0,1,1,0,0
262,Kentucky,2022-07-22,2022-07-31,0,0,0,0,0,1,0,1,0,0,1,1,1,1,1,1,1,1,0,1,1,0,0
263,Kentucky,2022-07-31,2022-08-01,0,0,0,0,0,0,0,0,0,0,0,0,0,0,0,0,0,0,0,1,1,0,0
264,Kentucky,2022-08-01,2022-08-16,0,0,0,0,0,1,0,1,0,0,1,1,1,1,1,1,1,1,0,1,1,0,0
265,Kentucky,2022-08-16,2022-08-17,0,0,0,0,0,0,0,0,0,0,0,0,0,0,0,0,0,0,0,1,1,0,0
266,Kentucky,2022-08-17,2022-08-29,0,0,0,0,0,1,0,1,0,0,1,1,1,1,1,1,1,1,0,1,1,0,0
267,Kentucky,2022-08-29,2022-08-30,0,0,0,0,0,0,0,0,0,0,0,0,0,0,0,0,0,0,0,1,1,0,0
268,Kentucky,2022-08-30,2022-11-01,0,0,0,0,0,1,0,1,0,0,1,1,1,1,1,1,1,1,0,1,1,0,0
269,Kentucky,2022-11-01,2022-11-07,0,0,0,0,0,1,0,1,0,0,1,1,1,1,1,1,1,1,0,0,0,0,0
270,Kentucky,2022-11-07,2022-11-08,0,0,0,0,0,0,0,0,0,0,0,0,0,0,0,0,0,0,0,0,0,0,0
271,Kentucky,2022-11-08,2023-01-11,0,0,0,0,0,1,0,1,0,0,1,1,1,1,1,1,1,1,0,0,0,0,0
272,Kentucky,2023-01-11,2023-01-12,0,0,0,0,0,0,0,0,0,0,0,0,0,0,0,0,0,0,0,0,0,0,0
273,Kentucky,2023-01-12,2023-02-15,0,0,0,0,0,1,0,1,0,0,1,1,1,1,1,1,1,1,0,0,0,0,0
274,Kentucky,2023-02-15,2023-02-16,0,0,0,0,0,0,0,0,0,0,0,0,0,0,0,0,0,0,0,0,0,0,0
275,Kentucky,2023-02-16,2023-05-23,0,0,0,0,0,1,0,1,0,0,1,1,1,1,1,1,1,1,0,0,0,0,0
276,Kentucky,2023-05-23,2023-05-24,0,0,0,0,0,0,0,0,0,0,0,0,0,0,0,0,0,0,0,0,0,0,0
277,Kentucky,2023-05-24,2023-06-01,0,0,0,0,0,1,0,1,0,0,1,1,1,1,1,1,1,1,0,0,0,0,0
278,Louisiana,2018-12-01,2022-06-01,0,0,0,0,0,0,0,0,0,0,0,0,0,0,0,0,0,0,0,1,1,0,0
279,Louisiana,2022-06-01,2022-06-14,0,0,0,0,0,1,0,0,0,0,0,0,1,0,1,1,1,1,0,1,1,0,0
280,Louisiana,2022-06-14,2022-06-15,0,0,0,0,0,0,0,0,0,0,0,0,0,0,0,0,0,0,0,1,1,0,0
281,Louisiana,2022-06-15,2022-06-16,0,0,0,0,0,1,0,0,0,0,0,0,1,0,1,1,1,1,0,1,1,0,0
282,Louisiana,2022-06-16,2022-06-17,0,0,0,0,0,0,0,0,0,0,0,0,0,0,0,0,0,0,0,1,1,0,0
283,Louisiana,2022-06-17,2022-06-18,0,0,0,0,0,0,0,0,0,0,0,0,0,0,0,0,0,0,0,1,1,0,0
284,Louisiana,2022-06-18,2022-06-23,0,0,0,0,0,1,0,0,0,0,0,0,1,0,1,1,1,1,0,1,1,0,0
285,Louisiana,2022-06-23,2022-06-24,0,0,0,0,0,0,0,0,0,0,0,0,0,0,0,0,0,0,0,1,1,0,0
286,Louisiana,2022-06-24,2022-06-26,0,0,0,0,0,1,0,1,0,0,1,1,1,0,1,1,1,1,0,1,1,0,0
287,Louisiana,2022-06-26,2022-06-27,0,0,0,0,0,0,0,0,0,0,0,0,0,0,0,0,0,0,0,1,1,0,0
288,Louisiana,2022-06-27,2022-07-07,0,0,0,0,0,1,0,1,0,0,1,1,1,0,1,1,1,1,0,1,1,0,0
289,Louisiana,2022-07-07,2022-07-08,0,0,0,0,0,0,0,0,0,0,0,0,0,0,0,0,0,0,0,1,1,0,0
290,Louisiana,2022-07-08,2022-07-10,0,0,0,0,0,1,0,1,0,0,1,1,1,0,1,1,1,1,0,1,1,0,0
291,Louisiana,2022-07-10,2022-07-11,0,0,0,0,0,0,0,0,0,0,0,0,0,0,0,0,0,0,0,1,1,0,0
292,Louisiana,2022-07-11,2022-07-20,0,0,0,0,0,1,0,1,0,0,1,1,1,0,1,1,1,1,0,1,1,0,0
293,Louisiana,2022-07-20,2022-07-21,0,0,0,0,0,0,0,0,0,0,0,0,0,0,0,0,0,0,0,1,1,0,0
294,Louisiana,2022-07-21,2022-07-31,0,0,0,0,0,1,0,1,0,0,1,1,1,0,1,1,1,1,0,1,1,0,0
295,Louisiana,2022-07-31,2022-08-01,0,0,0,0,0,0,0,0,0,0,0,0,0,0,0,0,0,0,0,1,1,0,0
296,Louisiana,2022-08-01,2022-11-01,0,0,0,0,0,1,0,1,0,0,1,1,1,0,1,1,1,1,0,1,1,0,0
297,Louisiana,2022-11-01,2023-06-01,0,0,0,0,0,1,0,1,0,0,1,1,1,0,1,1,1,1,0,0,0,0,0
298,Maine,2018-12-01,2019-09-18,0,0,1,1,0,0,0,0,0,0,0,0,0,0,0,0,0,0,0,1,1,0,0
299,Maine,2019-09-18,2019-09-19,0,0,0,0,0,0,0,0,0,0,0,0,0,0,0,0,0,0,0,0,0,0,0
300,Maine,2019-09-19,2020-03-15,0,0,1,1,0,0,0,0,0,0,0,0,0,0,0,0,0,0,0,1,1,0,0
301,Maine,2020-03-15,2020-03-16,0,0,1,1,0,0,0,0,0,0,0,0,0,0,0,0,0,0,0,0,0,0,0
302,Maine,2020-03-16,2022-05-13,0,0,1,1,0,0,0,0,0,0,0,0,0,0,0,0,0,0,0,1,0,0,0
303,Maine,2022-05-13,2022-05-14,0,0,1,1,0,0,0,0,0,0,0,0,0,0,0,0,0,0,0,0,0,0,0
304,Maine,2022-05-14,2022-06-01,0,0,1,1,0,0,0,0,0,0,0,0,0,0,0,0,0,0,0,1,0,0,0
305,Maine,2022-06-01,2022-07-04,1,0,1,1,0,0,0,0,0,0,0,0,0,0,0,0,0,0,0,1,0,0,0
306,Maine,2022-07-04,2022-07-05,0,0,1,1,0,0,0,0,0,0,0,0,0,0,0,0,0,0,0,1,0,0,0
307,Maine,2022-07-05,2022-08-07,1,0,1,1,0,0,0,0,0,0,0,0,0,0,0,0,0,0,0,1,0,0,0
308,Maine,2022-08-07,2022-08-08,0,0,0,0,0,0,0,0,0,0,0,0,0,0,0,0,0,0,0,1,0,0,0
309,Maine,2022-08-08,2022-09-30,1,0,1,1,0,0,0,0,0,0,0,0,0,0,0,0,0,0,0,1,0,0,0
310,Maine,2022-09-30,2022-10-01,0,0,1,1,0,0,0,0,0,0,0,0,0,0,0,0,0,0,0,1,0,0,0
311,Maine,2022-10-01,2022-11-01,1,0,1,1,0,0,0,0,0,0,0,0,0,0,0,0,0,0,0,1,0,0,0
312,Maine,2022-11-01,2023-06-01,1,0,0,0,0,0,0,0,0,0,0,0,0,0,0,0,0,0,0,0,0,0,0
313,Maryland,2018-12-01,2018-12-30,0,0,1,1,1,0,0,0,0,0,0,0,0,0,0,0,0,0,0,1,0,0,0
314,Maryland,2018-12-30,2018-12-31,0,0,1,1,1,0,0,0,0,0,0,0,0,0,0,0,0,0,0,0,0,0,0
315,Maryland,2018-12-31,2022-06-01,0,0,1,1,1,0,0,0,0,0,0,0,0,0,0,0,0,0,0,1,0,0,0
316,Maryland,2022-06-01,2022-06-30,1,0,1,1,1,0,0,0,0,0,0,0,0,0,0,0,0,0,0,1,0,0,0
317,Maryland,2022-06-30,2022-07-01,0,0,0,0,0,0,0,0,0,0,0,0,0,0,0,0,0,0,0,1,0,0,0
318,Maryland,2022-07-01,2022-11-01,1,0,1,1,1,0,0,0,0,0,0,0,0,0,0,0,0,0,0,1,0,0,0
319,Maryland,2022-11-01,2023-04-10,1,0,0,0,0,0,0,0,0,0,0,0,0,0,0,0,0,0,0,0,0,0,0
320,Maryland,2023-04-10,2023-04-11,0,0,0,0,0,0,0,0,0,0,0,0,0,0,0,0,0,0,0,0,0,0,0
321,Maryland,2023-04-11,2023-05-31,1,0,0,0,0,0,0,0,0,0,0,0,0,0,0,0,0,0,0,0,0,0,0
322,Maryland,2023-05-31,2023-06-01,0,0,0,0,0,0,0,0,0,0,0,0,0,0,0,0,0,0,0,0,0,0,0
323,Massachusetts,2018-12-01,2020-12-28,0,0,0,0,0,0,0,0,0,0,0,0,0,0,0,0,0,0,0,0,0,0,0
324,Massachusetts,2020-12-28,2020-12-29,0,0,0,0,0,0,0,0,0,0,0,0,0,0,0,0,0,0,0,0,0,0,0
325,Massachusetts,2020-12-29,2022-06-01,0,0,1,1,1,0,0,0,0,0,0,0,0,0,0,0,0,0,0,0,0,0,0
326,Massachusetts,2022-06-01,2022-06-23,1,0,1,1,1,0,0,0,0,0,0,0,0,0,0,0,0,0,0,0,0,0,0
327,Massachusetts,2022-06-23,2022-06-24,0,0,1,1,1,0,0,0,0,0,0,0,0,0,0,0,0,0,0,0,0,0,0
328,Massachusetts,2022-06-24,2022-07-28,1,0,1,1,1,0,0,0,0,0,0,0,0,0,0,0,0,0,0,0,0,0,0
329,Massachusetts,2022-07-28,2022-07-29,0,0,1,1,1,0,0,0,0,0,0,0,0,0,0,0,0,0,0,0,0,0,0
330,Massachusetts,2022-07-29,2022-08-23,1,0,1,1,1,0,0,0,0,0,0,0,0,0,0,0,0,0,0,0,0,0,0
331,Massachusetts,2022-08-23,2022-08-24,0,0,1,1,1,0,0,0,0,0,0,0,0,0,0,0,0,0,0,0,0,0,0
332,Massachusetts,2022-08-24,2022-11-01,1,0,1,1,1,0,0,0,0,0,0,0,0,0,0,0,0,0,0,0,0,0,0
333,Massachusetts,2022-11-01,2022-11-09,1,0,0,0,0,0,0,0,0,0,0,0,0,0,0,0,0,0,0,0,0,0,0
334,Massachusetts,2022-11-09,2022-11-10,0,0,0,0,0,0,0,0,0,0,0,0,0,0,0,0,0,0,0,0,0,0,0
335,Massachusetts,2022-11-10,2023-03-28,1,0,0,0,0,0,0,0,0,0,0,0,0,0,0,0,0,0,0,0,0,0,0
336,Massachusetts,2023-03-28,2023-03-29,0,0,0,0,0,0,0,0,0,0,0,0,0,0,0,0,0,0,0,0,0,0,0
337,Massachusetts,2023-03-29,2023-04-09,1,0,0,0,0,0,0,0,0,0,0,0,0,0,0,0,0,0,0,0,0,0,0
338,Massachusetts,2023-04-09,2023-04-10,0,0,0,0,0,0,0,0,0,0,0,0,0,0,0,0,0,0,0,0,0,0,0
339,Massachusetts,2023-04-10,2023-06-01,1,0,0,0,0,0,0,0,0,0,0,0,0,0,0,0,0,0,0,0,0,0,0
340,Michigan,2018-12-01,2019-09-30,0,0,0,0,0,0,0,0,0,0,0,0,0,0,0,0,0,0,0,1,1,0,0
341,Michigan,2019-09-30,2019-10-01,0,0,0,0,0,0,0,0,0,0,0,0,0,0,0,0,0,0,0,0,0,0,0
342,Michigan,2019-10-01,2022-06-01,0,0,0,0,0,0,0,0,0,0,0,0,0,0,0,0,0,0,0,1,1,0,0
343,Michigan,2022-06-01,2022-07-12,1,0,0,0,0,1,0,1,0,0,0,0,1,0,1,1,0,1,0,1,1,0,0
344,Michigan,2022-07-12,2022-07-13,0,0,0,0,0,0,0,0,0,0,0,0,0,0,0,0,0,0,0,1,1,0,0
345,Michigan,2022-07-13,2022-07-31,1,0,0,0,0,1,0,1,0,0,0,0,1,0,1,1,0,1,0,1,1,0,0
346,Michigan,2022-07-31,2022-08-01,0,0,0,0,0,0,0,0,0,0,0,0,0,0,0,0,0,0,0,1,1,0,0
347,Michigan,2022-08-01,2022-08-18,1,0,0,0,0,1,0,1,0,0,0,0,1,0,1,1,0,1,0,1,1,0,0
348,Michigan,2022-08-18,2022-08-19,0,0,0,0,0,0,0,0,0,0,0,0,0,0,0,0,0,0,0,1,1,0,0
349,Michigan,2022-08-19,2022-09-06,1,0,0,0,0,1,0,1,0,0,0,0,1,0,1,1,0,1,0,1,1,0,0
350,Michigan,2022-09-06,2022-09-07,0,0,0,0,0,0,0,0,0,0,0,0,0,0,0,0,0,0,0,1,1,0,0
351,Michigan,2022-09-07,2022-11-01,1,1,0,0,0,1,0,1,0,0,0,0,1,0,1,1,0,1,0,1,1,0,0
352,Michigan,2022-11-01,2022-11-07,1,0,0,0,0,1,0,1,0,0,0,0,1,0,1,1,0,1,0,0,0,0,0
353,Michigan,2022-11-07,2022-11-08,0,0,0,0,0,0,0,0,0,0,0,0,0,0,0,0,0,0,0,0,0,0,0
354,Michigan,2022-11-08,2022-12-13,1,0,0,0,0,1,0,1,0,0,0,0,1,0,1,1,0,1,0,0,0,0,0
355,Michigan,2022-12-13,2022-12-14,0,0,0,0,0,0,0,0,0,0,0,0,0,0,0,0,0,0,0,0,0,0,0
356,Michigan,2022-12-14,2022-12-23,1,0,0,0,0,1,0,1,0,0,0,0,1,0,1,1,0,1,0,0,0,0,0
357,Michigan,2022-12-23,2022-12-24,0,0,0,0,0,0,0,0,0,0,0,0,0,0,0,0,0,0,0,0,0,0,0
358,Michigan,2022-12-24,2023-01-05,1,0,0,0,0,1,0,1,0,0,0,0,1,0,1,1,0,1,0,0,0,0,0
359,Michigan,2023-01-05,2023-01-06,0,0,0,0,0,0,0,0,0,0,0,0,0,0,0,0,0,0,0,0,0,0,0
360,Michigan,2023-01-06,2023-06-01,1,0,0,0,0,1,0,1,0,0,0,0,1,0,1,1,0,1,0,0,0,0,0
361,Minnesota,2018-12-01,2019-06-30,0,1,0,0,0,0,0,0,0,0,0,0,0,0,0,0,0,0,0,1,1,0,1
362,Minnesota,2019-06-30,2019-07-01,0,1,0,0,0,0,0,0,0,0,0,0,0,0,0,0,0,0,0,0,0,0,0
363,Minnesota,2019-07-01,2020-05-27,0,1,0,0,0,0,0,0,0,0,0,0,0,0,0,0,0,0,0,1,1,0,1
364,Minnesota,2020-05-27,2020-05-28,0,1,0,0,0,0,0,0,0,0,0,0,0,0,0,0,0,0,0,0,0,0,0
365,Minnesota,2020-05-28,2020-06-30,0,1,0,0,0,0,0,0,0,0,0,0,0,0,0,0,0,0,0,1,1,0,1
366,Minnesota,2020-06-30,2020-07-01,0,1,0,0,0,0,0,0,0,0,0,0,0,0,0,0,0,0,0,0,0,0,0
367,Minnesota,2020-07-01,2021-06-30,0,1,0,0,0,0,0,0,0,0,0,0,0,0,0,0,0,0,0,1,1,0,1
368,Minnesota,2021-06-30,2021-07-01,0,1,0,0,0,0,0,0,0,0,0,0,0,0,0,0,0,0,0,0,0,0,0
369,Minnesota,2021-07-01,2022-06-01,0,1,0,0,0,0,0,0,0,0,0,0,0,0,0,0,0,0,0,1,1,0,1
370,Minnesota,2022-06-01,2022-06-24,1,1,0,0,0,1,0,0,0,0,1,0,0,0,1,0,0,1,0,1,1,0,1
371,Minnesota,2022-06-24,2022-06-25,0,1,0,0,0,0,0,0,0,0,0,0,0,0,0,0,0,0,0,1,1,0,1
372,Minnesota,2022-06-25,2022-07-10,1,1,0,0,0,1,0,0,0,0,1,0,0,0,1,0,0,1,0,1,1,0,1
373,Minnesota,2022-07-10,2022-07-11,0,1,0,0,0,0,0,0,0,0,0,0,0,0,0,0,0,0,0,1,1,0,1
374,Minnesota,2022-07-11,2022-11-01,1,1,0,0,0,1,0,0,0,0,1,0,0,0,1,0,0,1,0,1,1,0,1
375,Minnesota,2022-11-01,2023-01-31,1,0,0,0,0,1,0,0,0,0,1,0,0,0,1,0,0,1,0,0,0,0,0
376,Minnesota,2023-01-31,2023-02-01,0,0,0,0,0,0,0,0,0,0,0,0,0,0,0,0,0,0,0,0,0,0,0
377,Minnesota,2023-02-01,2023-04-26,1,0,0,0,0,1,0,0,0,0,1,0,0,0,1,0,0,1,0,0,0,0,0
378,Minnesota,2023-04-26,2023-04-27,0,0,0,0,0,0,0,0,0,0,0,0,0,0,0,0,0,0,0,0,0,0,0
379,Minnesota,2023-04-27,2023-04-28,0,0,0,0,0,0,0,0,0,0,0,0,0,0,0,0,0,0,0,0,0,0,0
380,Minnesota,2023-04-28,2023-05-24,1,0,0,0,0,1,0,0,0,0,1,0,0,0,1,0,0,1,0,0,0,0,0
381,Minnesota,2023-05-24,2023-05-25,0,0,0,0,0,0,0,0,0,0,0,0,0,0,0,0,0,0,0,0,0,0,0
382,Minnesota,2023-05-25,2023-06-01,1,0,0,0,0,0,0,0,0,0,0,0,0,0,0,0,0,0,0,0,0,0,0
383,Mississippi,2018-12-01,2021-10-07,0,1,0,0,0,0,0,0,0,0,0,0,0,0,0,0,0,0,0,1,1,1,0
384,Mississippi,2021-10-07,2021-10-08,0,1,0,0,0,0,0,0,0,0,0,0,0,0,0,0,0,0,0,0,0,0,0
385,Mississippi,2021-10-08,2022-06-01,0,1,0,0,0,0,0,0,0,0,0,0,0,0,0,0,0,0,0,1,1,1,0
386,Mississippi,2022-06-01,2022-06-23,0,1,0,0,0,1,0,1,0,0,1,1,1,0,1,1,1,1,0,1,1,1,0
387,Mississippi,2022-06-23,2022-06-24,0,1,0,0,0,0,0,0,0,0,0,0,0,0,0,0,0,0,0,1,1,1,0
388,Mississippi,2022-06-24,2022-07-06,0,1,0,0,0,1,0,1,0,0,1,1,1,0,1,1,1,1,0,1,1,1,0
389,Mississippi,2022-07-06,2022-07-07,0,1,0,0,0,0,0,0,0,0,0,0,0,0,0,0,0,0,0,1,1,1,0
390,Mississippi,2022-07-07,2022-09-01,0,1,0,0,0,1,0,1,0,0,1,1,1,0,1,1,1,1,0,1,1,1,0
391,Mississippi,2022-09-01,2022-09-02,0,1,0,0,0,0,0,0,0,0,0,0,0,0,0,0,0,0,0,1,1,1,0
392,Mississippi,2022-09-02,2022-11-01,0,1,0,0,0,1,0,1,0,0,1,1,1,0,1,1,1,1,0,1,1,1,0
393,Mississippi,2022-11-01,2023-06-01,0,0,0,0,0,1,0,1,0,0,1,1,1,0,1,1,1,1,0,0,0,0,0
394,Missouri,2018-12-01,2021-09-27,0,0,0,0,0,0,0,0,0,0,0,0,0,0,0,0,0,0,0,1,1,0,0
395,Missouri,2021-09-27,2021-09-28,0,0,0,0,0,0,0,0,0,0,0,0,0,0,0,0,0,0,0,0,0,0,0
396,Missouri,2021-09-28,2022-06-01,0,0,0,0,0,0,0,0,0,0,0,0,0,0,0,0,0,0,0,1,1,0,0
397,Missouri,2022-06-01,2022-06-23,0,0,0,0,0,1,0,0,0,1,1,0,1,0,1,0,1,1,0,1,1,0,0
398,Missouri,2022-06-23,2022-06-24,0,0,0,0,0,0,0,0,0,0,0,0,0,0,0,0,0,0,0,1,1,0,0
399,Missouri,2022-06-24,2022-07-07,0,0,0,0,0,1,0,1,0,1,1,0,1,0,1,0,1,1,0,1,1,0,0
400,Missouri,2022-07-07,2022-07-08,0,0,0,0,0,0,0,0,0,0,0,0,0,0,0,0,0,0,0,1,1,0,0
401,Missouri,2022-07-08,2022-11-01,0,0,0,0,0,1,0,1,0,1,1,0,1,0,1,0,1,1,0,1,1,0,0
402,Missouri,2022-11-01,2023-01-18,0,0,0,0,0,1,0,1,0,1,1,0,1,0,1,0,1,1,0,0,0,0,0
403,Missouri,2023-01-18,2023-01-19,0,0,0,0,0,0,0,0,0,0,0,0,0,0,0,0,0,0,0,0,0,0,0
404,Missouri,2023-01-19,2023-06-01,0,0,0,0,0,1,0,1,0,1,1,0,1,0,1,0,1,1,0,0,0,0,0
405,Montana,2018-12-01,2019-04-25,0,1,0,0,0,0,0,0,0,0,0,0,0,0,0,0,0,0,0,1,0,0,0
406,Montana,2019-04-25,2019-04-26,0,0,0,0,0,0,0,0,0,0,0,0,0,0,0,0,0,0,0,1,0,0,0
407,Montana,2019-04-26,2021-06-29,0,1,0,0,0,0,0,0,0,0,0,0,0,0,0,0,0,0,0,1,0,0,0
408,Montana,2021-06-29,2021-06-30,0,1,0,0,0,0,0,0,0,0,0,0,0,0,0,0,0,0,0,0,0,0,0
409,Montana,2021-06-30,2022-06-01,0,1,0,0,0,0,0,0,0,0,0,0,0,0,0,0,0,0,0,1,0,0,0
410,Montana,2022-06-01,2022-08-08,1,1,0,0,0,1,0,0,0,0,1,0,1,0,1,1,1,1,0,1,0,0,0
411,Montana,2022-08-08,2022-08-09,0,1,0,0,0,0,0,0,0,0,0,0,0,0,0,0,0,0,0,1,0,0,0
412,Montana,2022-08-09,2022-11-01,1,1,0,0,0,1,0,0,0,0,1,0,1,0,1,1,1,1,0,1,0,0,0
413,Montana,2022-11-01,2022-11-07,1,0,0,0,0,1,0,0,0,0,1,0,1,0,1,1,1,1,0,0,0,0,0
414,Montana,2022-11-07,2022-11-08,0,0,0,0,0,0,0,0,0,0,0,0,0,0,0,0,0,0,0,0,0,0,0
415,Montana,2022-11-08,2023-04-17,1,0,0,0,0,1,0,0,0,0,1,0,1,0,1,1,1,1,0,0,0,0,0
416,Montana,2023-04-17,2023-04-18,0,0,0,0,0,0,0,0,0,0,0,0,0,0,0,0,0,0,0,0,0,0,0
417,Montana,2023-04-18,2023-05-02,1,0,0,0,0,1,0,0,0,0,1,0,1,0,1,1,1,1,0,0,0,0,0
418,Montana,2023-05-02,2023-05-03,0,0,0,0,0,0,0,0,0,0,0,0,0,0,0,0,0,0,0,0,0,0,0
419,Montana,2023-05-03,2023-05-11,1,0,0,0,0,1,0,0,0,0,1,0,1,0,1,1,1,1,0,0,0,0,0
420,Montana,2023-05-11,2023-05-12,0,0,0,0,0,0,0,0,0,0,0,0,0,0,0,0,0,0,0,0,0,0,0
421,Montana,2023-05-12,2023-05-15,1,0,0,0,0,1,0,0,0,0,1,0,1,0,1,1,1,1,0,0,0,0,0
422,Montana,2023-05-15,2023-05-16,0,0,0,0,0,0,0,0,0,0,0,0,0,0,0,0,0,0,0,0,0,0,0
423,Montana,2023-05-16,2023-05-17,1,0,0,0,0,1,0,0,0,0,1,0,1,0,1,1,1,1,0,0,0,0,0
424,Montana,2023-05-17,2023-05-18,0,0,0,0,0,0,0,0,0,0,0,0,0,0,0,0,0,0,0,0,0,0,0
425,Montana,2023-05-18,2023-06-01,1,0,0,0,0,1,0,0,0,0,1,0,1,0,1,1,1,1,0,0,0,0,0
426,Nebraska,2018-12-01,2022-06-01,0,0,0,0,0,0,0,0,0,0,0,0,0,0,0,0,0,0,0,1,0,0,0
427,Nebraska,2022-06-01,2022-11-01,0,0,0,0,0,1,0,0,0,0,0,0,1,0,1,1,1,1,0,1,0,0,0
428,Nebraska,2022-11-01,2023-05-22,0,0,0,0,0,1,0,0,0,0,0,0,1,0,1,1,1,1,0,0,0,0,0
429,Nebraska,2023-05-22,2023-05-23,0,0,0,0,0,0,0,0,0,0,0,0,0,0,0,0,0,0,0,0,0,0,0
430,Nebraska,2023-05-23,2023-05-29,0,0,0,0,0,1,0,0,0,1,0,0,1,0,1,1,1,1,0,0,0,0,0
431,Nebraska,2023-05-29,2023-05-30,0,0,0,0,0,0,0,0,0,0,0,0,0,0,0,0,0,0,0,0,0,0,0
432,Nebraska,2023-05-30,2023-06-01,0,0,0,0,0,1,0,0,0,1,0,0,1,0,1,1,1,1,0,0,0,0,0
433,Nevada,2018-12-01,2022-06-01,0,0,1,1,0,0,0,0,0,0,0,0,0,0,0,0,0,0,0,0,0,0,0
434,Nevada,2022-06-01,2022-06-27,1,0,1,1,0,0,0,0,0,0,0,0,0,0,1,0,0,0,1,0,0,0,0
435,Nevada,2022-06-27,2022-06-28,0,0,1,1,0,0,0,0,0,0,0,0,0,0,0,0,0,0,0,0,0,0,0
436,Nevada,2022-06-28,2022-11-01,1,0,1,1,0,0,0,0,0,0,0,0,0,0,1,0,0,0,1,0,0,0,0
437,Nevada,2022-11-01,2023-05-29,1,0,0,0,0,0,0,0,0,0,0,0,0,0,1,0,0,0,1,0,0,0,0
438,Nevada,2023-05-29,2023-05-30,0,0,0,0,0,0,0,0,0,0,0,0,0,0,0,0,0,0,0,0,0,0,0
439,Nevada,2023-05-30,2023-06-01,1,0,0,0,0,0,0,0,0,0,0,0,0,0,1,0,0,0,1,0,0,0,0
440,New Hampshire,2018-12-01,2022-06-01,0,0,0,0,0,0,0,0,0,0,0,0,0,0,0,0,0,0,0,0,0,0,0
441,New Hampshire,2022-06-01,2022-11-01,1,0,0,0,0,1,0,0,0,0,0,0,0,0,1,0,0,1,0,0,0,0,0
442,New Hampshire,2022-11-01,2023-06-01,1,0,0,0,0,1,0,0,0,0,0,0,0,0,1,0,0,1,0,0,0,0,0
443,New Jersey,2018-12-01,2022-01-12,0,1,0,0,0,0,0,0,0,0,0,0,0,0,0,0,0,0,0,1,1,0,0
444,New Jersey,2022-01-12,2022-01-13,0,0,0,0,0,0,0,0,0,0,0,0,0,0,0,0,0,0,0,1,1,0,0
445,New Jersey,2022-01-13,2022-06-01,0,1,0,0,0,0,0,0,0,0,0,0,0,0,0,0,0,0,0,1,1,0,0
446,New Jersey,2022-06-01,2022-06-30,1,1,0,0,0,1,0,0,0,0,0,0,0,0,0,1,1,1,0,1,1,0,0
447,New Jersey,2022-06-30,2022-07-01,0,1,0,0,0,0,0,0,0,0,0,0,0,0,0,0,0,0,0,1,1,0,0
448,New Jersey,2022-07-01,2022-11-01,1,1,0,0,0,1,0,0,0,0,0,0,0,0,0,1,1,1,0,1,1,0,0
449,New Jersey,2022-11-01,2023-06-01,1,0,0,0,0,1,0,0,0,0,0,0,0,0,0,1,1,1,0,0,0,0,0
450,New Mexico,2018-12-01,2022-06-01,0,0,0,0,0,0,0,0,0,0,0,0,0,0,0,0,0,0,0,0,0,0,0
451,New Mexico,2022-06-01,2022-06-26,0,0,0,0,0,1,0,0,0,0,0,0,0,0,1,0,0,0,0,0,0,0,0
452,New Mexico,2022-06-26,2022-06-27,0,0,0,0,0,0,0,0,0,0,0,0,0,0,0,0,0,0,0,0,0,0,0
453,New Mexico,2022-06-27,2022-08-30,1,0,0,0,0,1,0,0,0,0,0,0,0,0,1,0,0,0,0,0,0,0,0
454,New Mexico,2022-08-30,2022-08-31,0,0,0,0,0,0,0,0,0,0,0,0,0,0,0,0,0,0,0,0,0,0,0
455,New Mexico,2022-08-31,2022-11-01,1,0,0,0,0,1,0,0,0,0,0,0,0,0,1,0,0,0,0,0,0,0,0
456,New Mexico,2022-11-01,2023-06-01,1,0,0,0,0,1,0,0,0,0,0,0,0,0,1,0,0,0,0,0,0,0,0
457,New York,2018-12-01,2019-01-21,0,0,0,0,0,0,0,0,0,0,0,0,0,0,0,0,0,0,0,0,0,0,0
458,New York,2019-01-21,2019-01-22,0,0,0,0,0,0,0,0,0,0,0,0,0,0,0,0,0,0,0,0,0,0,0
459,New York,2019-01-22,2022-06-01,0,0,1,1,1,0,0,0,0,0,0,0,0,0,0,0,0,0,0,0,0,0,0
460,New York,2022-06-01,2022-06-12,1,0,1,1,1,0,0,0,0,0,0,0,0,0,0,0,0,0,0,0,0,0,0
461,New York,2022-06-12,2022-06-13,0,0,1,1,1,0,0,0,0,0,0,0,0,0,0,0,0,0,0,0,0,0,0
462,New York,2022-06-13,2022-09-10,1,0,1,1,1,0,0,0,0,0,0,0,0,0,0,0,0,0,0,0,0,0,0
463,New York,2022-09-10,2022-09-11,0,0,1,1,1,0,0,0,0,0,0,0,0,0,0,0,0,0,0,0,0,0,0
464,New York,2022-09-11,2022-11-01,1,0,1,1,1,0,0,0,0,0,0,0,0,0,0,0,0,0,0,0,0,0,0
465,New York,2022-11-01,2022-11-14,1,0,0,0,0,0,0,0,0,0,0,0,0,0,0,0,0,0,0,0,0,0,0
466,New York,2022-11-14,2022-11-15,0,0,0,0,0,0,0,0,0,0,0,0,0,0,0,0,0,0,0,0,0,0,0
467,New York,2022-11-15,2022-12-31,1,0,0,0,0,0,0,0,0,0,0,0,0,0,0,0,0,0,0,0,0,0,0
468,New York,2022-12-31,2023-01-01,0,0,0,0,0,0,0,0,0,0,0,0,0,0,0,0,0,0,0,0,0,0,0
469,New York,2023-01-01,2023-01-11,1,0,0,0,0,0,0,0,0,0,0,0,0,0,0,0,0,0,0,0,0,0,0
470,New York,2023-01-11,2023-01-12,0,0,0,0,0,0,0,0,0,0,0,0,0,0,0,0,0,0,0,0,0,0,0
471,New York,2023-01-12,2023-03-02,1,0,0,0,0,0,0,0,0,0,0,0,0,0,0,0,0,0,0,0,0,0,0
472,New York,2023-03-02,2023-03-03,0,0,0,0,0,0,0,0,0,0,0,0,0,0,0,0,0,0,0,0,0,0,0
473,New York,2023-03-03,2023-03-31,1,0,0,0,0,0,0,0,0,0,0,0,0,0,0,0,0,0,0,0,0,0,0
474,New York,2023-03-31,2023-04-01,0,0,0,0,0,0,0,0,0,0,0,0,0,0,0,0,0,0,0,0,0,0,0
475,New York,2023-04-01,2023-05-02,1,0,0,0,0,0,0,0,0,0,0,0,0,0,0,0,0,0,0,0,0,0,0
476,New York,2023-05-02,2023-05-03,0,0,0,0,0,0,0,0,0,0,0,0,0,0,0,0,0,0,0,0,0,0,0
477,New York,2023-05-03,2023-06-01,1,0,0,0,0,0,0,0,0,0,0,0,0,0,0,0,0,0,0,0,0,0,0
478,North Carolina,2018-12-01,2022-06-01,0,0,0,0,0,0,0,0,0,0,0,0,0,0,0,0,0,0,0,1,1,0,0
479,North Carolina,2022-06-01,2022-07-05,1,0,0,0,0,1,0,0,0,0,0,0,1,0,1,1,0,0,0,1,1,0,0
480,North Carolina,2022-07-05,2022-07-06,0,0,0,0,0,0,0,0,0,0,0,0,0,0,0,0,0,0,0,1,1,0,0
481,North Carolina,2022-07-06,2022-11-01,1,0,0,0,0,1,0,0,0,0,0,0,1,0,1,1,0,0,0,1,1,0,0
482,North Carolina,2022-11-01,2023-06-01,1,0,0,0,0,1,0,0,0,0,0,0,1,0,1,1,0,0,0,0,0,0,0
483,North Dakota,2018-12-01,2020-03-31,0,0,0,0,0,0,0,0,0,0,0,0,0,0,0,0,0,0,0,1,1,0,0
484,North Dakota,2020-03-31,2020-04-01,0,0,0,0,0,0,0,0,0,0,0,0,0,0,0,0,0,0,0,0,0,0,0
485,North Dakota,2020-04-01,2021-12-31,0,0,0,0,0,0,0,0,0,0,0,0,0,0,0,0,0,0,0,1,1,0,0
486,North Dakota,2021-12-31,2022-01-01,0,0,0,0,0,0,0,0,0,0,0,0,0,0,0,0,0,0,0,0,0,0,0
487,North Dakota,2022-01-01,2022-06-01,0,0,0,0,0,0,0,0,0,0,0,0,0,0,0,0,0,0,0,1,1,0,0
488,North Dakota,2022-06-01,2022-06-27,0,0,0,0,0,1,0,0,0,0,0,1,1,0,1,0,0,1,0,1,1,0,0
489,North Dakota,2022-06-27,2022-06-28,0,0,0,0,0,0,0,0,0,0,0,0,0,0,0,0,0,0,0,1,1,0,0
490,North Dakota,2022-06-28,2022-07-26,0,0,0,0,0,1,0,0,0,0,0,1,1,0,1,0,0,1,0,1,1,0,0
491,North Dakota,2022-07-26,2022-07-27,0,0,0,0,0,0,0,0,0,0,0,0,0,0,0,0,0,0,0,1,1,0,0
492,North Dakota,2022-07-27,2022-07-28,0,0,0,0,0,0,0,0,0,0,0,0,0,0,0,0,0,0,0,1,1,0,0
493,North Dakota,2022-07-28,2022-08-24,0,0,0,0,0,1,0,1,0,0,0,1,1,0,1,0,0,1,0,1,1,0,0
494,North Dakota,2022-08-24,2022-08-25,0,0,0,0,0,0,0,0,0,0,0,0,0,0,0,0,0,0,0,1,1,0,0
495,North Dakota,2022-08-25,2022-09-28,0,0,0,0,0,1,0,1,0,0,0,1,1,0,1,0,0,1,0,1,1,0,0
496,North Dakota,2022-09-28,2022-09-29,0,0,0,0,0,0,0,0,0,0,0,0,0,0,0,0,0,0,0,1,1,0,0
497,North Dakota,2022-09-29,2022-10-30,0,0,0,0,0,1,0,1,0,0,0,1,1,0,1,0,0,1,0,1,1,0,0
498,North Dakota,2022-10-30,2022-10-31,0,0,0,0,0,0,0,0,0,0,0,0,0,0,0,0,0,0,0,1,1,0,0
499,North Dakota,2022-10-31,2022-11-01,0,0,0,0,0,1,0,1,0,0,0,1,1,0,1,0,0,1,0,1,1,0,0
500,North Dakota,2022-11-01,2022-11-16,0,0,0,0,0,1,0,1,0,0,0,1,1,0,1,0,0,1,0,0,0,0,0
501,North Dakota,2022-11-16,2022-11-17,0,0,0,0,0,0,0,0,0,0,0,0,0,0,0,0,0,0,0,0,0,0,0
502,North Dakota,2022-11-17,2022-12-14,0,0,0,0,0,1,0,1,0,0,0,1,1,0,1,0,0,1,0,0,0,0,0
503,North Dakota,2022-12-14,2022-12-15,0,0,0,0,0,0,0,0,0,0,0,0,0,0,0,0,0,0,0,0,0,0,0
504,North Dakota,2022-12-15,2023-03-15,0,0,0,0,0,1,0,1,0,0,0,1,1,0,1,0,0,1,0,0,0,0,0
505,North Dakota,2023-03-15,2023-03-16,0,0,0,0,0,0,0,0,0,0,0,0,0,0,0,0,0,0,0,0,0,0,0
506,North Dakota,2023-03-16,2023-04-23,0,0,0,0,0,1,0,1,0,0,0,1,1,0,1,0,0,1,0,0,0,0,0
507,North Dakota,2023-04-23,2023-04-24,0,0,0,0,0,0,0,0,0,0,0,0,0,0,0,0,0,0,0,0,0,0,0
508,North Dakota,2023-04-24,2023-05-17,0,0,0,0,0,1,0,1,0,0,0,0,1,0,1,0,0,0,0,0,0,0,0
509,North Dakota,2023-05-17,2023-05-18,0,0,0,0,0,0,0,0,0,0,0,0,0,0,0,0,0,0,0,0,0,0,0
510,North Dakota,2023-05-18,2023-06-01,0,0,0,0,0,1,0,1,0,0,0,0,1,0,1,0,0,0,0,0,0,0,0
511,Ohio,2018-12-01,2019-03-11,0,0,0,0,0,0,0,0,0,0,0,0,0,0,0,0,0,0,0,1,1,0,1
512,Ohio,2019-03-11,2019-03-12,0,0,0,0,0,0,0,0,0,0,0,0,0,0,0,0,0,0,0,0,0,0,0
513,Ohio,2019-03-12,2019-10-16,0,0,0,0,0,0,0,0,0,0,0,0,0,0,0,0,0,0,0,1,1,0,1
514,Ohio,2019-10-16,2019-10-17,0,0,0,0,0,0,0,0,0,0,0,0,0,0,0,0,0,0,0,0,0,0,0
515,Ohio,2019-10-17,2022-06-01,0,0,0,0,0,0,0,0,0,0,0,0,0,0,0,0,0,0,0,1,1,0,1
516,Ohio,2022-06-01,2022-06-23,0,0,0,0,0,1,0,0,0,0,0,1,1,0,1,1,1,1,0,1,1,0,1
517,Ohio,2022-06-23,2022-06-24,0,0,0,0,0,0,0,0,0,0,0,0,0,0,0,0,0,0,0,1,1,0,1
518,Ohio,2022-06-24,2022-07-06,0,0,0,0,0,1,0,0,0,0,0,1,1,0,1,1,1,1,0,1,1,0,1
519,Ohio,2022-07-06,2022-07-07,0,0,0,0,0,0,0,0,0,0,0,0,0,0,0,0,0,0,0,1,1,0,1
520,Ohio,2022-07-07,2022-08-02,0,0,0,0,0,1,0,0,0,0,0,1,1,0,1,1,1,1,0,1,1,0,1
521,Ohio,2022-08-02,2022-08-03,0,0,0,0,0,0,0,0,0,0,0,0,0,0,0,0,0,0,0,1,1,0,1
522,Ohio,2022-08-03,2022-09-13,0,0,0,0,0,1,0,0,0,0,0,1,1,0,1,1,1,1,0,1,1,0,1
523,Ohio,2022-09-13,2022-09-14,0,0,0,0,0,0,0,0,0,0,0,0,0,0,0,0,0,0,0,1,1,0,1
524,Ohio,2022-09-14,2022-10-11,0,0,0,0,0,1,0,0,0,0,0,1,1,0,1,1,1,1,0,1,1,0,1
525,Ohio,2022-10-11,2022-10-12,0,0,0,0,0,0,0,0,0,0,0,0,0,0,0,0,0,0,0,1,1,0,1
526,Ohio,2022-10-12,2022-11-01,0,1,0,0,0,1,0,0,0,0,0,1,1,0,1,1,1,1,0,1,1,0,1
527,Ohio,2022-11-01,2023-03-13,0,0,0,0,0,1,0,0,0,0,0,1,1,0,1,1,1,1,0,0,0,0,0
528,Ohio,2023-03-13,2023-03-14,0,0,0,0,0,0,0,0,0,0,0,0,0,0,0,0,0,0,0,0,0,0,0
529,Ohio,2023-03-14,2023-06-01,0,0,0,0,0,1,0,0,0,0,0,1,1,0,1,1,1,1,0,0,0,0,0
530,Oklahoma,2018-12-01,2022-06-01,0,0,0,0,0,0,0,0,0,0,0,0,0,0,0,0,0,0,0,1,1,0,0
531,Oklahoma,2022-06-01,2022-06-23,0,0,0,0,0,1,0,1,0,0,0,1,1,1,1,1,1,1,0,1,1,0,0
532,Oklahoma,2022-06-23,2022-06-24,0,0,0,0,0,0,0,0,0,0,0,0,0,0,0,0,0,0,0,1,1,0,0
533,Oklahoma,2022-06-24,2022-08-25,0,0,0,0,0,1,0,1,0,0,0,1,1,1,1,1,1,1,0,1,1,0,0
534,Oklahoma,2022-08-25,2022-08-26,0,0,0,0,0,0,0,0,0,0,0,0,0,0,0,0,0,0,0,1,1,0,0
535,Oklahoma,2022-08-26,2022-11-01,0,0,0,0,0,1,0,1,0,0,0,1,1,1,1,1,1,1,0,1,1,0,0
536,Oklahoma,2022-11-01,2023-03-20,0,0,0,0,0,1,0,1,0,0,0,1,1,1,1,1,1,1,0,0,0,0,0
537,Oklahoma,2023-03-20,2023-03-21,0,0,0,0,0,0,0,0,0,0,0,0,0,0,0,0,0,0,0,0,0,0,0
538,Oklahoma,2023-03-21,2023-04-30,0,0,0,0,0,1,0,1,0,0,0,1,1,1,1,1,1,1,0,0,0,0,0
539,Oklahoma,2023-04-30,2023-05-01,0,0,0,0,0,0,0,0,0,0,0,0,0,0,0,0,0,0,0,0,0,0,0
540,Oklahoma,2023-05-01,2023-05-30,0,0,0,0,0,1,0,1,0,0,0,1,1,1,1,1,1,1,0,0,0,0,0
541,Oklahoma,2023-05-30,2023-05-31,0,0,0,0,0,0,0,0,0,0,0,0,0,0,0,0,0,0,0,0,0,0,0
542,Oklahoma,2023-05-31,2023-06-01,0,0,0,0,0,1,0,1,0,0,0,1,1,1,1,1,1,1,0,0,0,0,0
543,Oregon,2018-12-01,2022-06-01,0,0,0,0,0,0,0,0,0,0,0,0,0,0,0,0,0,0,0,0,0,0,0
544,Oregon,2022-06-01,2022-10-26,1,0,0,0,0,0,0,0,0,0,0,0,0,0,0,0,0,0,0,0,0,0,0
545,Oregon,2022-10-26,2022-10-27,0,0,0,0,0,0,0,0,0,0,0,0,0,0,0,0,0,0,0,0,0,0,0
546,Oregon,2022-10-27,2022-11-01,1,0,0,0,0,0,0,0,0,0,0,0,0,0,0,0,0,0,0,0,0,0,0
547,Oregon,2022-11-01,2023-06-01,1,0,0,0,0,0,0,0,0,0,0,0,0,0,0,0,0,0,0,0,0,0,0
548,Pennsylvania,2018-12-01,2022-06-01,0,0,0,0,0,0,0,0,0,0,0,0,0,0,0,0,0,0,0,1,1,0,1
549,Pennsylvania,2022-06-01,2022-07-11,0,0,0,0,0,1,0,0,0,0,0,0,0,0,1,0,1,1,0,1,1,0,1
550,Pennsylvania,2022-07-11,2022-07-12,0,0,0,0,0,0,0,0,0,0,0,0,0,0,0,0,0,0,0,1,1,0,1
551,Pennsylvania,2022-07-12,2022-11-01,1,0,0,0,0,1,0,0,0,0,0,0,0,0,1,0,1,1,0,1,1,0,1
552,Pennsylvania,2022-11-01,2023-06-01,1,0,0,0,0,1,0,0,0,0,0,0,0,0,1,0,1,1,0,0,0,0,0
553,Rhode Island,2018-12-01,2019-06-18,0,0,0,0,0,0,0,0,0,0,0,0,0,0,0,0,0,0,0,1,0,0,0
554,Rhode Island,2019-06-18,2019-06-19,0,0,0,0,0,0,0,0,0,0,0,0,0,0,0,0,0,0,0,0,0,0,0
555,Rhode Island,2019-06-19,2021-07-13,0,0,1,1,0,0,0,0,0,0,0,0,0,0,0,0,0,0,0,1,0,0,0
556,Rhode Island,2021-07-13,2021-07-14,0,0,1,1,0,0,0,0,0,0,0,0,0,0,0,0,0,0,0,0,0,0,0
557,Rhode Island,2021-07-14,2021-10-04,0,0,1,1,0,0,0,0,0,0,0,0,0,0,0,0,0,0,0,1,0,0,0
558,Rhode Island,2021-10-04,2021-10-05,0,0,1,1,0,0,0,0,0,0,0,0,0,0,0,0,0,0,0,0,0,0,0
559,Rhode Island,2021-10-05,2022-01-03,0,0,1,1,0,0,0,0,0,0,0,0,0,0,0,0,0,0,0,1,0,0,0
560,Rhode Island,2022-01-03,2022-01-04,0,0,1,1,0,0,0,0,0,0,0,0,0,0,0,0,0,0,0,0,0,0,0
561,Rhode Island,2022-01-04,2022-06-01,0,0,1,1,0,0,0,0,0,0,0,0,0,0,0,0,0,0,0,1,0,0,0
562,Rhode Island,2022-06-01,2022-06-30,1,0,1,1,0,0,0,0,0,0,0,0,0,0,0,0,0,0,0,1,0,0,0
563,Rhode Island,2022-06-30,2022-07-01,1,0,1,1,0,0,0,0,0,0,0,0,0,0,0,0,0,0,0,0,0,0,0
564,Rhode Island,2022-07-01,2022-07-04,1,0,1,1,0,0,0,0,0,0,0,0,0,0,0,0,0,0,0,1,0,0,0
565,Rhode Island,2022-07-04,2022-07-05,0,0,1,1,0,0,0,0,0,0,0,0,0,0,0,0,0,0,0,1,0,0,0
566,Rhode Island,2022-07-05,2022-11-01,1,0,1,1,0,0,0,0,0,0,0,0,0,0,0,0,0,0,0,1,0,0,0
567,Rhode Island,2022-11-01,2023-05-17,1,0,0,0,0,0,0,0,0,0,0,0,0,0,0,0,0,0,0,0,0,0,0
568,Rhode Island,2023-05-17,2023-05-18,0,0,0,0,0,0,0,0,0,0,0,0,0,0,0,0,0,0,0,0,0,0,0
569,Rhode Island,2023-05-18,2023-06-01,1,0,0,0,0,0,0,0,0,0,0,0,0,0,0,0,0,0,0,0,0,0,0
570,South Carolina,2018-12-01,2022-06-01,0,0,0,0,0,0,0,0,0,0,0,0,0,0,0,0,0,0,0,1,1,0,0
571,South Carolina,2022-06-01,2022-06-23,0,0,0,0,0,1,0,0,0,0,0,1,1,1,1,0,0,1,1,1,1,0,0
572,South Carolina,2022-06-23,2022-06-24,0,0,0,0,0,0,0,0,0,0,0,0,0,0,0,0,0,0,0,1,1,0,0
573,South Carolina,2022-06-24,2022-06-26,0,0,0,0,0,1,0,0,0,0,0,1,1,1,1,0,0,1,1,1,1,0,0
574,South Carolina,2022-06-26,2022-06-27,0,0,0,0,0,0,0,0,0,0,0,0,0,0,0,0,0,0,0,1,1,0,0
575,South Carolina,2022-06-27,2022-07-20,0,0,0,0,0,1,0,0,0,0,0,1,1,1,1,0,0,1,1,1,1,0,0
576,South Carolina,2022-07-20,2022-07-21,0,0,0,0,0,0,0,0,0,0,0,0,0,0,0,0,0,0,0,1,1,0,0
577,South Carolina,2022-07-21,2022-07-22,0,0,0,0,0,0,0,0,0,0,0,0,0,0,0,0,0,0,0,1,1,0,0
578,South Carolina,2022-07-22,2022-07-25,0,0,0,0,0,1,0,0,0,0,0,1,1,1,1,0,0,1,1,1,1,0,0
579,South Carolina,2022-07-25,2022-07-26,0,0,0,0,0,0,0,0,0,0,0,0,0,0,0,0,0,0,0,1,1,0,0
580,South Carolina,2022-07-26,2022-08-16,0,0,0,0,0,1,0,0,0,0,0,1,1,1,1,0,0,1,0,1,1,0,0
581,South Carolina,2022-08-16,2022-08-17,0,0,0,0,0,0,0,0,0,0,0,0,0,0,0,0,0,0,0,1,1,0,0
582,South Carolina,2022-08-17,2022-11-01,0,0,0,0,0,1,0,0,0,0,0,1,1,1,1,0,0,1,1,1,1,0,0
583,South Carolina,2022-11-01,2023-02-07,0,0,0,0,0,1,0,0,0,0,0,1,1,1,1,0,0,1,1,0,0,0,0
584,South Carolina,2023-02-07,2023-02-08,0,0,0,0,0,0,0,0,0,0,0,0,0,0,0,0,0,0,0,0,0,0,0
585,South Carolina,2023-02-08,2023-05-24,0,0,0,0,0,1,0,0,0,0,0,1,1,1,1,0,0,1,1,0,0,0,0
586,South Carolina,2023-05-24,2023-05-25,0,0,0,0,0,0,0,0,0,0,0,0,0,0,0,0,0,0,0,0,0,0,0
587,South Carolina,2023-05-25,2023-06-01,0,0,0,0,0,1,0,0,0,0,0,1,1,1,1,1,1,1,0,0,0,0,0
588,South Dakota,2018-12-01,2022-06-01,0,0,0,0,0,0,0,0,0,0,0,0,0,0,0,0,0,0,0,1,1,0,0
589,South Dakota,2022-06-01,2022-06-23,0,0,0,0,0,1,0,0,0,0,0,0,1,0,1,0,0,0,0,1,1,0,0
590,South Dakota,2022-06-23,2022-06-24,0,0,0,0,0,0,0,0,0,0,0,0,0,0,0,0,0,0,0,1,1,0,0
591,South Dakota,2022-06-24,2022-06-30,0,0,0,0,0,1,0,1,0,0,0,0,1,0,1,0,0,0,0,1,1,0,0
592,South Dakota,2022-06-30,2022-07-01,0,0,0,0,0,0,0,0,0,0,0,0,0,0,0,0,0,0,0,1,1,0,0
593,South Dakota,2022-07-01,2022-07-21,0,0,0,0,0,1,0,1,0,0,0,0,1,0,1,0,0,0,0,1,1,0,0
594,South Dakota,2022-07-21,2022-07-22,0,0,0,0,0,0,0,0,0,0,0,0,0,0,0,0,0,0,0,1,1,0,0
595,South Dakota,2022-07-22,2022-11-01,0,0,0,0,0,1,0,1,0,0,0,0,1,0,1,0,0,0,0,1,1,0,0
596,South Dakota,2022-11-01,2023-06-01,0,0,0,0,0,1,0,1,0,0,0,0,1,0,1,0,0,0,0,0,0,0,0
597,Tennessee,2018-12-01,2022-06-01,0,0,0,0,0,0,0,0,0,0,0,0,0,0,0,0,0,0,0,1,1,0,0
598,Tennessee,2022-06-01,2022-06-27,0,0,0,0,0,1,0,0,1,1,1,1,1,0,1,0,1,1,0,1,1,0,0
599,Tennessee,2022-06-27,2022-06-28,0,0,0,0,0,0,0,0,0,0,0,0,0,0,0,0,0,0,0,1,1,0,0
600,Tennessee,2022-06-28,2022-07-27,0,0,0,0,0,1,0,0,1,1,1,1,1,0,1,0,1,1,0,1,1,0,0
601,Tennessee,2022-07-27,2022-07-28,0,0,0,0,0,0,0,0,0,0,0,0,0,0,0,0,0,0,0,1,1,0,0
602,Tennessee,2022-07-28,2022-08-24,0,0,0,0,0,1,0,0,1,1,1,1,1,0,1,0,1,1,0,1,1,0,0
603,Tennessee,2022-08-24,2022-08-25,0,0,0,0,0,0,0,0,0,0,0,0,0,0,0,0,0,0,0,1,1,0,0
604,Tennessee,2022-08-25,2022-11-01,0,0,0,0,0,1,0,1,1,1,1,1,1,0,1,0,1,1,0,1,1,0,0
605,Tennessee,2022-11-01,2022-12-31,0,0,0,0,0,1,0,1,1,1,1,1,1,0,1,0,1,1,0,0,0,0,0
606,Tennessee,2022-12-31,2023-01-01,0,0,0,0,0,0,0,0,0,0,0,0,0,0,0,0,0,0,0,0,0,0,0
607,Tennessee,2023-01-01,2023-04-27,0,0,0,0,0,1,0,1,1,1,1,1,1,0,1,1,1,1,0,0,0,0,0
608,Tennessee,2023-04-27,2023-04-28,0,0,0,0,0,0,0,0,0,0,0,0,0,0,0,0,0,0,0,0,0,0,0
609,Tennessee,2023-04-28,2023-06-01,0,0,0,0,0,1,0,1,1,1,1,1,1,0,1,1,1,1,0,0,0,0,0
610,Texas,2018-12-01,2019-08-31,0,0,0,0,0,0,0,0,0,0,0,0,0,0,0,0,0,0,0,1,0,0,0
611,Texas,2019-08-31,2019-09-01,0,0,0,0,0,0,0,0,0,0,0,0,0,0,0,0,0,0,0,0,0,0,0
612,Texas,2019-09-01,2022-06-01,0,0,0,0,0,0,0,0,0,0,0,0,0,0,0,0,0,0,0,1,0,0,0
613,Texas,2022-06-01,2022-06-23,0,0,0,0,0,1,0,1,0,0,0,1,1,1,1,1,1,1,0,1,0,0,0
614,Texas,2022-06-23,2022-06-24,0,0,0,0,0,0,0,0,0,0,0,0,0,0,0,0,0,0,0,1,0,0,0
615,Texas,2022-06-24,2022-06-26,0,0,0,0,0,1,0,1,0,0,0,1,1,1,1,1,1,1,0,1,0,0,0
616,Texas,2022-06-26,2022-06-27,0,0,0,0,0,0,0,0,0,0,0,0,0,0,0,0,0,0,0,1,0,0,0
617,Texas,2022-06-27,2022-06-28,0,0,0,0,0,0,0,0,0,0,0,0,0,0,0,0,0,0,0,1,0,0,0
618,Texas,2022-06-28,2022-06-30,0,0,0,0,0,1,0,1,0,0,0,1,1,1,1,1,1,1,0,1,0,0,0
619,Texas,2022-06-30,2022-07-01,0,0,0,0,0,0,0,0,0,0,0,0,0,0,0,0,0,0,0,1,0,0,0
620,Texas,2022-07-01,2022-08-22,0,0,0,0,0,1,0,1,0,0,0,1,1,1,1,1,1,1,0,1,0,0,0
621,Texas,2022-08-22,2022-08-23,0,0,0,0,0,0,0,0,0,0,0,0,0,0,0,0,0,0,0,1,0,0,0
622,Texas,2022-08-23,2022-08-24,0,0,0,0,0,1,0,1,0,0,0,1,1,1,1,1,1,1,0,1,0,0,0
623,Texas,2022-08-24,2022-08-25,0,0,0,0,0,0,0,0,0,0,0,0,0,0,0,0,0,0,0,1,0,0,0
624,Texas,2022-08-25,2022-08-28,0,0,0,0,0,1,0,1,0,0,0,1,1,1,1,1,1,1,0,1,0,0,0
625,Texas,2022-08-28,2022-08-29,0,0,0,0,0,0,0,0,0,0,0,0,0,0,0,0,0,0,0,1,0,0,0
626,Texas,2022-08-29,2022-11-01,0,0,0,0,0,1,0,1,0,0,0,1,1,1,1,1,1,1,0,1,0,0,0
627,Texas,2022-11-01,2023-02-23,0,0,0,0,0,1,0,1,0,0,0,1,1,1,1,1,1,1,0,0,0,0,0
628,Texas,2023-02-23,2023-02-24,0,0,0,0,0,0,0,0,0,0,0,0,0,0,0,0,0,0,0,0,0,0,0
629,Texas,2023-02-24,2023-06-01,0,0,0,0,0,1,0,1,0,0,0,1,1,1,1,1,1,1,0,0,0,0,0
630,Utah,2018-12-01,2019-05-13,0,0,0,0,0,0,0,0,0,0,0,0,0,0,0,0,0,0,0,1,1,0,1
631,Utah,2019-05-13,2019-05-14,0,0,0,0,0,0,0,0,0,0,0,0,0,0,0,0,0,0,0,0,0,0,0
632,Utah,2019-05-14,2022-06-01,0,0,0,0,0,0,0,0,0,0,0,0,0,0,0,0,0,0,0,1,1,0,1
633,Utah,2022-06-01,2022-06-23,0,0,0,0,0,1,0,0,0,0,1,0,1,0,1,0,1,1,0,1,1,0,1
634,Utah,2022-06-23,2022-06-24,0,0,0,0,0,0,0,0,0,0,0,0,0,0,0,0,0,0,0,1,1,0,1
635,Utah,2022-06-24,2022-06-25,0,0,0,0,0,0,0,0,0,0,0,0,0,0,0,0,0,0,0,1,1,0,1
636,Utah,2022-06-25,2022-06-26,0,0,0,0,0,1,0,1,0,0,1,0,1,0,1,0,1,1,0,1,1,0,1
637,Utah,2022-06-26,2022-06-27,0,0,0,0,0,0,0,0,0,0,0,0,0,0,0,0,0,0,0,1,1,0,1
638,Utah,2022-06-27,2022-07-10,0,0,0,0,0,1,0,1,0,0,1,0,1,0,1,0,1,1,0,1,1,0,1
639,Utah,2022-07-10,2022-07-11,0,0,0,0,0,0,0,0,0,0,0,0,0,0,0,0,0,0,0,1,1,0,1
640,Utah,2022-07-11,2022-08-31,0,0,0,0,0,1,0,1,0,0,1,0,1,0,1,0,1,1,0,1,1,0,1
641,Utah,2022-08-31,2022-09-01,0,0,0,0,0,0,0,0,0,0,0,0,0,0,0,0,0,0,0,1,1,0,1
642,Utah,2022-09-01,2022-11-01,0,0,0,0,0,1,0,1,0,0,1,0,1,0,1,0,1,1,0,1,1,0,1
643,Utah,2022-11-01,2023-05-02,0,0,0,0,0,1,0,1,0,0,1,0,1,0,1,0,1,1,0,0,0,0,0
644,Utah,2023-05-02,2023-05-03,0,0,0,0,0,0,0,0,0,0,0,0,0,0,0,0,0,0,0,0,0,0,0
645,Utah,2023-05-03,2023-06-01,0,0,0,0,0,1,0,1,0,0,1,0,1,0,1,0,1,1,0,0,0,0,0
646,Vermont,2018-12-01,2019-06-09,0,0,0,0,0,0,0,0,0,0,0,0,0,0,0,0,0,0,0,0,0,0,0
647,Vermont,2019-06-09,2019-06-10,0,0,0,0,0,0,0,0,0,0,0,0,0,0,0,0,0,0,0,0,0,0,0
648,Vermont,2019-06-10,2022-06-01,0,0,0,0,0,0,0,0,0,0,0,0,0,0,0,0,0,0,0,0,0,0,0
649,Vermont,2022-06-01,2022-11-01,1,0,0,0,0,0,0,0,0,0,0,0,0,0,0,0,0,0,0,0,0,0,0
650,Vermont,2022-11-01,2022-11-07,1,0,0,0,0,0,0,0,0,0,0,0,0,0,0,0,0,0,0,0,0,0,0
651,Vermont,2022-11-07,2022-11-08,0,0,0,0,0,0,0,0,0,0,0,0,0,0,0,0,0,0,0,0,0,0,0
652,Vermont,2022-11-08,2022-12-12,1,0,0,0,0,0,0,0,0,0,0,0,0,0,0,0,0,0,0,0,0,0,0
653,Vermont,2022-12-12,2022-12-13,0,0,0,0,0,0,0,0,0,0,0,0,0,0,0,0,0,0,0,0,0,0,0
654,Vermont,2022-12-13,2023-05-09,1,0,0,0,0,0,0,0,0,0,0,0,0,0,0,0,0,0,0,0,0,0,0
655,Vermont,2023-05-09,2023-05-10,0,0,0,0,0,0,0,0,0,0,0,0,0,0,0,0,0,0,0,0,0,0,0
656,Vermont,2023-05-10,2023-06-01,1,0,0,0,0,0,0,0,0,0,0,0,0,0,0,0,0,0,0,0,0,0,0
657,Virginia,2018-12-01,2019-06-30,0,0,0,0,0,0,0,0,0,0,0,0,0,0,0,0,0,0,0,1,1,1,0
658,Virginia,2019-06-30,2019-07-01,0,0,0,0,0,0,0,0,0,0,0,0,0,0,0,0,0,0,0,0,0,0,0
659,Virginia,2019-07-01,2020-06-30,0,0,0,0,0,0,0,0,0,0,0,0,0,0,0,0,0,0,0,1,1,1,0
660,Virginia,2020-06-30,2020-07-01,0,0,0,0,0,0,0,0,0,0,0,0,0,0,0,0,0,0,0,0,0,0,0
661,Virginia,2020-07-01,2020-11-08,0,0,0,0,0,0,0,0,0,0,0,0,0,0,0,0,0,0,0,1,1,1,0
662,Virginia,2020-11-08,2020-11-09,0,0,0,0,0,0,0,0,0,0,0,0,0,0,0,0,0,0,0,0,0,0,0
663,Virginia,2020-11-09,2021-06-30,0,0,0,0,0,0,0,0,0,0,0,0,0,0,0,0,0,0,0,1,1,1,0
664,Virginia,2021-06-30,2021-07-01,0,0,0,0,0,0,0,0,0,0,0,0,0,0,0,0,0,0,0,0,0,0,0
665,Virginia,2021-07-01,2022-06-01,0,0,0,0,0,0,0,0,0,0,0,0,0,0,0,0,0,0,0,1,1,1,0
666,Virginia,2022-06-01,2022-06-30,1,0,0,0,0,1,0,0,0,0,0,0,0,0,1,0,0,0,0,1,1,1,0
667,Virginia,2022-06-30,2022-07-01,1,0,0,0,0,1,0,0,0,0,0,0,0,0,1,0,0,0,0,0,0,0,0
668,Virginia,2022-07-01,2022-11-01,1,0,0,0,0,1,0,0,0,0,0,0,0,0,1,0,0,0,0,1,1,1,0
669,Virginia,2022-11-01,2023-06-01,1,0,0,0,0,1,0,0,0,0,0,0,0,0,1,0,0,0,0,0,0,0,0
670,Washington,2018-12-01,2022-06-01,0,0,1,1,0,0,0,0,0,0,0,0,0,0,0,0,0,0,0,0,0,0,0
671,Washington,2022-06-01,2022-06-08,1,0,1,1,0,0,0,0,0,0,0,0,0,0,0,0,0,0,0,0,0,0,0
672,Washington,2022-06-08,2022-06-09,0,0,0,0,0,0,0,0,0,0,0,0,0,0,0,0,0,0,0,0,0,0,0
673,Washington,2022-06-09,2022-06-29,1,0,1,1,0,0,0,0,0,0,0,0,0,0,0,0,0,0,0,0,0,0,0
674,Washington,2022-06-29,2022-06-30,0,0,1,1,0,0,0,0,0,0,0,0,0,0,0,0,0,0,0,0,0,0,0
675,Washington,2022-06-30,2022-11-01,1,0,1,1,0,0,0,0,0,0,0,0,0,0,0,0,0,0,0,0,0,0,0
676,Washington,2022-11-01,2023-04-26,1,0,0,0,0,0,0,0,0,0,0,0,0,0,0,0,0,0,0,0,0,0,0
677,Washington,2023-04-26,2023-04-27,0,0,0,0,0,0,0,0,0,0,0,0,0,0,0,0,0,0,0,0,0,0,0
678,Washington,2023-04-27,2023-06-01,1,0,0,0,0,0,0,0,0,0,0,0,0,0,0,0,0,0,0,0,0,0,0
679,West Virginia,2018-12-01,2022-06-01,0,0,0,0,0,0,0,0,0,0,0,0,0,0,0,0,0,0,0,1,0,0,0
680,West Virginia,2022-06-01,2022-06-09,0,0,0,0,0,1,0,1,0,0,0,0,0,1,1,0,1,0,0,1,0,0,0
681,West Virginia,2022-06-09,2022-06-10,0,0,0,0,0,0,0,0,0,0,0,0,0,0,0,0,0,0,0,1,0,0,0
682,West Virginia,2022-06-10,2022-06-28,0,0,0,0,0,1,0,1,0,0,0,0,0,1,1,0,1,1,0,1,0,0,0
683,West Virginia,2022-06-28,2022-06-29,0,0,0,0,0,0,0,0,0,0,0,0,0,0,0,0,0,0,0,1,0,0,0
684,West Virginia,2022-06-29,2022-07-17,0,0,0,0,0,1,0,1,0,0,0,0,0,1,1,0,1,1,0,1,0,0,0
685,West Virginia,2022-07-17,2022-07-18,0,0,0,0,0,0,0,0,0,0,0,0,0,0,0,0,0,0,0,1,0,0,0
686,West Virginia,2022-07-18,2022-07-19,0,0,0,0,0,1,0,1,0,0,0,0,0,1,1,0,1,1,0,1,0,0,0
687,West Virginia,2022-07-19,2022-07-20,0,0,0,0,0,0,0,0,0,0,0,0,0,0,0,0,0,0,0,1,0,0,0
688,West Virginia,2022-07-20,2022-09-12,0,0,0,0,0,1,0,1,0,0,0,0,0,1,1,0,1,1,0,1,0,0,0
689,West Virginia,2022-09-12,2022-09-13,0,0,0,0,0,0,0,0,0,0,0,0,0,0,0,0,0,0,0,0,0,0,0
690,West Virginia,2022-09-13,2022-11-01,0,0,0,0,0,1,0,1,0,0,0,0,0,1,1,0,1,1,0,1,0,0,0
691,West Virginia,2022-11-01,2022-12-11,0,0,0,0,0,1,0,1,0,0,0,0,0,1,1,0,1,1,0,0,0,0,0
692,West Virginia,2022-12-11,2022-12-12,0,0,0,0,0,0,0,0,0,0,0,0,0,0,0,0,0,0,0,0,0,0,0
693,West Virginia,2022-12-12,2023-04-23,0,0,0,0,0,1,0,1,0,0,0,0,0,1,1,0,1,1,0,0,0,0,0
694,West Virginia,2023-04-23,2023-04-24,0,0,0,0,0,0,0,0,0,0,0,0,0,0,0,0,0,0,0,0,0,0,0
695,West Virginia,2023-04-24,2023-06-01,0,0,0,0,0,1,0,1,0,0,0,0,0,1,1,0,1,1,0,0,0,0,0
696,Wisconsin,2018-12-01,2019-11-22,0,0,0,0,0,0,0,0,0,0,0,0,0,0,0,0,0,0,0,1,1,0,1
697,Wisconsin,2019-11-22,2019-11-23,0,0,0,0,0,0,0,0,0,0,0,0,0,0,0,0,0,0,0,0,0,0,0
698,Wisconsin,2019-11-23,2022-06-01,0,0,0,0,0,0,0,0,0,0,0,0,0,0,0,0,0,0,0,1,1,0,1
699,Wisconsin,2022-06-01,2022-06-27,1,0,0,0,0,1,0,1,0,0,0,0,1,0,1,0,0,0,0,1,1,0,1
700,Wisconsin,2022-06-27,2022-06-28,0,0,0,0,0,0,0,0,0,0,0,0,0,0,0,0,0,0,0,1,1,0,1
701,Wisconsin,2022-06-28,2022-09-27,1,0,0,0,0,1,0,1,0,0,0,0,1,0,1,0,0,0,0,1,1,0,1
702,Wisconsin,2022-09-27,2022-09-28,0,0,0,0,0,0,0,0,0,0,0,0,0,0,0,0,0,0,0,1,1,0,1
703,Wisconsin,2022-09-28,2022-11-01,1,0,0,0,0,1,0,1,0,0,0,0,1,0,1,0,0,0,0,1,1,0,1
704,Wisconsin,2022-11-01,2023-06-01,1,0,0,0,0,1,0,1,0,0,0,0,1,0,1,0,0,0,0,0,0,0,0
705,Wyoming,2018-12-01,2019-04-08,0,0,0,0,0,0,0,0,0,0,0,0,0,0,0,0,0,0,0,1,1,0,0
706,Wyoming,2019-04-08,2019-04-09,0,0,0,0,0,0,0,0,0,0,0,0,0,0,0,0,0,0,0,0,0,0,0
707,Wyoming,2019-04-09,2019-10-27,0,0,0,0,0,0,0,0,0,0,0,0,0,0,0,0,0,0,0,1,1,0,0
708,Wyoming,2019-10-27,2019-10-28,0,0,0,0,0,0,0,0,0,0,0,0,0,0,0,0,0,0,0,0,0,0,0
709,Wyoming,2019-10-28,2021-05-12,0,0,0,0,0,0,0,0,0,0,0,0,0,0,0,0,0,0,0,1,1,0,0
710,Wyoming,2021-05-12,2021-05-13,0,0,0,0,0,0,0,0,0,0,0,0,0,0,0,0,0,0,0,0,0,0,0
711,Wyoming,2021-05-13,2021-06-30,0,0,0,0,0,0,0,0,0,0,0,0,0,0,0,0,0,0,0,1,1,0,0
712,Wyoming,2021-06-30,2021-07-01,0,0,0,0,0,0,0,0,0,0,0,0,0,0,0,0,0,0,0,0,0,0,0
713,Wyoming,2021-07-01,2022-03-14,0,0,0,0,0,0,0,0,0,0,0,0,0,0,0,0,0,0,0,1,1,0,0
714,Wyoming,2022-03-14,2022-03-15,0,0,0,0,0,0,0,0,0,0,0,0,0,0,0,0,0,0,0,0,0,0,0
715,Wyoming,2022-03-15,2022-06-01,0,0,0,0,0,0,0,0,0,0,0,0,0,0,0,0,0,0,0,1,1,0,0
716,Wyoming,2022-06-01,2022-07-21,0,0,0,0,0,0,0,0,0,0,0,0,1,0,1,0,0,1,0,1,1,0,0
717,Wyoming,2022-07-21,2022-07-22,0,0,0,0,0,0,0,0,0,0,0,0,0,0,0,0,0,0,0,1,1,0,0
718,Wyoming,2022-07-22,2022-07-26,0,0,0,0,0,0,0,0,0,0,0,0,1,0,1,0,0,1,0,1,1,0,0
719,Wyoming,2022-07-26,2022-07-27,0,0,0,0,0,0,0,0,0,0,0,0,0,0,0,0,0,0,0,0,0,0,0
720,Wyoming,2022-07-27,2022-07-28,0,0,0,0,0,0,0,0,0,0,0,0,0,0,0,0,0,0,0,1,1,0,0
721,Wyoming,2022-07-28,2022-08-09,0,0,0,0,0,1,0,1,0,0,0,0,1,0,1,0,0,1,0,1,1,0,0
722,Wyoming,2022-08-09,2022-08-10,0,0,0,0,0,0,0,0,0,0,0,0,0,0,0,0,0,0,0,1,1,0,0
723,Wyoming,2022-08-10,2022-11-01,0,0,0,0,0,1,0,1,0,0,0,0,1,0,1,0,0,1,0,1,1,0,0
724,Wyoming,2022-11-01,2023-03-16,0,0,0,0,0,1,0,1,0,0,0,0,1,0,1,0,0,1,0,0,0,0,0
725,Wyoming,2023-03-16,2023-03-17,0,0,0,0,0,0,0,0,0,0,0,0,0,0,0,0,0,0,0,0,0,0,0
726,Wyoming,2023-03-17,2023-04-16,0,0,0,0,0,1,0,1,0,0,0,0,1,0,1,1,1,1,0,0,0,0,0
727,Wyoming,2023-04-16,2023-04-17,0,0,0,0,0,0,0,0,0,0,0,0,0,0,0,0,0,0,0,0,0,0,0
728,Wyoming,2023-04-17,2023-06-01,0,0,0,0,0,1,0,1,0,0,0,0,1,0,1,1,1,1,0,0,0,0,0
