State,Year,Abortion_Restricted,Inadequate Prenatal Care,No Cancer Screen,Infant Mortality,Maternal Mortality,Maternity Care Desert,Maternity Practices Score,No Postpartum Visit,Unintended Pregnancy,No Preventative,Patients Per Doctor
AK,2022,1,34.7,46.2,6.9,24.9,6.8,-82.0,14.200000000000005,20.73333333333333,29.299999999999997,963.3911368015416
AK,2023,1,33.400000000000006,46.2,6.9,23.4,6.8,-82.0,13.799999999999995,18.7,29.299999999999997,950.5703422053232
AR,2022,1,26.700000000000003,53.3,8.0,38.3,13.8,-76.0,14.300000000000011,32.3,25.299999999999997,3355.7046979865772
AR,2023,1,25.799999999999997,53.3,8.0,35.3,13.8,-76.0,15.700000000000005,32.3,26.799999999999997,3289.4736842105262
AZ,2022,1,28.299999999999997,54.6,5.8,30.0,0.1,-77.0,11.599999999999994,28.0,33.400000000000006,2463.054187192118
AZ,2023,1,27.700000000000003,54.6,5.9,30.4,0.1,-77.0,12.200000000000005,28.0,33.400000000000006,2493.7655860349128
CA,2022,0,26.200000000000003,51.1,4.1,10.5,0.1,-87.0,12.5,31.2,28.700000000000003,2358.490566037736
CA,2023,0,25.5,51.1,4.1,10.1,0.1,-87.0,12.5,31.2,28.700000000000003,2298.8505747126437
CO,2022,0,28.200000000000003,44.9,4.8,16.0,1.7,-86.0,8.400000000000006,24.0,31.200000000000003,1597.444089456869
CO,2023,0,30.09999999999999,44.9,4.5,17.0,1.7,-86.0,8.0,33.9,31.200000000000003,1577.2870662460568
CT,2022,0,16.900000000000006,46.3,4.4,15.6,0.0,-87.0,5.849999999999994,19.75,21.09999999999999,1600.0
CT,2023,0,15.799999999999995,46.3,4.4,16.2,0.0,-87.0,6.599999999999994,20.6,21.09999999999999,1584.7860538827258
DE,2022,0,23.200000000000003,52.6,6.2,18.9,0.0,-93.0,11.0,27.2,24.0,2169.1973969631235
DE,2023,0,21.40000000000001,52.6,6.8,18.9,0.0,-93.0,11.099999999999994,27.2,24.0,2159.8272138228945
FL,2022,1,35.599999999999994,50.3,6.0,24.1,0.9,-83.0,10.633333333333326,37.9,27.299999999999997,2463.054187192118
FL,2023,1,34.0,50.3,6.0,24.5,0.9,-83.0,10.599999999999994,37.9,29.09999999999999,2444.987775061125
GA,2022,1,25.200000000000003,42.7,7.0,32.1,4.9,-78.0,10.0,18.95,28.59999999999999,2197.802197802198
GA,2023,1,24.40000000000001,42.7,7.0,30.4,4.9,-78.0,10.700000000000005,10.0,29.799999999999997,2145.9227467811156
HI,2022,1,37.0,53.3,5.3,16.1,0.0,-75.0,7.599999999999994,21.4,27.700000000000003,1650.16501650165
HI,2023,1,37.6,53.3,5.3,16.6,0.0,-75.0,8.0,24.2,27.700000000000003,1628.6644951140065
IA,2022,1,15.099999999999994,45.8,5.2,19.7,10.1,-73.0,8.099999999999994,20.4,23.200000000000003,2710.027100271003
IA,2023,1,15.900000000000006,45.8,5.2,19.7,10.1,-73.0,7.799999999999997,20.4,23.5,2652.519893899204
IL,2022,0,21.700000000000003,54.4,5.8,18.1,2.8,-80.0,7.099999999999994,27.5,23.5,2028.397565922921
IL,2023,0,21.90000000000001,54.4,5.8,20.0,2.8,-80.0,7.400000000000006,27.5,23.5,1996.007984031936
IN,2022,1,20.799999999999997,47.5,6.8,30.9,5.6,-83.0,7.5,7.1,22.90000000000001,2444.987775061125
IN,2023,1,20.799999999999997,47.5,6.8,31.4,5.6,-83.0,7.5,7.1,22.90000000000001,2415.458937198068
KS,2022,1,16.799999999999997,42.4,5.6,23.1,7.0,-82.0,7.900000000000006,29.0,26.90000000000001,2564.102564102564
KS,2023,1,16.700000000000003,42.4,5.5,23.1,7.0,-82.0,9.0,29.0,25.799999999999997,2439.0243902439024
KY,2022,1,20.700000000000003,47.8,6.0,34.6,15.6,-74.0,10.200000000000005,29.1,26.5,2538.0710659898477
KY,2023,1,21.0,47.8,6.2,31.4,15.6,-74.0,10.900000000000006,29.1,26.09999999999999,2518.8916876574303
LA,2022,1,25.40000000000001,42.3,7.3,37.3,5.4,-82.0,7.599999999999994,36.8,19.700000000000003,2557.544757033248
LA,2023,1,24.90000000000001,42.3,7.3,40.7,5.4,-82.0,4.299999999999997,36.8,19.700000000000003,2421.3075060532688
MA,2022,0,21.200000000000003,45.3,3.3,14.4,0.0,-88.0,7.200000000000003,17.7,20.799999999999997,1706.4846416382252
MA,2023,0,18.40000000000001,45.3,3.3,14.4,0.0,-88.0,6.900000000000006,17.7,20.799999999999997,1675.041876046901
MD,2022,0,27.0,48.4,5.8,21.4,0.4,-82.0,7.966666666666683,27.9,23.299999999999997,1785.7142857142858
MD,2023,0,25.5,48.4,5.8,21.4,0.4,-82.0,7.099999999999994,27.9,23.299999999999997,1757.469244288225
MI,2022,1,22.200000000000003,42.6,6.3,18.7,1.2,-80.0,9.799999999999995,24.8,21.200000000000003,1811.5942028985503
MI,2023,1,22.40000000000001,42.6,6.3,18.7,1.2,-80.0,10.5,21.4,21.200000000000003,1769.9115044247787
MN,2022,0,19.799999999999997,48.9,4.7,12.3,2.3,-81.0,7.450000000000003,20.65,28.09999999999999,1776.1989342806396
MN,2023,0,19.59999999999999,48.9,4.6,14.1,2.3,-81.0,7.099999999999994,21.0,28.09999999999999,1721.170395869191
MO,2022,1,21.799999999999997,47.3,6.3,25.4,8.7,-80.0,10.700000000000005,31.9,26.0,2364.066193853428
MO,2023,1,22.0,47.3,6.5,25.4,8.7,-80.0,10.900000000000006,22.4,26.0,2331.002331002331
MS,2022,1,19.09999999999999,52.9,9.0,39.7,20.7,-82.0,11.900000000000006,38.900000000000006,24.0,3164.5569620253164
MS,2023,1,19.09999999999999,52.9,9.0,39.7,20.7,-82.0,11.900000000000006,36.6,21.799999999999997,3154.5741324921137
MT,2022,1,20.700000000000003,43.9,4.8,30.5,7.3,-86.0,8.5,23.5,29.90000000000001,1805.0541516245487
MT,2023,1,21.200000000000003,43.9,5.1,32.5,7.3,-86.0,7.400000000000006,23.5,29.90000000000001,1811.5942028985503
NC,2022,1,24.0,39.8,6.8,26.7,2.7,-82.0,8.400000000000006,30.9,25.09999999999999,2141.327623126338
NC,2023,1,22.5,39.8,6.9,29.8,2.7,-82.0,8.400000000000006,30.9,25.09999999999999,2114.1649048625795
ND,2022,1,21.09999999999999,40.9,4.6,21.6,16.3,-79.0,6.799999999999997,20.7,26.299999999999997,2463.054187192118
ND,2023,1,20.799999999999997,40.9,4.6,24.1,16.3,-79.0,8.5,17.1,26.299999999999997,2409.6385542168673
NE,2022,1,20.09999999999999,45.8,5.7,23.7,7.2,-74.0,6.099999999999994,25.2,28.0,2463.054187192118
NE,2023,1,19.90000000000001,45.8,6.1,23.7,7.2,-74.0,7.0,19.8,28.0,2487.5621890547263
NH,2022,0,17.700000000000003,46.0,3.2,18.2,0.0,-91.0,6.76666666666668,20.3,26.59999999999999,1540.8320493066255
NH,2023,0,15.799999999999995,46.0,3.2,19.9,0.0,-91.0,5.299999999999997,19.6,27.40000000000001,1453.4883720930234
NJ,2022,0,27.09999999999999,49.6,3.6,26.0,0.0,-85.0,10.099999999999994,20.8,27.0,2197.802197802198
NJ,2023,0,26.5,49.6,3.6,23.9,0.0,-85.0,7.599999999999994,23.9,27.0,2164.5021645021643
NM,2022,0,34.3,49.7,5.3,28.0,3.0,-88.0,12.799999999999995,25.9,37.5,1510.5740181268882
NM,2023,0,32.7,49.7,5.2,28.5,3.0,-88.0,11.900000000000006,25.9,37.5,1510.5740181268882
NV,2022,0,26.700000000000003,55.8,5.2,20.4,3.4,-79.0,15.400000000000006,52.0,36.5,2873.5632183908046
NV,2023,0,26.700000000000003,55.8,5.2,22.7,3.4,-79.0,15.400000000000006,52.0,36.8,2840.9090909090905
NY,2022,0,24.299999999999997,55.9,4.2,22.4,0.2,-85.0,8.799999999999997,25.4,23.200000000000003,1841.620626151013
NY,2023,0,24.299999999999997,55.9,4.1,21.8,0.2,-85.0,8.700000000000003,25.4,23.200000000000003,1798.5611510791366
OH,2022,1,20.5,45.6,7.1,24.5,2.9,-84.0,10.099999999999994,21.8,24.700000000000003,2257.336343115124
OH,2023,1,20.5,45.6,7.1,25.4,2.9,-84.0,10.099999999999994,21.8,24.700000000000003,2178.649237472767
OK,2022,1,22.5,47.7,7.0,29.6,13.5,-85.0,12.549999999999995,34.0,29.799999999999997,3021.1480362537764
OK,2023,1,21.40000000000001,47.7,7.0,27.3,13.5,-85.0,13.099999999999994,34.0,29.09999999999999,2923.9766081871344
OR,2022,0,22.200000000000003,46.9,4.6,16.6,0.1,-87.0,9.150000000000006,17.25,29.200000000000003,1451.3788098693758
OR,2023,0,21.200000000000003,46.9,4.6,18.5,0.1,-87.0,9.099999999999994,16.3,29.200000000000003,1412.4293785310736
PA,2022,0,25.200000000000003,45.3,5.6,17.7,0.4,-82.0,10.599999999999994,22.4,21.200000000000003,2004.008016032064
PA,2023,0,25.5,45.3,5.6,17.7,0.4,-82.0,8.799999999999997,20.1,21.200000000000003,1996.007984031936
RI,2022,0,13.5,49.3,4.3,19.7,0.0,-96.0,3.5999999999999943,25.7,21.09999999999999,1655.6291390728477
RI,2023,0,16.099999999999994,49.3,4.3,19.7,0.0,-96.0,2.9000000000000057,19.6,21.40000000000001,1605.1364365971108
SC,2022,1,22.5,49.5,7.0,32.3,2.5,-80.0,11.400000000000006,37.0,28.700000000000003,2463.054187192118
SC,2023,1,20.5,49.5,6.9,31.5,2.5,-80.0,11.400000000000006,37.0,28.799999999999997,2457.002457002457
SD,2022,1,23.299999999999997,46.2,6.9,28.1,16.3,-73.0,9.900000000000006,25.0,26.09999999999999,2487.5621890547263
SD,2023,1,23.5,46.2,7.1,23.1,16.3,-73.0,10.700000000000005,25.0,26.700000000000003,2421.3075060532688
TN,2022,1,25.700000000000003,51.3,6.6,41.1,6.4,-72.0,9.349999999999994,34.6,26.799999999999997,2577.319587628866
TN,2023,1,26.299999999999997,51.3,6.6,42.1,6.4,-72.0,7.400000000000006,34.6,26.799999999999997,2475.2475247524753
TX,2022,1,30.299999999999997,53.1,5.8,28.2,3.7,-80.0,13.5,53.0,33.8,2624.6719160104985
TX,2023,1,31.200000000000003,53.1,5.8,29.3,3.7,-80.0,13.5,53.0,33.8,2583.9793281653747
UT,2022,1,18.0,51.0,5.1,15.5,0.7,-77.0,9.0,21.0,32.8,1968.503937007874
UT,2023,1,19.200000000000003,51.0,5.1,16.1,0.7,-77.0,7.799999999999997,19.5,32.8,1919.3857965451057
VA,2022,0,20.200000000000003,49.0,6.0,32.7,6.9,-81.0,8.299999999999997,23.9,25.200000000000003,2257.336343115124
VA,2023,0,20.5,49.0,6.0,33.4,6.9,-81.0,8.700000000000003,39.2,25.200000000000003,2207.505518763797
WA,2022,0,29.200000000000003,47.7,4.7,17.3,1.1,-86.0,9.0,22.0,31.59999999999999,1848.4288354898335
WA,2023,0,28.90000000000001,47.7,4.7,17.3,1.1,-86.0,9.0,20.2,31.59999999999999,1808.3182640144664
WI,2022,1,18.0,38.8,5.8,13.2,2.7,-82.0,6.400000000000006,24.7,26.299999999999997,2212.389380530973
WI,2023,1,17.799999999999997,38.8,5.8,16.4,2.7,-82.0,8.599999999999994,20.9,26.299999999999997,2145.9227467811156
WV,2022,1,19.799999999999997,47.0,6.5,23.9,18.6,-81.0,8.099999999999994,17.7,23.90000000000001,2518.8916876574303
WV,2023,1,17.900000000000006,47.0,6.5,24.4,18.6,-81.0,10.0,17.7,23.90000000000001,2439.0243902439024
WY,2022,1,25.200000000000003,47.6,5.5,35.5,5.5,-75.0,5.0,24.2,34.3,2127.659574468085
WY,2023,1,24.5,47.6,4.7,35.5,5.5,-75.0,7.400000000000006,24.2,34.3,2164.5021645021643
