Abortion_Restricted,Inadequate Prenatal Care,No Cancer Screen,Infant Mortality,Maternal Mortality,Maternity Care Desert,Maternity Practices Score,No Postpartum Visit,Severe Maternal Morbidity,Unintended Pregnancy,No Preventative,Patients Per Doctor
1,-0.4180120132731154,-0.03862175458906901,0.9936115740250515,0.3531085490883667,1.5460503098340979,-0.6037664072376039,1.3716802711119742,-0.6972191268520797,0.7989879189580634,0.4586226145231392,1.505118852563184
1,2.0466511265256835,0.5773790034786246,0.20861541705720774,-0.001039573746089101,-0.7299693364293516,-0.23493839277446585,0.4521321525448048,0.7714884459857535,1.2219946330954143,0.4586226145231392,0.5138117275434998
0,0.3252990923804899,-0.6072378389592503,-0.10538304572993007,-0.8611135863440531,-0.8202875763604408,-0.05052438554289681,0.4521321525448048,0.8697662761384708,-0.4591858974504681,-1.305804749022524,-0.3988324655622915
1,1.3229008394419086,1.2407644352438356,0.05161618566363883,0.4669418742851559,-0.2241871928152517,0.3183036289202413,1.5188079700827233,-0.4788239487349298,2.8597898596272096,1.5083452232148646,0.8856829630662202
1,0.3644207295201546,-1.3180079444219752,1.2291104211154045,1.6179232734971367,0.08289482295045185,-0.05052438554289681,-0.6513255897357985,-0.40784551584685624,1.1026850470566743,-1.6408226028603086,0.7467577389807318
0,-1.004836570368068,-0.6072378389592503,-1.9108742067559708,-1.278502445398947,-0.8925421683053123,-1.157008428932311,-0.9087990629346017,1.2246584405788394,-0.9689632196159937,-1.395142843379267,-1.079655181885878
0,-1.5134178531836961,-0.37031447047167537,-1.0473784340913421,-1.0508357950053686,-0.8925421683053123,-0.972594421700742,-1.0191448371626661,1.017183021367547,-0.6544197655138606,-1.3281392726117116,-1.2664470930917053
0,-0.26152546471446264,-0.22816044937913002,-0.8903792026977739,-1.0002432060290176,-0.8744785203190946,-0.972594421700742,-0.08120575622414923,-0.4897437076407874,-1.0177716866318418,0.4809571381123267,-1.5425444514718383
0,0.3839815480899845,-0.6072378389592503,-0.10538304572993007,-0.8611135863440531,-0.8202875763604408,-0.05052438554289681,-0.2099424928235561,0.8697662761384708,-0.7086513955314697,-1.305804749022524,-0.41538919543500236
1,0.26661663667099583,-1.3180079444219752,1.2291104211154045,2.0479602797961194,0.08289482295045185,-0.05052438554289681,-1.8651291062444608,-0.40784551584685624,1.1026850470566743,-1.6408226028603086,0.464803446417883
1,0.5404680966486387,0.8143023719661996,0.6796131112379138,2.225034341213347,0.2635313028126304,1.7936156867727935,-0.7248894392211678,-0.03111383359477239,0.8640658749791945,-0.055071428028128984,0.5764367897491921
0,1.2837792023022438,-0.70200718635428,-0.968878818394558,-0.949650617052667,-0.5854601525396088,-0.788180414469173,-0.5041978907650492,1.000803383008761,0.7881415929545414,0.9276476098960394,-1.28196687008974
0,-1.9633166802898254,0.34045563499104964,-1.1258780497881269,-0.608150641462299,-0.8925421683053123,-2.632320486784863,-2.1226025794432695,1.0499422980851192,-0.10125713933424792,-1.3281392726117116,-1.1198314514513306
1,0.8143195566262836,1.596149487975198,0.13011580136042364,0.7452011136550852,-0.8744785203190946,0.8715456506149484,1.040642948427797,-0.4406047925644284,0.1482083587467541,1.419007128858124,0.6147614537523749
1,-0.8679108403792486,1.19337976154632,2.5636038879607392,1.9214788073552422,2.846632964841783,-0.05052438554289681,0.930297174199737,-0.811876595363583,1.3304578931306332,-0.680438088525327,2.003019852348718
1,-0.20284300900496793,-1.9103163656409128,0.9151119583282674,0.6693122301905593,-0.40482367267743025,-0.05052438554289681,-0.35707019179430005,0.09992327327551784,0.4627518128488868,-0.4347583290442862,-0.17085364598308056
1,0.3252990923804899,-1.223238597026944,0.9936115740250515,0.9602196168045766,-0.007423416980637424,0.6871316433833793,0.23144060408868625,0.6186118213037488,-0.833384144571971,0.34694999657721104,0.002240669947643303
1,-0.45713365041278015,-0.938930554841855,-0.497881124213852,1.0108122057809272,0.426104134688591,-0.788180414469173,-0.7248894392211678,-0.4788239487349298,-0.3398763114117279,0.6372988032366276,-0.7970488136692613
0,0.6773938266374608,0.12722460335223248,0.05161618566363883,-0.39313213831280813,-0.8202875763604408,-0.05052438554289681,-0.5164585323459389,0.7987878432503972,0.1373620327432321,-0.8367797536496262,-0.850609449169362
0,0.3839815480899845,0.7669176982686856,-1.2828772811816957,-1.8223727768947184,-0.8744785203190946,-0.972594421700742,1.1509887226558555,1.1809794049554094,0.4952907908594523,0.36928452016639857,0.21136866850507058
1,-1.0830798446473966,0.7432253614199278,-0.497881124213852,-1.1393728257139826,-0.7660966324017874,0.8715456506149484,-0.13637864333818148,-1.5544202009618926,-0.6110344614997735,1.2849999873230082,-0.47231110236943097
1,-1.337370486055209,-1.2943156075732174,-0.18388266142671417,-0.17811363516331677,0.37191319072993745,-0.05052438554289681,-0.13637864333818148,-1.0739508091041627,0.2566716187819723,-0.2784166639199853,0.5014700079673533
1,2.7508405950396266,1.2881491089413497,-0.3408818928202831,-1.0002432060290176,-0.8925421683053123,1.2403736650780863,-0.5041978907650492,1.2901769940139844,-0.26395202938707524,0.1459392842745422,-1.1756370189957126
1,0.4231031852296486,0.8143023719661996,0.6796131112379138,2.09855286877247,0.2635313028126304,1.7936156867727935,-0.007641906738779873,-0.03111383359477239,0.8640658749791945,-0.055071428028128984,0.7876833913337508
1,-0.5353769246921075,-0.08600642828658468,0.8366123426314827,0.8716825860959623,0.11902211892288743,-0.23493839277446585,-0.6881075144784831,-0.12393178429456124,-2.118673775989307,-0.9261178480063669,0.45269934799978134
0,-1.5134178531836961,-0.4413914810179472,-1.9893738224527548,-0.5828543469741236,-0.8925421683053123,-1.7102504506270182,-1.497309858817593,-0.4897437076407874,-0.7628830255490788,0.07893571350698673,-1.538178537449738
0,-0.4180120132731154,1.122302751000048,0.8366123426314827,-0.7093358194150007,-0.8925421683053123,-2.079078465090156,0.6360417762582387,1.2301183200317678,0.061437750718579424,-0.680438088525327,-0.0763517096398126
1,-0.5353769246921075,-0.08600642828658468,0.8366123426314827,0.8084418498755238,0.11902211892288743,-0.23493839277446585,-0.6881075144784831,-0.12393178429456124,-2.118673775989307,-0.9261178480063669,0.5138117275434998
1,0.44266400379947995,1.2881491089413497,1.7786077309928954,1.3649603286153826,1.6002412537927515,1.0559596578465174,2.328010314421834,-1.0084322556690184,0.6146003768981921,-0.055071428028128984,2.26154537146813
1,0.1688125438218371,-1.223238597026944,0.9936115740250515,0.7452011136550852,-0.007423416980637424,0.6871316433833793,0.48891407728749536,0.6186118213037488,-1.804130321887174,0.61496427964744,-0.10512815763790231
0,-0.730985110390425,0.24568628759602,-0.8118795870009891,-1.544113537524789,-0.47707826462230174,0.13388962168867222,-0.7064984768498255,1.3283961501844859,-0.6489966025121,0.23527737863128284,-0.8703022583141594
0,0.9121236494754423,-0.70200718635428,-0.733379971304205,-1.076132089493544,-0.5854601525396088,-0.788180414469173,-0.35707019179430005,1.000803383008761,-0.2856446813941188,0.9276476098960394,-1.2402502384145113
1,-0.5940593804016029,0.3878403086885653,0.9151119583282674,0.8843307333400502,-0.440950968649866,0.3183036289202413,0.7463875504863031,-0.08025274867113143,1.1243776990637182,0.3916190437555837,0.538677108507725
0,0.5209072780788073,0.7669176982686856,-1.2828772811816957,-1.7717801879183677,-0.8744785203190946,-0.972594421700742,1.1509887226558555,1.1809794049554094,0.4952907908594523,0.36928452016639857,0.3347985780310034
1,-0.730985110390425,-0.20446811253037217,0.6011134955411297,-0.0769284572106155,2.4672963571312088,0.13388962168867222,-0.4674159660223645,-0.04203359250063004,-0.9689632196159937,-0.7027726121145105,0.6667620054141248
1,-0.26152546471446264,-1.2469309338757018,0.4441142641475607,-0.7346321139031761,-0.675778392470698,0.3183036289202413,0.157876754603311,0.34561784865731143,-0.19887407336594415,-1.305804749022524,-0.7970488136692613
1,-1.0830798446473966,-2.1472397341284877,0.05161618566363883,-1.4302802123279998,-0.40482367267743025,-0.05052438554289681,-1.0927086866480356,-0.686299367946222,-0.20972039936946613,-0.16674404597405715,0.03243005469514684
0,2.1053335822351777,0.435224982386081,-0.3408818928202831,0.44164557979698055,-0.3506327287187767,-1.157008428932311,1.2613344968839142,1.3229362707315566,-0.07956448732720435,2.3347225960147338,-1.420035057401562
1,0.18837336239166705,-0.062314091437826846,-0.8118795870009891,1.3902566231035585,0.10095847093666964,1.2403736650780863,-0.7248894392211678,-1.4943615269796764,-0.26395202938707524,1.6200178411607928,-0.0666765113951457
0,0.6969546452072914,0.41153264553732316,-1.6753753596656173,0.18868263491522647,-0.8925421683053123,-0.6037664072376039,0.26822252883137093,-0.2167497349943501,-0.6327271135068171,-0.010402380849757873,0.002240669947643303
1,-0.8679108403792486,1.19337976154632,2.5636038879607392,1.9214788073552422,2.846632964841783,-0.05052438554289681,0.930297174199737,-0.811876595363583,1.080992395049631,-1.1717976074874108,1.9823595584969043
1,-0.6723026546809311,-0.4887761547154629,-0.026883430033145268,-0.10222475169879082,0.4080404867023732,1.4247876723096555,-1.2030544608761,-1.4889016475267478,-0.15548876935185701,0.21294285504209848,0.5512016661608876
1,-0.007234823306650449,-0.39400680732043153,1.0721111897218356,-0.17811363516331677,2.0518324534481978,1.6092016795412245,0.48891407728749536,-2.4553003106951357,-0.17718142135890058,-0.07740595161731414,0.464803446417883
1,0.0905692695425083,-1.9103163656409128,0.8366123426314827,0.2772196656238403,-0.40482367267743025,-0.05052438554289681,-0.35707019179430005,0.09992327327551784,0.4627518128488868,-0.4347583290442862,-0.1146381472332748
1,-0.20284300900496793,-0.03862175458906901,0.9936115740250515,0.644015935702384,1.5460503098340979,-0.6037664072376039,1.1693796850271974,-0.6972191268520797,0.7989879189580634,0.61496427964744,1.7062231838732604
0,0.1492517252520037,1.9041498670090449,-1.2828772811816957,-0.342539549336457,-0.8564148723328766,-0.6037664072376039,-0.24672441756624075,1.928982890006648,-0.13379611734481345,-0.8591142772388114,-0.8240217955757866
1,0.3252990923804899,-0.062314091437826846,-0.18388266142671417,1.3902566231035585,0.10095847093666964,1.2403736650780863,-1.6076556330456524,-1.4943615269796764,-0.26395202938707524,1.6200178411607928,-0.1429253077744009
0,1.10773183517376,-0.03862175458906901,-0.8118795870009891,-0.9117061753204038,-0.6938420404569159,-0.788180414469173,-0.13637864333818148,0.651371098021321,-0.5025712014645553,1.0169857042527801,-0.7208164858779891
1,-0.3006471018541267,-0.13339110198410034,0.6011134955411297,0.11279375145070006,0.6789952064956408,0.3183036289202413,0.5624779267728693,0.3565376075631683,-0.4591858974504681,-0.23374761674161423,0.27790939531879655
0,0.6187113709279661,1.880457530160287,-0.4193815085170672,-0.5196136107536852,-0.2783781367739053,0.5027176361518103,2.2176645401937742,0.02894484038744351,2.7513265995919913,2.1113773601228774,1.4007841603004332
1,-0.47669446898261353,-1.64970066030458,-0.8903792026977739,-0.36783584382463236,2.0518324534481978,0.5027176361518103,-0.9455809876772916,-1.4070034557328166,-0.6435734395103391,-0.16674404597405715,0.5512016661608876
1,-0.8483500218094151,0.7432253614199278,-0.497881124213852,-1.063483942249456,-0.7660966324017874,0.8715456506149484,-0.5777617402504238,-1.5544202009618926,-0.7737293515526008,1.2849999873230082,-0.573965168688031
0,1.7923604851178712,0.435224982386081,-0.4193815085170672,0.5048863160174191,-0.3506327287187767,-1.157008428932311,0.930297174199737,1.3229362707315566,-0.07956448732720435,2.3347225960147338,-1.420035057401562
0,-0.45713365041278015,-0.6072378389592503,-1.9108742067559708,-1.278502445398947,-0.8925421683053123,-1.157008428932311,-0.7984532887065424,1.2246584405788394,-0.9689632196159937,-1.395142843379267,-1.0145817701372506
1,-1.1222014817870607,-2.1472397341284877,0.05161618566363883,-1.0255395005171932,-0.40482367267743025,-0.05052438554289681,-0.2835063423089307,-0.686299367946222,-0.6218807875032955,-0.16674404597405715,-0.10512815763790231
0,0.6187113709279661,1.880457530160287,-0.4193815085170672,-0.22870622413966787,-0.2783781367739053,0.5027176361518103,2.2176645401937742,0.02894484038744351,2.7513265995919913,2.178380930890434,1.3332037346302412
1,-0.5940593804016029,-0.5361608284129769,1.0721111897218356,0.11279375145070006,-0.3686963767049946,-0.41935240000603485,0.26822252883137093,0.3619974870160975,-0.5242638534715989,-0.5240964234010268,-0.03739797030180404
1,1.4989482065703947,1.2407644352438356,0.05161618566363883,0.6060714939701208,-0.2241871928152517,0.3183036289202413,1.5188079700827233,-0.4788239487349298,2.8597898596272096,1.5083452232148646,0.801466276837653
1,-0.2224038275747979,-1.2469309338757018,0.4441142641475607,-0.7346321139031761,-0.675778392470698,0.3183036289202413,0.4153502278021201,0.34561784865731143,-0.5676491574856863,-1.305804749022524,-0.8833146159791588
1,-0.4962552875524442,-0.014929417740312857,0.3656146484507766,0.8716825860959623,1.925386917544673,1.4247876723096555,0.5624779267728693,-0.1348515432004189,0.2675179447854943,-0.21141309315242984,0.6667620054141248
1,1.9292862151066938,-0.39400680732043153,0.9151119583282674,-0.14016919343105402,0.3357858947575017,-0.05052438554289681,1.629153744310782,1.4157542214313454,-0.8604999595807755,0.5032916617015118,-2.5790091202315817
0,-1.1417623003568913,-0.4413914810179472,-1.9893738224527548,-0.7978728501236145,-0.8925421683053123,-1.7102504506270182,-0.9578416292581812,-0.4897437076407874,-0.6869587435244262,-0.09974047520650169,-1.3574135517982142
1,-1.4938570346138622,-0.4887761547154629,-0.4193815085170672,-0.608150641462299,0.9318862783026909,1.6092016795412245,-0.5777617402504238,-1.0630310501983058,-0.6761124175209046,-0.7921107064712551,0.9433166634560618
1,0.6187113709279661,1.2881491089413497,1.7786077309928954,1.7444047459380136,1.6002412537927515,1.0559596578465174,1.8130633680242216,-1.0084322556690184,0.6146003768981921,-0.3900892818659135,2.3986159487193612
0,-0.3202079204239566,1.5487648142776824,0.05161618566363883,-0.5702061997300358,-0.38676002469121246,0.3183036289202413,-0.7248894392211678,0.22004062123994964,0.09397672872914496,-0.7921107064712551,-0.41538919543500236
0,1.049049379464266,-0.03862175458906901,-0.8118795870009891,-0.9117061753204038,-0.6938420404569159,-0.788180414469173,-0.13637864333818148,0.651371098021321,-0.6978050695279482,1.0169857042527801,-0.8038286409477545
1,-0.04635646044631381,-0.39400680732043153,0.9151119583282674,0.4542937270410684,2.0518324534481978,1.6092016795412245,0.19465867934600156,-2.4553003106951357,-0.17718142135890058,-0.21141309315242984,0.6019230090945918
0,-0.6527418361110976,0.26937862444477784,0.20861541705720774,1.036108500269103,0.35384954274371966,0.13388962168867222,-0.3938521165369899,-0.2604287706177799,-0.2964910073976408,-0.41242380545509866,0.12545152237086643
1,-1.6503435831725186,-0.4887761547154629,-0.4193815085170672,-0.608150641462299,0.9318862783026909,1.6092016795412245,-0.4674159660223645,-1.0630310501983058,-0.6761124175209046,-0.8591142772388114,1.0623325975944355
0,0.1492517252520037,1.9041498670090449,-1.204377665484911,-0.2666506658719311,-0.8564148723328766,-0.6037664072376039,-0.2099424928235561,1.928982890006648,-0.13379611734481345,-0.8591142772388114,-0.7349066398846115
0,-1.454735397474201,0.34045563499104964,-1.1258780497881269,-0.608150641462299,-0.8925421683053123,-2.632320486784863,-2.380076052642073,1.0499422980851192,-0.7628830255490788,-1.2611357018441514,-1.2243302878835554
1,2.35962422364299,0.5773790034786246,0.20861541705720774,-0.051632162722439735,-0.7299693364293516,-0.23493839277446585,0.46439279412569967,0.7714884459857535,1.2219946330954143,0.05660118991779919,0.5512016661608876
1,-0.7114242918205916,-0.4887761547154629,0.28711503275399186,-0.10222475169879082,0.4080404867023732,1.4247876723096555,-0.872017138191917,-1.4889016475267478,-0.7411903735420353,0.21294285504209848,0.6019230090945918
